aspect_ratio,solidity,extent,circularity,area_mm2,perimeter_mm,length_mm,width_mm,hu_0,hu_1,hu_2,hu_3,hu_4,hu_5,hu_6,glcm_contrast_mean,glcm_contrast_std,glcm_homogeneity_mean,glcm_homogeneity_std,glcm_energy_mean,glcm_energy_std,glcm_correlation_mean,glcm_correlation_std,lbp_bin_0,lbp_bin_1,lbp_bin_2,lbp_bin_3,lbp_bin_4,lbp_bin_5,lbp_bin_6,lbp_bin_7,lbp_bin_8,lbp_bin_9,lbp_bin_10,lbp_bin_11,lbp_bin_12,lbp_bin_13,lbp_bin_14,lbp_bin_15,lbp_bin_16,lbp_bin_17,lbp_bin_18,lbp_bin_19,lbp_bin_20,lbp_bin_21,lbp_bin_22,lbp_bin_23,lbp_bin_24,lbp_bin_25,color_L_mean,color_L_std,color_A_mean,color_A_std,color_B_mean,color_B_std,filepath,label,split
3.065934065934066,0.3857812923983409,0.1959903895387766,0.1371073503620071,12.44,33.76639940142631,13.95,4.55,-0.1381331665749667,-0.2158377027220509,0.3189931774150923,1.2641210238408334,-2.067365932652569,-1.159163298415658,2.6960064372378643,383.8321065576347,233.3349801404592,0.3736375412876516,0.0633281175956542,0.0936769300787411,0.0118017830402324,0.937862992825128,0.037592497746257,0.02764892578125,0.025390625,0.0107421875,0.00885009765625,0.00653076171875,0.00762939453125,0.00537109375,0.00665283203125,0.0076904296875,0.015625,0.0286865234375,0.0572509765625,0.07086181640625,0.05126953125,0.02825927734375,0.01458740234375,0.0072021484375,0.00616455078125,0.00262451171875,0.0047607421875,0.00225830078125,0.00372314453125,0.0042724609375,0.020751953125,0.025146484375,0.550048828125,101.35730482669258,24.51401886840899,130.45804988662132,1.3603098815577908,132.03045027534824,2.3159240634381093,/sessions/cool-youthful-allen/mnt/Research/color-histogram-analysis/dataset/segmented/bop1/004_particle0007.png,bop1,train
2.934065934065934,1.0,0.9853068280034571,0.5934361833018215,59.85,35.6,13.35,4.55,0.5614706485716108,1.3226854526619831,0.0,0.0,0.0,0.0,0.0,486.7809553391595,253.63071302218924,0.200046381860431,0.0522240217388456,0.0342553205024922,0.0052217235827787,0.942279824211532,0.030189397771827,0.0384521484375,0.04345703125,0.01580810546875,0.007568359375,0.0054931640625,0.00543212890625,0.0069580078125,0.00726318359375,0.0064697265625,0.0076904296875,0.01409912109375,0.0240478515625,0.04071044921875,0.0316162109375,0.01873779296875,0.00799560546875,0.00518798828125,0.0030517578125,0.0025634765625,0.00360107421875,0.00360107421875,0.006591796875,0.00897216796875,0.02874755859375,0.0311279296875,0.624755859375,227.8856359785723,14.850406477473866,129.93658901208423,1.2012370501374845,133.15211162327145,1.7727246959518046,/sessions/cool-youthful-allen/mnt/Research/color-histogram-analysis/dataset/segmented/op/003_particle0001.png,op,train
2.0163934426229506,0.8267209327233502,0.4000770062345432,0.3260880288567478,67.54,51.01736599206925,18.45,9.15,0.447064125181501,1.008716656532186,3.0461518231849047,3.4428621359311173,6.691112206397668,3.95363366008552,7.570999942878677,423.7813199807168,265.97048404496934,0.3352128460748618,0.0633820910682657,0.0545531593747084,0.0087562577059601,0.953461076350169,0.0291605263878522,0.01904296875,0.0299072265625,0.0120849609375,0.01171875,0.01129150390625,0.01324462890625,0.01104736328125,0.01348876953125,0.01519775390625,0.0205078125,0.027099609375,0.042724609375,0.04931640625,0.05401611328125,0.03106689453125,0.02081298828125,0.0106201171875,0.00775146484375,0.0048828125,0.00439453125,0.00445556640625,0.00592041015625,0.009521484375,0.01788330078125,0.026123046875,0.52587890625,103.73300892133008,25.188594506587236,130.32830494728304,1.1178352665589293,131.158799675588,2.486672834757467,/sessions/cool-youthful-allen/mnt/Research/color-histogram-analysis/dataset/segmented/opa/9_particle0004.png,opa,train
1.588235294117647,0.5060185977522962,0.1971899871059534,0.190187743336162,11.0875,27.066399377584457,9.45,5.95,0.1685656242001751,0.4496934969766498,0.897837753667568,1.582276571126488,3.157508605552541,2.7825570012443146,-2.8745186372478853,396.8596403917678,278.0044915492741,0.4660939629460041,0.0692484900005848,0.1333033833196127,0.0144062911928269,0.9338327629379894,0.0461620420645212,0.0181884765625,0.02215576171875,0.01123046875,0.01165771484375,0.009033203125,0.0081787109375,0.00823974609375,0.00909423828125,0.0103759765625,0.01434326171875,0.0291748046875,0.05706787109375,0.089599609375,0.07257080078125,0.0364990234375,0.022216796875,0.0126953125,0.009033203125,0.00506591796875,0.00732421875,0.00604248046875,0.00634765625,0.00689697265625,0.01812744140625,0.02703857421875,0.4718017578125,116.13144251296129,24.64529922928344,129.02958218969198,1.2923084597371588,131.259835315645,2.362963976237249,/sessions/cool-youthful-allen/mnt/Research/color-histogram-analysis/dataset/segmented/bop1/004_particle0029.png,bop1,train
0.6760204081632653,0.7916150373347413,0.3536243742780131,0.374173695858892,91.83625,55.53609970211983,19.6,13.25,0.4050464063721232,0.9171554456161928,2.4524844641152943,3.334584945133119,-6.579253881340192,-4.030497097638582,6.276164298669127,398.1457888354997,228.96370604153415,0.358537458178945,0.0596113371900757,0.0769995959997765,0.0084938215239829,0.9459225364215852,0.0310061498915215,0.01983642578125,0.02508544921875,0.00970458984375,0.00848388671875,0.00811767578125,0.0079345703125,0.005615234375,0.00677490234375,0.01373291015625,0.025146484375,0.0390625,0.0654296875,0.0853271484375,0.06768798828125,0.04351806640625,0.02099609375,0.009765625,0.00762939453125,0.00347900390625,0.0052490234375,0.0032958984375,0.0047607421875,0.00653076171875,0.01556396484375,0.0206298828125,0.47064208984375,121.64565141460008,27.32711517280082,129.8484107579462,1.035892751618947,134.05606007684247,3.0635088376022903,/sessions/cool-youthful-allen/mnt/Research/color-histogram-analysis/dataset/segmented/opa/6_particle0011.png,opa,train
0.5344418052256532,0.5209365299517865,0.1665347057271047,0.1563995460600769,39.4375,56.291377478837965,21.05,11.25,0.0460204973847184,0.1317390117746707,1.1709346814062305,1.969480463582078,-6.215825550946952,-2.408566093756479,3.539689000971665,370.2401352988282,244.0916567091827,0.4579992581494311,0.0678035236265192,0.1422720628667648,0.0136182418110373,0.9265055993853274,0.0482989944445497,0.015869140625,0.01849365234375,0.01141357421875,0.00885009765625,0.005859375,0.00445556640625,0.00457763671875,0.00653076171875,0.01507568359375,0.02252197265625,0.04083251953125,0.0751953125,0.0975341796875,0.07574462890625,0.03314208984375,0.01617431640625,0.00799560546875,0.00732421875,0.00390625,0.0037841796875,0.001953125,0.0040283203125,0.00653076171875,0.0177001953125,0.0240478515625,0.470458984375,123.1311781162574,24.288345581052603,130.7544295927883,1.065466543360731,134.11812247435498,2.435050848095076,/sessions/cool-youthful-allen/mnt/Research/color-histogram-analysis/dataset/segmented/opa/6_particle0006.png,opa,train
2.328125,0.6282018767435963,0.2597525167785235,0.2410296177347856,6.1925,17.96812390089035,7.45,3.2,0.1441412143953732,0.3262764234079712,1.5769342457515738,1.6917381672601917,3.3262118693401512,1.8619863350394028,-4.9253759164238415,126.42471357149309,86.08087914525545,0.3902587190291381,0.0758495833828997,0.0897039547594381,0.0127398738926954,0.9747519617565444,0.0171261725705877,0.018310546875,0.0184326171875,0.01275634765625,0.01153564453125,0.00897216796875,0.00994873046875,0.00555419921875,0.0076904296875,0.01177978515625,0.02362060546875,0.03912353515625,0.073486328125,0.1107177734375,0.07086181640625,0.0311279296875,0.01788330078125,0.0113525390625,0.01055908203125,0.0072021484375,0.00885009765625,0.00396728515625,0.005615234375,0.00811767578125,0.017333984375,0.0167236328125,0.4384765625,124.88728024819028,26.853526890526705,131.52817993795244,2.310105961185247,131.77998965873837,2.423481048587135,/sessions/cool-youthful-allen/mnt/Research/color-histogram-analysis/dataset/segmented/bop1/001_particle0051.png,bop1,train
0.8717948717948718,0.7363011051858722,0.2245239441930618,0.2744435542112196,11.90875,23.35132367014885,7.8,6.8,0.1736329280144866,0.3845973092555699,2.0317287996150406,2.1552930996362623,4.2489604752175785,2.351968088692164,-5.820105006899906,270.6126247832892,216.73289795725216,0.4662889946892012,0.0734030136716721,0.1165113738927395,0.0138369575471859,0.9600247965682444,0.0319005599669691,0.01348876953125,0.01885986328125,0.013916015625,0.00927734375,0.00970458984375,0.01019287109375,0.0074462890625,0.00677490234375,0.008544921875,0.01434326171875,0.030517578125,0.0643310546875,0.0916748046875,0.0731201171875,0.03778076171875,0.02606201171875,0.01141357421875,0.009521484375,0.004150390625,0.005126953125,0.0028076171875,0.0076904296875,0.01080322265625,0.017822265625,0.02386474609375,0.47076416015625,107.6067383096137,24.639365298192413,129.06418820795818,1.028608269098584,127.44728434504792,2.05367858560512,/sessions/cool-youthful-allen/mnt/Research/color-histogram-analysis/dataset/segmented/bop1/001_particle0041.png,bop1,train
1.5735294117647058,0.8728148294742397,0.4546110500274876,0.4303736406439878,33.0775,31.077669161558152,10.7,6.8,0.5559108247060598,1.3284219581744006,2.6568144280547896,3.0758112540302744,5.942921134374298,3.750806264863797,-7.160159782293064,400.4483632979968,223.73514225413115,0.3473094596580383,0.053458557697879,0.0836048692476839,0.0090197898601946,0.9458336345324916,0.0302209500945689,0.023681640625,0.0308837890625,0.01318359375,0.01025390625,0.0069580078125,0.0062255859375,0.00604248046875,0.00726318359375,0.00872802734375,0.014892578125,0.0234375,0.03839111328125,0.04449462890625,0.0406494140625,0.02911376953125,0.02154541015625,0.0086669921875,0.0108642578125,0.0050048828125,0.00738525390625,0.00372314453125,0.0081787109375,0.00994873046875,0.02618408203125,0.03009033203125,0.564208984375,130.8246013667426,21.72291963796201,131.9886104783599,2.267462256615299,134.69604214123007,3.3179562977333363,/sessions/cool-youthful-allen/mnt/Research/color-histogram-analysis/dataset/segmented/op/006_particle0018.png,op,train
3.161290322580645,0.7069761967811222,0.4393972642820569,0.2791680779850888,30.035,36.76934316754341,14.7,4.65,0.3431225311830211,0.7760113260911732,1.88681700941603,2.530761351464497,4.8965951384501,3.51319299578117,-4.883726547893711,338.4561313326045,203.37272957301076,0.3095110867573949,0.0613626393183786,0.0473519578810424,0.0074528819331504,0.9407135095049052,0.0356168016969748,0.0245361328125,0.031494140625,0.0159912109375,0.0125732421875,0.01019287109375,0.0103759765625,0.00787353515625,0.0103759765625,0.014892578125,0.020751953125,0.0218505859375,0.03167724609375,0.0318603515625,0.033447265625,0.0213623046875,0.01361083984375,0.01019287109375,0.01080322265625,0.0074462890625,0.00677490234375,0.0068359375,0.007080078125,0.0107421875,0.0203857421875,0.02252197265625,0.5843505859375,137.57336751621173,25.26984828801661,130.93696275071633,1.083433219824205,133.5522545619062,3.72678849209769,/sessions/cool-youthful-allen/mnt/Research/color-histogram-analysis/dataset/segmented/op/001_particle0026.png,op,train
0.5707547169811321,0.7606104887157006,0.4565530952752222,0.3789336552729908,29.27875,31.16015491485596,10.6,6.05,0.5339690586116542,1.3272948075654387,2.065688123355758,2.772187257384049,5.326003760297018,3.7180009865864063,-5.358490024538896,343.6709380184302,195.93118056105357,0.354856634753718,0.0521137074179518,0.0956470901430976,0.0109286780879988,0.9570569337650244,0.0244229953034428,0.025390625,0.03167724609375,0.01776123046875,0.01239013671875,0.006103515625,0.00689697265625,0.0064697265625,0.0074462890625,0.00946044921875,0.01373291015625,0.02099609375,0.02703857421875,0.03509521484375,0.034912109375,0.017822265625,0.0128173828125,0.0078125,0.0084228515625,0.0029296875,0.005126953125,0.00439453125,0.0093994140625,0.0135498046875,0.0247802734375,0.0325927734375,0.60498046875,123.03925530379564,21.7224562709882,130.44898253716266,1.39387229405342,135.0731707317073,2.415311193749835,/sessions/cool-youthful-allen/mnt/Research/color-histogram-analysis/dataset/segmented/op/004_particle0026.png,op,train
0.9166666666666666,0.4466883038826782,0.3331540254617178,0.1727796034840741,18.58,36.76051189303398,7.8,7.15,0.347783044967657,1.2181608668205772,1.6008072572476424,2.095562875251892,-4.306417037904142,-3.180825180211469,-3.989028308548229,426.2624528040183,283.5587438982904,0.2812993821880949,0.0511702874803972,0.0442611228313969,0.0050426795276618,0.9457409579429752,0.0359946523793016,0.027587890625,0.032470703125,0.017333984375,0.01348876953125,0.01123046875,0.009765625,0.006103515625,0.00775146484375,0.01123046875,0.01751708984375,0.02728271484375,0.036865234375,0.04278564453125,0.03564453125,0.02264404296875,0.01513671875,0.0091552734375,0.01019287109375,0.009033203125,0.0064697265625,0.00555419921875,0.0069580078125,0.00897216796875,0.0191650390625,0.02117919921875,0.5684814453125,99.34792036270451,24.414350304693368,131.39049871870688,1.482895582880443,135.224127735068,2.2639787099046607,/sessions/cool-youthful-allen/mnt/Research/color-histogram-analysis/dataset/segmented/op/005_particle0022.png,op,train
0.6056910569105691,0.8051507963402237,0.3241119659518743,0.2760802301514403,29.7,36.76761864423752,12.3,7.45,0.3759452628093781,0.8469821978226156,2.061107375281696,2.361544568708075,4.577486040134143,2.804901855611431,-5.411442009729522,261.9474920591317,181.70082124408245,0.4251311285774521,0.0672581334281418,0.0976757061394177,0.0106615724531253,0.962372728561642,0.026010995211099,0.01336669921875,0.01690673828125,0.0108642578125,0.015625,0.01080322265625,0.00848388671875,0.0064697265625,0.01080322265625,0.01171875,0.01776123046875,0.03466796875,0.0699462890625,0.09661865234375,0.08734130859375,0.04400634765625,0.024169921875,0.01397705078125,0.01068115234375,0.00567626953125,0.005859375,0.00299072265625,0.0067138671875,0.00732421875,0.0184326171875,0.020751953125,0.42803955078125,119.47277878971867,27.197738473831173,131.50920866221412,1.275207758816568,130.62153410240842,2.6747853330538898,/sessions/cool-youthful-allen/mnt/Research/color-histogram-analysis/dataset/segmented/op/001_particle0031.png,op,train
0.9476190476190476,0.5419424480868108,0.228260349365877,0.2359213889530045,23.8475,35.6404109120369,10.5,9.95,0.3062787227836545,0.8035631579172802,1.2608818402384718,1.7191154925892755,3.211611946155545,2.129561677432683,4.179961299537225,340.6625542818002,212.0374425800993,0.513610008713278,0.0614794675892741,0.1830619373571566,0.0161386979300797,0.9367397553725196,0.0391899802335697,0.007568359375,0.0108642578125,0.007568359375,0.00640869140625,0.00537109375,0.00958251953125,0.0101318359375,0.0135498046875,0.01141357421875,0.01654052734375,0.03228759765625,0.072509765625,0.09088134765625,0.07708740234375,0.03460693359375,0.02276611328125,0.01129150390625,0.01513671875,0.00390625,0.00799560546875,0.0052490234375,0.00946044921875,0.00811767578125,0.02001953125,0.03759765625,0.45208740234375,133.09762100082034,26.182350747188693,131.17992890347278,1.5200426340676592,128.80995351380912,2.0367768301033813,/sessions/cool-youthful-allen/mnt/Research/color-histogram-analysis/dataset/segmented/op/001_particle0027.png,op,train
3.649122807017544,0.673320455033269,0.3968876518218623,0.2509015824160304,11.76375,24.273149180412293,10.4,2.85,0.1967530813738819,0.454926595279459,1.4524149074738544,2.232273323877544,4.793712567919489,-3.0791720773813256,4.082682434365934,358.3506748406264,204.74003201493863,0.3956161555698534,0.0688852629257304,0.1213844867658809,0.0155315502631477,0.9605361343156056,0.0224678706978098,0.01947021484375,0.02777099609375,0.01409912109375,0.01324462890625,0.0072021484375,0.00567626953125,0.00384521484375,0.005859375,0.0081787109375,0.015869140625,0.0281982421875,0.044921875,0.06005859375,0.060302734375,0.0308837890625,0.01861572265625,0.00811767578125,0.0101318359375,0.00592041015625,0.0047607421875,0.0030517578125,0.0062255859375,0.00970458984375,0.0272216796875,0.0263671875,0.5343017578125,111.71029335184863,20.68308189532716,129.63235549383788,1.3926511898406555,131.14841173407393,2.187929359945511,/sessions/cool-youthful-allen/mnt/Research/color-histogram-analysis/dataset/segmented/bop1/002_particle0021.png,bop1,train
0.5343283582089552,0.7139554511761036,0.3244559326273659,0.2933385224151166,48.64,45.64751763939857,16.75,8.95,0.3394274557912526,0.7829160894519157,1.7068357182736391,2.2740644413671984,4.343412097470839,2.931890903677556,4.522615514496772,406.5319453637769,252.2292450909629,0.3817084183137999,0.0634526165859512,0.0724674363946672,0.0101251978024871,0.9521469250318192,0.0295971849654915,0.01568603515625,0.020751953125,0.010009765625,0.00823974609375,0.00628662109375,0.0067138671875,0.00860595703125,0.01275634765625,0.01495361328125,0.0240478515625,0.0445556640625,0.06884765625,0.0867919921875,0.079833984375,0.043212890625,0.0218505859375,0.01202392578125,0.0101318359375,0.0032958984375,0.00372314453125,0.00238037109375,0.00360107421875,0.0067138671875,0.0162353515625,0.01715087890625,0.45159912109375,108.72090416588829,21.73906973980765,130.47095086867176,1.2688137954854266,126.16047076405754,2.4519730410576166,/sessions/cool-youthful-allen/mnt/Research/color-histogram-analysis/dataset/segmented/opa/5_particle0009.png,opa,train
2.45945945945946,0.5445062586926287,0.2971487971487971,0.2040128560785312,22.51125,37.237110167741776,13.65,5.55,0.2760951290132327,0.7336555677404021,0.8064408571160235,0.9339185981865264,1.805539052567794,1.3619625393868051,2.8939046418480068,341.7419566443357,193.02669710293648,0.3572820035949016,0.0575454330389695,0.0815281170722497,0.0090243324234402,0.9595102933370784,0.0227584084901059,0.02386474609375,0.0325927734375,0.01666259765625,0.0130615234375,0.00823974609375,0.0103759765625,0.00787353515625,0.0076904296875,0.00958251953125,0.013916015625,0.017822265625,0.036376953125,0.0460205078125,0.03851318359375,0.02069091796875,0.0130615234375,0.007080078125,0.0076904296875,0.00421142578125,0.0045166015625,0.00347900390625,0.0081787109375,0.01043701171875,0.02288818359375,0.0250244140625,0.59014892578125,101.1441304347826,25.954908396987847,130.85,1.674001973922269,134.7354347826087,2.354875798923456,/sessions/cool-youthful-allen/mnt/Research/color-histogram-analysis/dataset/segmented/op/002_particle0022.png,op,train
0.768,0.813998613998614,0.2447083333333333,0.2983484810393692,7.34125,17.584418994188308,6.25,4.8,0.3497892046207095,0.7694785246970026,2.6876011163099416,3.379356134497601,6.660192116020868,4.620825281597503,-6.496612148358915,278.08047473825826,215.22506445228527,0.4475213437709996,0.0737574814309319,0.1263311502917347,0.0157215162069551,0.9582755949364654,0.0321752602422648,0.0213623046875,0.02349853515625,0.0140380859375,0.01141357421875,0.01031494140625,0.0093994140625,0.0052490234375,0.0048828125,0.00469970703125,0.01104736328125,0.022705078125,0.0518798828125,0.07244873046875,0.06884765625,0.03277587890625,0.0189208984375,0.0091552734375,0.01129150390625,0.00518798828125,0.006591796875,0.004638671875,0.00885009765625,0.014404296875,0.02166748046875,0.02691650390625,0.5078125,111.5032751091703,24.82640582031323,132.28002183406113,1.5573723810148064,131.47134279475983,1.8591940042324384,/sessions/cool-youthful-allen/mnt/Research/color-histogram-analysis/dataset/segmented/bop1/003_particle0009.png,bop1,train
0.6164079822616408,0.7410866809941037,0.3217909043053805,0.3190118902886803,100.86375,63.03315597176552,22.55,13.9,0.3507200235198721,0.8273697675728101,1.705837655764279,2.28950329367604,4.411473950398365,3.036657772618893,-4.467508507361036,370.1260741005052,220.44795356165253,0.4663229305202661,0.0505107122488021,0.1733326480749623,0.0144142910572377,0.9512884210844824,0.0288998634205424,0.0159912109375,0.01165771484375,0.009033203125,0.0106201171875,0.00933837890625,0.00958251953125,0.0089111328125,0.01031494140625,0.00994873046875,0.01715087890625,0.02593994140625,0.04595947265625,0.07684326171875,0.059326171875,0.03765869140625,0.02301025390625,0.01708984375,0.0157470703125,0.00787353515625,0.00726318359375,0.007080078125,0.0106201171875,0.01416015625,0.02691650390625,0.033935546875,0.47802734375,124.0690895324626,24.6932181419758,131.1839863713799,1.268972261858552,128.7448419458641,2.3616777219822054,/sessions/cool-youthful-allen/mnt/Research/color-histogram-analysis/dataset/segmented/opa/3_particle0001.png,opa,train
2.024793388429752,0.3610741233910342,0.1646483386743127,0.1245217856919487,12.2025,35.091882795095444,12.25,6.05,-0.081382331582074,-0.0954704063875163,0.8718857442805645,0.8446653782215808,1.7029676832715472,0.7975110883458844,3.657719920144063,367.8288789228812,213.50006300673925,0.448405019376566,0.0674181047487703,0.1250065012433442,0.0152238950976826,0.9258277763335812,0.0428225119332017,0.01983642578125,0.02197265625,0.011474609375,0.010498046875,0.00543212890625,0.0047607421875,0.006591796875,0.00982666015625,0.00885009765625,0.01409912109375,0.02398681640625,0.04217529296875,0.078857421875,0.05181884765625,0.01971435546875,0.01318359375,0.00537109375,0.0074462890625,0.003173828125,0.004150390625,0.00140380859375,0.005126953125,0.00830078125,0.02410888671875,0.0272216796875,0.57061767578125,119.88207024029576,30.80698591109936,130.53641404805916,1.4249769873637068,133.13752310536043,2.440329771116019,/sessions/cool-youthful-allen/mnt/Research/color-histogram-analysis/dataset/segmented/bop1/006_particle0008.png,bop1,train
0.8148148148148148,0.5333572310511013,0.3131079311634867,0.2343200391406742,16.73875,29.96137414574623,8.1,6.6,0.4655001447975965,1.77207100368466,1.5900976949111183,2.0698390030924685,4.5972360328193576,3.2307240905195944,-3.90873619542337,310.3151179342781,188.36732293991253,0.4163131787580535,0.0605686955627927,0.1063814277894188,0.0132313992567898,0.9578176981529672,0.0255208751908572,0.0181884765625,0.0234375,0.00982666015625,0.0126953125,0.01287841796875,0.0133056640625,0.0107421875,0.01116943359375,0.010009765625,0.012939453125,0.021484375,0.0413818359375,0.05743408203125,0.0614013671875,0.030517578125,0.0205078125,0.012451171875,0.0089111328125,0.0048828125,0.0069580078125,0.0062255859375,0.0074462890625,0.010498046875,0.023193359375,0.025146484375,0.5263671875,118.78077641685697,24.49822158198699,130.75565704795517,1.4010441511981868,132.71413742993565,2.8060023167604875,/sessions/cool-youthful-allen/mnt/Research/color-histogram-analysis/dataset/segmented/op/007_particle0000.png,op,train
3.56140350877193,0.7309743396699918,0.5034569181574626,0.2953792914882544,14.56375,24.89152572154999,10.15,2.85,0.3307679760768458,0.755684495325132,2.1650880896361397,3.0525306699781205,-6.319506689719458,-3.7280795967128433,5.672082901942747,339.95384835388967,221.1699336276144,0.3023312392958815,0.0809198077757352,0.0567091813058363,0.0099945265764805,0.9648493190093252,0.0228505525144774,0.01708984375,0.0245361328125,0.01568603515625,0.0125732421875,0.0089111328125,0.01202392578125,0.01434326171875,0.019287109375,0.02099609375,0.025390625,0.03228759765625,0.05084228515625,0.07489013671875,0.0552978515625,0.0311279296875,0.0205078125,0.01068115234375,0.0093994140625,0.0074462890625,0.003662109375,0.003173828125,0.00750732421875,0.01190185546875,0.0169677734375,0.019775390625,0.47369384765625,104.84916123665604,20.679728473860507,129.5524746984611,1.6905060381430947,129.90198253154028,2.1644475436586177,/sessions/cool-youthful-allen/mnt/Research/color-histogram-analysis/dataset/segmented/bop1/004_particle0031.png,bop1,train
1.0859375,0.7180051959787642,0.3572673111510791,0.3808455018202241,15.89125,22.89863247871399,6.95,6.4,0.4834012085037937,1.170452015169043,2.214469009742828,3.0094006961060247,6.48128532311183,-4.087679626174886,-5.625514108877386,347.1125778565076,213.55569709219145,0.391708715398295,0.0574573474643102,0.0823325641635689,0.0101232539081254,0.9552249459813904,0.0274560608222036,0.01824951171875,0.0218505859375,0.00970458984375,0.00946044921875,0.009033203125,0.0096435546875,0.0113525390625,0.01226806640625,0.01324462890625,0.01995849609375,0.0284423828125,0.0489501953125,0.05645751953125,0.04693603515625,0.02880859375,0.01995849609375,0.01104736328125,0.01092529296875,0.0067138671875,0.0062255859375,0.00347900390625,0.005615234375,0.0087890625,0.02166748046875,0.0220947265625,0.53912353515625,117.98189622993654,21.213437658186667,129.82362821948487,1.3840886914053685,131.60339678984695,2.3912017629844384,/sessions/cool-youthful-allen/mnt/Research/color-histogram-analysis/dataset/segmented/op/003_particle0017.png,op,train
0.6734006734006734,0.5122419320841792,0.3886700336700336,0.16758470504944,57.7175,65.78721447587013,14.85,10.0,0.3980275047607501,1.2891717944466132,2.048643503278083,2.480620739452751,5.129398269490235,-3.497339969891792,-4.785843103455936,574.6539790669549,303.86473431666985,0.3435758762937156,0.0505421572736065,0.1071754797844705,0.0093615072864463,0.9225357965110196,0.0408166474905592,0.0240478515625,0.0272216796875,0.0152587890625,0.0130615234375,0.01019287109375,0.01220703125,0.0087890625,0.00799560546875,0.01324462890625,0.01953125,0.03265380859375,0.0501708984375,0.05096435546875,0.04290771484375,0.02294921875,0.01641845703125,0.0086669921875,0.01019287109375,0.005859375,0.0069580078125,0.0062255859375,0.00665283203125,0.01025390625,0.02508544921875,0.0257568359375,0.5267333984375,126.30437611843176,27.522389874592054,130.56547909549374,1.137124731059845,130.3644054010086,3.0274953850954334,/sessions/cool-youthful-allen/mnt/Research/color-histogram-analysis/dataset/segmented/opa/4_particle0010.png,opa,train
2.425,0.5480073076662832,0.2609213917525773,0.2089580879434029,10.12375,24.67436842918396,9.7,4.0,0.1487732701918443,0.3582442612030283,2.1810151987673203,2.0822004674828944,4.219402133620176,2.3105240365937343,5.0111216219822206,255.75723821997872,165.09695696569784,0.463736161969291,0.0611199653255445,0.1288085814671517,0.0144615621961931,0.9576491029093812,0.0272230680201798,0.0145263671875,0.01983642578125,0.01080322265625,0.01031494140625,0.006591796875,0.00518798828125,0.00701904296875,0.009521484375,0.0111083984375,0.01910400390625,0.02459716796875,0.05181884765625,0.08978271484375,0.067138671875,0.02587890625,0.0169677734375,0.00775146484375,0.0067138671875,0.00372314453125,0.00457763671875,0.00299072265625,0.00726318359375,0.00927734375,0.0247802734375,0.02630615234375,0.51641845703125,122.16425855513307,24.80741313862117,129.66539923954372,1.3102237152793934,132.18859315589353,1.9022824454880425,/sessions/cool-youthful-allen/mnt/Research/color-histogram-analysis/dataset/segmented/bop1/002_particle0042.png,bop1,train
2.377551020408163,0.5195659782989149,0.3250416046246825,0.2452348073408256,18.555,30.83502859473229,11.65,4.9,0.1831183545071919,0.4772531633496593,1.235589402366092,2.10654497585769,-3.9702782487744095,-2.421040059601095,-3.8928431757126503,304.7673847832626,174.81202184927417,0.324096442224651,0.0595538323565552,0.0733078024164823,0.0087973624402997,0.9587977382238572,0.0235280305915259,0.02349853515625,0.02996826171875,0.01934814453125,0.00970458984375,0.00531005859375,0.0057373046875,0.0069580078125,0.00982666015625,0.01055908203125,0.01654052734375,0.02655029296875,0.04473876953125,0.06134033203125,0.0447998046875,0.02685546875,0.01483154296875,0.0076904296875,0.00482177734375,0.00335693359375,0.0040283203125,0.00335693359375,0.005615234375,0.0087890625,0.0260009765625,0.0272216796875,0.55255126953125,109.0834013050571,24.0136537122911,129.57340946166394,1.205071240761371,129.82850734094615,1.3673522801760771,/sessions/cool-youthful-allen/mnt/Research/color-histogram-analysis/dataset/segmented/bop1/003_particle0039.png,bop1,train
0.4231974921630094,0.7190030835959472,0.492708696156972,0.2708870220911981,53.04625,49.60645317435264,15.95,6.75,0.5715753866680613,1.427225094737333,3.2006156370144105,4.173778497435752,-8.352618644611411,-5.073543888576219,7.88480302507543,631.865169130171,347.7468922487628,0.2827287416852735,0.0520671929012158,0.0488952510991487,0.0076081895426928,0.920826364371138,0.0435239341541015,0.023193359375,0.02899169921875,0.01800537109375,0.01824951171875,0.0135498046875,0.01312255859375,0.00958251953125,0.01165771484375,0.01263427734375,0.02239990234375,0.029541015625,0.045166015625,0.04425048828125,0.037841796875,0.02392578125,0.0157470703125,0.00927734375,0.00726318359375,0.00360107421875,0.00341796875,0.0040283203125,0.00604248046875,0.00872802734375,0.02325439453125,0.0260009765625,0.54052734375,122.89544621826748,31.4098566901379,129.87555613713687,0.8839087466428157,132.42436534938497,4.073210927688697,/sessions/cool-youthful-allen/mnt/Research/color-histogram-analysis/dataset/segmented/opa/8_particle0013.png,opa,train
1.1806451612903226,0.4758068453688784,0.1717786003878018,0.1983732720095467,12.18125,27.7785314142704,9.15,7.75,0.032721685249514,0.1390127456342717,0.8629283202682698,1.7941189067220735,-3.181713438872953,-1.9023127932573196,3.434199139030331,346.697105959095,236.32844827396235,0.5064796052970348,0.066552114469208,0.1506851953701973,0.014156329494445,0.9306544344384868,0.047053540234362,0.01580810546875,0.02386474609375,0.01275634765625,0.0101318359375,0.0086669921875,0.00726318359375,0.00494384765625,0.00604248046875,0.007568359375,0.012451171875,0.0284423828125,0.05279541015625,0.08514404296875,0.0723876953125,0.0418701171875,0.0272216796875,0.015625,0.01287841796875,0.005859375,0.0048828125,0.00335693359375,0.00518798828125,0.008544921875,0.02349853515625,0.0296630859375,0.47314453125,120.6444286728176,20.81790766297653,128.85770049680625,0.9885680655185,129.09829666430093,1.8501119050025503,/sessions/cool-youthful-allen/mnt/Research/color-histogram-analysis/dataset/segmented/bop1/001_particle0018.png,bop1,train
0.7426470588235294,0.6566552901023891,0.3151572510192195,0.3329445973608625,10.8225,20.21076457500458,6.8,5.05,0.357132136217577,0.8352588952159568,2.1200175134583543,2.7891488349828526,5.804232927286338,-3.8116260006440936,5.26082153172461,339.6115865377399,231.253641951018,0.3866065682881457,0.0702850127604248,0.0890667972685643,0.0118597482515042,0.9597863192698785,0.0273172367128271,0.02215576171875,0.02423095703125,0.0101318359375,0.010009765625,0.00775146484375,0.0101318359375,0.00927734375,0.01318359375,0.01751708984375,0.0223388671875,0.03240966796875,0.05682373046875,0.07275390625,0.052734375,0.03082275390625,0.021728515625,0.01470947265625,0.01171875,0.00738525390625,0.00469970703125,0.0054931640625,0.0076904296875,0.0118408203125,0.01715087890625,0.02459716796875,0.480712890625,102.90549169859514,22.26160322011411,129.57662835249042,1.3847765781423118,126.94870157513836,2.512660029854756,/sessions/cool-youthful-allen/mnt/Research/color-histogram-analysis/dataset/segmented/bop1/001_particle0017.png,bop1,train
1.4010695187165776,0.5552810987056614,0.2867698085479854,0.2484256333404222,35.125,42.15168068408966,13.1,9.35,0.3008195467780803,0.7691350678160481,1.2355968643196262,1.594357491771517,3.036982427487625,2.0856194337816105,-3.470559094759905,479.2181806046715,267.9412403602024,0.381410694529267,0.0598858458412266,0.073772436245229,0.0087413794404449,0.931087156620522,0.0383549018419758,0.02008056640625,0.0269775390625,0.01202392578125,0.00994873046875,0.00933837890625,0.0115966796875,0.01190185546875,0.01611328125,0.01470947265625,0.02313232421875,0.03424072265625,0.0555419921875,0.0667724609375,0.06024169921875,0.03302001953125,0.02459716796875,0.01531982421875,0.0140380859375,0.00543212890625,0.00543212890625,0.00341796875,0.00421142578125,0.00604248046875,0.022216796875,0.01922607421875,0.47442626953125,114.20644444444444,33.11423733116454,129.82822222222222,1.0119525436586856,132.94066666666666,3.2296941031620934,/sessions/cool-youthful-allen/mnt/Research/color-histogram-analysis/dataset/segmented/op/008_particle0014.png,op,train
0.2870813397129186,0.610388107301767,0.4731359649122807,0.1633036427840548,59.33125,67.5691949903965,20.9,6.0,0.2795054264377674,0.6724518334712383,1.8967933080495545,2.5642994195558004,5.100386593952999,-3.6806637614924624,-4.855832132083914,771.1476865322306,365.6314066094235,0.2948834643603464,0.0531003755698015,0.0735795724852152,0.0101016534677945,0.9001407573354736,0.0472813347133755,0.0238037109375,0.03057861328125,0.015869140625,0.01641845703125,0.0084228515625,0.0115966796875,0.01165771484375,0.0146484375,0.011474609375,0.01556396484375,0.0205078125,0.040771484375,0.05462646484375,0.0504150390625,0.0225830078125,0.01641845703125,0.0108642578125,0.00762939453125,0.0040283203125,0.003662109375,0.0025634765625,0.003662109375,0.0084228515625,0.0242919921875,0.02813720703125,0.5413818359375,133.4273769386379,33.078884938741304,130.28927848954822,1.1437771852434178,127.64383007417398,4.07019254169701,/sessions/cool-youthful-allen/mnt/Research/color-histogram-analysis/dataset/segmented/opa/5_particle0018.png,opa,train
1.32484076433121,0.6733784855695893,0.2534603135717785,0.2751824404790783,82.77,61.479602468013766,20.8,15.7,0.2802245052507042,0.641346019592243,1.8475069375907704,2.613158378530444,5.518203557691948,-3.3946751420493606,4.853427406581021,530.1767889685578,310.93598429610506,0.49227515006278,0.0514535252706137,0.2229231071745989,0.010663215578868,0.92592970918799,0.0432454174537798,0.0206298828125,0.02203369140625,0.007080078125,0.00653076171875,0.00726318359375,0.0078125,0.00830078125,0.00823974609375,0.01055908203125,0.015869140625,0.0218505859375,0.04718017578125,0.072021484375,0.06988525390625,0.02789306640625,0.02435302734375,0.01641845703125,0.0162353515625,0.0084228515625,0.0072021484375,0.002685546875,0.00775146484375,0.01318359375,0.04437255859375,0.0599365234375,0.4462890625,123.89506032324152,31.052266516602664,129.7068062827225,1.230018209928385,132.14067835192353,3.468405109522032,/sessions/cool-youthful-allen/mnt/Research/color-histogram-analysis/dataset/segmented/opa/2_particle0016.png,opa,train
0.8733333333333333,0.9078000757288904,0.4880407124681933,0.5458446675190272,23.975,23.493607234954837,7.5,6.55,0.6219223326293603,1.5164077011106083,4.0129049106823445,4.525352187682635,8.796073490745618,5.283585368291552,9.86257944892233,396.77105475888766,266.6815585039913,0.3563500447545394,0.0566151361178997,0.09485574816969,0.0108170582773186,0.9567716842397,0.0290321537567669,0.02716064453125,0.02581787109375,0.00970458984375,0.0072021484375,0.00994873046875,0.0089111328125,0.00677490234375,0.0091552734375,0.01055908203125,0.01458740234375,0.01971435546875,0.03485107421875,0.048095703125,0.053466796875,0.0262451171875,0.01922607421875,0.0086669921875,0.00799560546875,0.00396728515625,0.00634765625,0.00341796875,0.0086669921875,0.01483154296875,0.02655029296875,0.03314208984375,0.55499267578125,112.81390257252326,19.444062146326917,131.55418719211823,1.7725612644485602,130.95525451559934,2.204462813955317,/sessions/cool-youthful-allen/mnt/Research/color-histogram-analysis/dataset/segmented/opa/7_particle0003.png,opa,train
0.6444444444444445,0.6972140014287173,0.2908471690080885,0.3213231391905924,8.54,18.275230646133423,6.75,4.35,0.2696572805559482,0.6102875565467064,1.818606077355731,2.184939756460288,4.215153565259229,2.682896127079066,4.642183483141737,221.5848788486296,161.46401291043594,0.4833947347154681,0.0634523960027631,0.1844086692912077,0.0176233662127928,0.9573271531827028,0.0309870614576452,0.01287841796875,0.0218505859375,0.01513671875,0.01190185546875,0.00555419921875,0.00433349609375,0.00518798828125,0.00604248046875,0.006103515625,0.00946044921875,0.02294921875,0.080322265625,0.1038818359375,0.08441162109375,0.03216552734375,0.02349853515625,0.0126953125,0.01953125,0.0067138671875,0.010986328125,0.01043701171875,0.02001953125,0.01971435546875,0.02386474609375,0.0457763671875,0.38458251953125,142.80645944633318,33.964816053141405,129.6930548810102,1.642385802494137,132.88319572608063,1.8444103988377007,/sessions/cool-youthful-allen/mnt/Research/color-histogram-analysis/dataset/segmented/bop1/002_particle0014.png,bop1,train
2.0793650793650795,0.432848985655262,0.1412213740458015,0.1418808913924141,11.655,32.12914116978645,13.1,6.3,-0.1435399454774946,-0.2516471629301027,0.5864061306548656,1.1016625945808745,2.0392151600417745,1.4349923323423626,-2.173709591999907,253.49484277323572,182.8365039497249,0.6017461972684452,0.0527823750308183,0.2992219226213302,0.0234871299759925,0.9344767069036528,0.0470132990155218,0.0157470703125,0.016845703125,0.0081787109375,0.0069580078125,0.00439453125,0.00421142578125,0.00396728515625,0.00506591796875,0.00384521484375,0.00714111328125,0.01422119140625,0.05126953125,0.08746337890625,0.0673828125,0.022705078125,0.01715087890625,0.008544921875,0.0147705078125,0.00421142578125,0.0076904296875,0.00341796875,0.01239013671875,0.01983642578125,0.0458984375,0.06793212890625,0.478759765625,132.9002601908066,23.680449446087955,129.75455333911535,1.3510262698261333,133.28360797918472,2.4088338778704887,/sessions/cool-youthful-allen/mnt/Research/color-histogram-analysis/dataset/segmented/bop1/004_particle0021.png,bop1,train
0.3049327354260089,0.4016141429669485,0.2756528620416776,0.1645555569607388,10.45,28.249242115020756,11.15,3.4,-0.0258002079459194,0.0692636252292389,0.1738165928992402,0.3985519525213202,0.690753319755119,0.5258348842496752,-1.466421566209121,418.3057325689504,276.0359776928045,0.316629831957341,0.0768811956370862,0.0496181663612049,0.0091123101285129,0.9358003566638736,0.0422602629910696,0.0245361328125,0.03546142578125,0.01324462890625,0.010986328125,0.00994873046875,0.010498046875,0.01019287109375,0.01397705078125,0.01318359375,0.02044677734375,0.02703857421875,0.03619384765625,0.04962158203125,0.044189453125,0.02117919921875,0.01690673828125,0.00714111328125,0.00665283203125,0.00384521484375,0.003662109375,0.00274658203125,0.0040283203125,0.007568359375,0.02008056640625,0.022705078125,0.56396484375,109.01815101645693,20.57722003065929,130.55300096805422,1.3271125360892857,132.01137463697967,2.0261161154000344,/sessions/cool-youthful-allen/mnt/Research/color-histogram-analysis/dataset/segmented/bop1/004_particle0034.png,bop1,train
0.5654008438818565,0.6177685413690089,0.3744095975817117,0.2787101916368367,29.72625,36.6099023103714,11.85,6.7,0.436543866351452,1.1335705627734387,1.861114223554145,2.118821436998753,4.125124944911423,3.0111865176928623,-4.678714484463238,481.42772813682734,283.880797324063,0.4046898121982564,0.0511451448048618,0.1181408745572101,0.0128037776895451,0.9464137516598964,0.0314985631402715,0.0224609375,0.02001953125,0.01580810546875,0.01519775390625,0.010986328125,0.01312255859375,0.00909423828125,0.0089111328125,0.01239013671875,0.01519775390625,0.01715087890625,0.03350830078125,0.04644775390625,0.052978515625,0.03021240234375,0.0281982421875,0.01751708984375,0.015869140625,0.0084228515625,0.00921630859375,0.00714111328125,0.012939453125,0.01336669921875,0.028564453125,0.0411376953125,0.494140625,113.17084558187793,27.84112060674472,129.37835033719523,1.032597648934622,130.25557669029916,3.453359043401846,/sessions/cool-youthful-allen/mnt/Research/color-histogram-analysis/dataset/segmented/op/008_particle0024.png,op,train
1.3313953488372092,0.6229970661250283,0.1401695948004468,0.1846972564320662,13.8025,30.64457395076752,11.45,8.6,-0.0756332179278245,-0.133143320035473,0.6655572127681006,0.7253310453416445,1.4208701273021462,0.6659403298430155,-3.1004456774335294,202.26779440488792,157.92431907533026,0.4548321961208904,0.0634709936077337,0.1153562959119434,0.0096504836580847,0.9487749077142824,0.039812470242591,0.02105712890625,0.0172119140625,0.00738525390625,0.009765625,0.00958251953125,0.0115966796875,0.00579833984375,0.005126953125,0.006103515625,0.011474609375,0.0281982421875,0.071044921875,0.1123046875,0.07659912109375,0.031005859375,0.01507568359375,0.0067138671875,0.00811767578125,0.00262451171875,0.00360107421875,0.0020751953125,0.00408935546875,0.007568359375,0.01934814453125,0.02093505859375,0.485595703125,117.68145869947276,27.370754420013743,130.13488576449913,1.1952582925442383,130.2060632688928,1.5991479946604608,/sessions/cool-youthful-allen/mnt/Research/color-histogram-analysis/dataset/segmented/bop1/001_particle0055.png,bop1,train
0.8615384615384616,0.504360853978276,0.1438644688644688,0.1592932692745642,11.7825,30.487719732522965,9.75,8.4,-0.032850812643768,-0.015025390472926,0.9980817117248684,1.588234726284369,3.0017630628394154,1.8396440731124772,-3.066922731099948,342.94520765507343,235.9925191848303,0.6675586221812766,0.045339015872285,0.3528536028727455,0.0179435372065882,0.9230980784488234,0.0526364006364978,0.01336669921875,0.01068115234375,0.00653076171875,0.00714111328125,0.008544921875,0.01220703125,0.00848388671875,0.008544921875,0.00909423828125,0.0152587890625,0.0181884765625,0.02996826171875,0.054443359375,0.07855224609375,0.03033447265625,0.03045654296875,0.0135498046875,0.0311279296875,0.01177978515625,0.0216064453125,0.01141357421875,0.02606201171875,0.01666259765625,0.02227783203125,0.16192626953125,0.341796875,125.7474533106961,23.7846230047277,128.51146010186758,1.4241863279169116,133.2453310696095,1.9715935400931115,/sessions/cool-youthful-allen/mnt/Research/color-histogram-analysis/dataset/segmented/bop1/005_particle0024.png,bop1,train
2.473684210526316,0.8326520367183018,0.5200671892497201,0.3618349228317652,29.02625,31.750104373693468,11.75,4.75,0.582467680302654,1.4410914836347943,2.582837250645478,3.6056315094263303,-6.947209888650994,-4.430747804930521,6.78364956669952,432.96865427709145,246.8490138261241,0.2765791061928661,0.0549830044393579,0.0433267055121859,0.006430629977739,0.95713540664797,0.0244460387325674,0.02655029296875,0.028564453125,0.01251220703125,0.007080078125,0.00604248046875,0.0087890625,0.01043701171875,0.0113525390625,0.0125732421875,0.015380859375,0.02178955078125,0.03277587890625,0.04852294921875,0.04400634765625,0.0308837890625,0.0206298828125,0.01409912109375,0.01300048828125,0.01007080078125,0.00640869140625,0.00531005859375,0.00604248046875,0.01055908203125,0.01849365234375,0.01727294921875,0.56085205078125,101.70893183598852,26.826610710007053,131.08487855837032,2.350709037055556,131.9761034212588,3.0819025178531416,/sessions/cool-youthful-allen/mnt/Research/color-histogram-analysis/dataset/segmented/op/003_particle0016.png,op,train
3.007142857142857,0.7031754846526656,0.4726331862911435,0.1816160714148816,69.6425,69.41686079502105,21.05,7.0,0.3693136947855254,0.8901122262077426,1.5671114918043012,1.6524069581642244,3.262452086638003,2.097632558589839,-4.702576549001462,605.8915256016595,377.0382829153049,0.293728218334414,0.063121289736263,0.0628568260564186,0.0100549763709649,0.9162236564569596,0.0521363754882728,0.01953125,0.03436279296875,0.01055908203125,0.01116943359375,0.01141357421875,0.015380859375,0.017822265625,0.01824951171875,0.02154541015625,0.02740478515625,0.0338134765625,0.0452880859375,0.05560302734375,0.0426025390625,0.0194091796875,0.01275634765625,0.01153564453125,0.009521484375,0.007080078125,0.0040283203125,0.00555419921875,0.00494384765625,0.01275634765625,0.02239990234375,0.02392578125,0.5013427734375,121.60075757575756,26.39680018547967,129.76742424242423,0.9768530341465884,132.48924242424243,2.9529963265921704,/sessions/cool-youthful-allen/mnt/Research/color-histogram-analysis/dataset/segmented/opa/9_particle0002.png,opa,train
0.847682119205298,0.7846020761245674,0.2815604304635761,0.3537630700186199,13.605,21.983556705713276,7.55,6.4,0.3369420727371033,0.7463989255852383,1.9989551334227569,2.1635715767937427,4.245879039134165,2.5570989991788835,5.404361382163566,380.63993621994575,264.8251638508761,0.4379871614667243,0.0627855088933714,0.1197169909419823,0.016220606268406,0.9516761728734316,0.0334919633081157,0.0228271484375,0.02252197265625,0.0125732421875,0.01507568359375,0.00726318359375,0.0068359375,0.005615234375,0.00823974609375,0.00921630859375,0.0150146484375,0.01788330078125,0.0399169921875,0.0509033203125,0.05517578125,0.02130126953125,0.01580810546875,0.008544921875,0.00836181640625,0.0042724609375,0.0045166015625,0.00262451171875,0.0054931640625,0.01092529296875,0.0223388671875,0.0269775390625,0.57977294921875,105.13203161320315,20.21032485143624,129.18270571827057,1.2681406407285591,131.6910739191074,1.7980591089809927,/sessions/cool-youthful-allen/mnt/Research/color-histogram-analysis/dataset/segmented/bop1/007_particle0001.png,bop1,train
0.7385892116182573,0.7549849447975912,0.5260501655088815,0.3985908353528792,56.41625,42.17386321425438,12.05,8.9,0.6174861764589011,1.7106218452761432,2.585811618393868,3.450739854807175,-7.690339520914834,-4.46270855978656,6.4698006304556674,445.80423744290056,250.2542070078809,0.2472121973809662,0.0449876846192217,0.0409638129133412,0.0045100708703399,0.9517194655473618,0.0270908973575664,0.02716064453125,0.03369140625,0.015625,0.01324462890625,0.0101318359375,0.00872802734375,0.0072021484375,0.00714111328125,0.010498046875,0.02154541015625,0.03204345703125,0.0484619140625,0.0615234375,0.0452880859375,0.02490234375,0.013916015625,0.008544921875,0.00469970703125,0.00372314453125,0.00323486328125,0.0025634765625,0.00244140625,0.00885009765625,0.02459716796875,0.0252685546875,0.53497314453125,105.35666335156638,27.12871444236567,130.08428642466436,1.4496717595210151,136.78319244157134,3.863565283570384,/sessions/cool-youthful-allen/mnt/Research/color-histogram-analysis/dataset/segmented/op/002_particle0013.png,op,train
2.7901234567901234,0.5749868212967844,0.2383371572162132,0.1892291341659172,10.9075,26.913708341121676,11.3,4.05,0.0455889138823777,0.1266175586036871,1.3155235662610671,1.6660683392181903,3.177515966876957,1.93257153684926,-3.6780078172184463,275.9602206435402,181.63238990350183,0.511565592043414,0.0588269584196046,0.1759595955488858,0.0176991809714391,0.9550179349091366,0.029468001146287,0.013671875,0.01544189453125,0.0084228515625,0.01312255859375,0.007568359375,0.0091552734375,0.0059814453125,0.00701904296875,0.00946044921875,0.01507568359375,0.02325439453125,0.0545654296875,0.08056640625,0.06585693359375,0.028076171875,0.01885986328125,0.01336669921875,0.01385498046875,0.00726318359375,0.009033203125,0.00579833984375,0.009521484375,0.01165771484375,0.02386474609375,0.041015625,0.488525390625,124.34740882917468,24.29884790685791,129.00520976144776,1.2522424103036156,128.9130792432136,1.835087901512835,/sessions/cool-youthful-allen/mnt/Research/color-histogram-analysis/dataset/segmented/bop1/003_particle0019.png,bop1,train
1.0601503759398496,0.4966070729479316,0.2029275315949448,0.2199182832875209,9.51375,23.31578978896141,7.05,6.65,0.1674808407243397,0.4376584615734145,1.0776318821499145,1.721418510149247,3.387945472920757,2.756979197726177,3.1960537403121605,256.7295096080781,169.57114181187552,0.4395398102458288,0.0680505068771205,0.1132380006644739,0.0135157744610045,0.9564640968244698,0.028629674460464,0.01837158203125,0.0196533203125,0.0125732421875,0.0098876953125,0.00634765625,0.00634765625,0.0050048828125,0.0068359375,0.00823974609375,0.0189208984375,0.032470703125,0.0595703125,0.08013916015625,0.06817626953125,0.044677734375,0.0242919921875,0.01300048828125,0.01007080078125,0.00665283203125,0.005859375,0.00433349609375,0.00653076171875,0.00823974609375,0.02099609375,0.0245361328125,0.478271484375,110.71810372255808,27.781098782051085,130.71237671014953,1.4769399949354385,129.80337257397392,2.2289053747996954,/sessions/cool-youthful-allen/mnt/Research/color-histogram-analysis/dataset/segmented/bop1/003_particle0041.png,bop1,train
1.3793103448275863,0.5019847328244275,0.1328663793103448,0.1616249118309149,6.165,21.893607199192047,8.0,5.8,-0.0704143694947424,-0.1071479252596158,0.7269939122804405,1.277931177737577,2.39754024196192,1.6638158599530497,-2.47035254603306,270.1634922263371,210.29518171232328,0.545494254570289,0.0699268251815596,0.2074554996650488,0.0190291221679823,0.9304565372595468,0.0538721954473577,0.0140380859375,0.01678466796875,0.0091552734375,0.00799560546875,0.008544921875,0.0074462890625,0.00457763671875,0.00445556640625,0.00439453125,0.0087890625,0.0233154296875,0.05877685546875,0.09100341796875,0.0775146484375,0.02923583984375,0.0157470703125,0.00775146484375,0.00909423828125,0.003173828125,0.00482177734375,0.003173828125,0.00787353515625,0.0142822265625,0.03485107421875,0.044921875,0.48828125,122.97411764705882,26.70604757658141,130.9515294117647,1.2023521123515044,131.48141176470588,2.134590828922587,/sessions/cool-youthful-allen/mnt/Research/color-histogram-analysis/dataset/segmented/bop1/003_particle0035.png,bop1,train
1.5454545454545454,0.6358201519491842,0.3791592394533571,0.3608345372704695,6.38125,14.90746375322342,5.1,3.3,0.3729012513100228,0.9427293322104432,1.8468378390738656,2.679496065791916,-5.227860300228332,-3.332878890641788,-5.01067731749908,191.1779207932434,126.2918688305506,0.4552546929790348,0.0592255261501944,0.1770846954891305,0.0138506962747085,0.9759663291975836,0.0158319380945149,0.01202392578125,0.015869140625,0.00732421875,0.01019287109375,0.0084228515625,0.0074462890625,0.00653076171875,0.00848388671875,0.00946044921875,0.0169677734375,0.0269775390625,0.06097412109375,0.11236572265625,0.08392333984375,0.03302001953125,0.02392578125,0.01300048828125,0.01593017578125,0.00830078125,0.010986328125,0.00634765625,0.01629638671875,0.0194091796875,0.023193359375,0.04290771484375,0.39971923828125,119.51919835175129,22.794474863814923,128.6325154523319,1.2470602492691394,126.75051507772991,1.6903860942677036,/sessions/cool-youthful-allen/mnt/Research/color-histogram-analysis/dataset/segmented/bop1/001_particle0036.png,bop1,train
0.8114285714285714,0.7019239578561612,0.3083098591549296,0.3298549396553014,19.15375,27.012846034765243,8.75,7.1,0.3835560656016227,0.8902650882737831,1.9504626547442525,2.82000831010095,-5.835889863288126,-3.5049798257736517,-5.217479828760283,320.620844083005,221.7307384746132,0.3991408368020381,0.0552156873573506,0.0984100993274777,0.0107748716971634,0.9651381868400088,0.0240199047651876,0.025634765625,0.02935791015625,0.0107421875,0.00701904296875,0.00445556640625,0.0035400390625,0.00537109375,0.00811767578125,0.00531005859375,0.00848388671875,0.01312255859375,0.0311279296875,0.052978515625,0.052001953125,0.02337646484375,0.01483154296875,0.00823974609375,0.00860595703125,0.0042724609375,0.00506591796875,0.003173828125,0.00579833984375,0.0107421875,0.02288818359375,0.0234375,0.6123046875,97.98983911939035,21.78788666069364,128.73624047417442,1.3719208175548685,129.10245554614733,1.7530915909025655,/sessions/cool-youthful-allen/mnt/Research/color-histogram-analysis/dataset/segmented/bop1/006_particle0003.png,bop1,train
0.5354969574036511,0.4751792462826263,0.2067390435798143,0.1744739191578193,67.26875,69.60594796538354,24.65,13.2,0.0979955467299918,0.2916567289398447,0.6070279215005101,0.831287236692387,1.5568460152437045,1.0385837334755672,2.3188840311641554,436.9305921677603,229.40516901732363,0.4342012183797641,0.0618313917756666,0.1201949641552716,0.0125514055415435,0.919769037709786,0.0418853953503546,0.02044677734375,0.021728515625,0.00958251953125,0.0084228515625,0.0078125,0.0069580078125,0.00689697265625,0.0079345703125,0.0101318359375,0.0159912109375,0.02960205078125,0.05352783203125,0.0748291015625,0.0584716796875,0.02496337890625,0.020751953125,0.008544921875,0.00872802734375,0.00531005859375,0.00433349609375,0.00201416015625,0.00518798828125,0.00823974609375,0.01861572265625,0.0205078125,0.54046630859375,124.40388460439874,27.0643383110963,130.23479005998286,1.1858205598167038,130.80519851471007,2.714078594735968,/sessions/cool-youthful-allen/mnt/Research/color-histogram-analysis/dataset/segmented/opa/5_particle0005.png,opa,train
0.4241071428571428,0.5912957792741008,0.4229793233082706,0.2531482178599613,22.5025,33.422034257650374,11.2,4.75,0.3770576228864518,0.9511770772123872,1.8937185397291008,2.563925302719126,5.689115993754517,-3.3092513811482407,-4.796275317496848,478.3825755855705,293.2882344414562,0.3612096510294191,0.0594216047817284,0.0907452467332214,0.0123246156406353,0.9484715449867152,0.0315284178652819,0.01959228515625,0.02081298828125,0.01800537109375,0.01873779296875,0.0107421875,0.01080322265625,0.00836181640625,0.0115966796875,0.014404296875,0.01971435546875,0.025634765625,0.04241943359375,0.06500244140625,0.05657958984375,0.029541015625,0.01861572265625,0.01220703125,0.01153564453125,0.0068359375,0.0078125,0.009033203125,0.0069580078125,0.00994873046875,0.02252197265625,0.0216064453125,0.5009765625,112.42284096271828,24.0096966787649,130.41560484505268,1.7069370533321342,131.97514550888783,3.1013521129483115,/sessions/cool-youthful-allen/mnt/Research/color-histogram-analysis/dataset/segmented/op/003_particle0009.png,op,train
0.5333333333333333,0.9017849589713224,0.5483539094650206,0.5204624746912472,13.325,17.93675308227539,6.75,3.6,0.6113658829597848,1.510537413129093,2.8375551261262744,3.8169055386879536,7.566066442533408,5.682662015973235,7.177712512134052,218.00666099745823,143.50807176633603,0.266591391657852,0.0651466098962496,0.0398845345893121,0.0060755365942217,0.976203494856554,0.0156630321104805,0.02520751953125,0.0272216796875,0.01641845703125,0.013427734375,0.01129150390625,0.0093994140625,0.00994873046875,0.0068359375,0.00848388671875,0.01544189453125,0.03179931640625,0.05230712890625,0.064208984375,0.05682373046875,0.03533935546875,0.02239990234375,0.0118408203125,0.0068359375,0.003662109375,0.00555419921875,0.00408935546875,0.00872802734375,0.0126953125,0.02301025390625,0.02117919921875,0.495849609375,94.16607495069032,25.316404723120463,130.7872452333991,1.9610192973974652,132.53070348454963,2.4690079175299267,/sessions/cool-youthful-allen/mnt/Research/color-histogram-analysis/dataset/segmented/op/007_particle0019.png,op,train
0.5985915492957746,0.2486072914463014,0.1460439105219552,0.1090555740384152,17.6275,45.068837869167325,14.2,8.5,-0.0834864900154368,0.253168352609749,-0.0765250749257136,0.6017928937045566,1.9912726722777312,-1.555397137001363,-0.8656409637960116,485.7872072603138,293.38484266249526,0.467815511839775,0.0620165338964324,0.1713560090963165,0.0126776904395343,0.8954607508149238,0.0627984620522087,0.0208740234375,0.0244140625,0.0087890625,0.00506591796875,0.00439453125,0.00567626953125,0.00628662109375,0.01092529296875,0.010498046875,0.0169677734375,0.03045654296875,0.055908203125,0.097900390625,0.05499267578125,0.02545166015625,0.01739501953125,0.009765625,0.01031494140625,0.0067138671875,0.00982666015625,0.00518798828125,0.0054931640625,0.0081787109375,0.02001953125,0.0247802734375,0.50372314453125,123.01361573373676,25.213682183013564,129.00794251134644,1.1591954940245257,129.0854765506808,2.4614026771358235,/sessions/cool-youthful-allen/mnt/Research/color-histogram-analysis/dataset/segmented/bop1/001_particle0023.png,bop1,train
0.5818815331010453,0.3995470968398554,0.1638152266894781,0.122104398853585,19.62875,44.94543612599373,14.35,8.35,0.0398052193404767,0.1931518960470536,0.632716532022341,1.4384290033194818,-4.395834715413776,-1.7958227156779607,2.474032896720845,454.0025885927813,267.94053074692835,0.4439747785187883,0.0557504417198062,0.1778141385640543,0.0196271316057422,0.9161460510609823,0.0493093587108424,0.01739501953125,0.0274658203125,0.0135498046875,0.00701904296875,0.0076904296875,0.01025390625,0.00738525390625,0.0052490234375,0.004150390625,0.01068115234375,0.01898193359375,0.05743408203125,0.08831787109375,0.079345703125,0.0396728515625,0.0311279296875,0.0146484375,0.01422119140625,0.00775146484375,0.00885009765625,0.00506591796875,0.01068115234375,0.01318359375,0.02752685546875,0.05047607421875,0.421875,136.57508400103387,35.08059412673552,128.3835616438356,1.580345366043503,132.30550529852675,2.346386427638464,/sessions/cool-youthful-allen/mnt/Research/color-histogram-analysis/dataset/segmented/bop1/005_particle0029.png,bop1,train
1.2611464968152866,0.3358529385454871,0.1207778421154217,0.1234544410128787,9.38625,30.90990227460861,9.9,7.85,-0.1690329089873396,-0.2197674047699345,-0.1163545015828079,0.3775800950712346,0.574042123952951,0.5193070310274546,0.7993879208083536,331.638086522727,232.662089641168,0.5453718279986408,0.0667939533247434,0.182982509598946,0.0223529869651313,0.9212832638971156,0.0549588071478061,0.02374267578125,0.02093505859375,0.01318359375,0.0087890625,0.00592041015625,0.007080078125,0.00677490234375,0.00811767578125,0.006591796875,0.01116943359375,0.02166748046875,0.03857421875,0.0565185546875,0.06201171875,0.02178955078125,0.01611328125,0.00921630859375,0.01171875,0.00555419921875,0.007080078125,0.005859375,0.011474609375,0.01470947265625,0.031005859375,0.0452880859375,0.52911376953125,115.83940149625936,32.90223019434236,127.7860349127182,1.428461840827854,132.00349127182045,1.9893702008571663,/sessions/cool-youthful-allen/mnt/Research/color-histogram-analysis/dataset/segmented/bop1/007_particle0034.png,bop1,train
1.2465753424657535,0.667738342362412,0.2205914329202,0.2516305923427073,32.97125,40.57802619934082,13.65,10.95,0.2377134313391449,0.5558247509807106,1.2125943402888382,1.521741820087579,2.901225411363237,1.8970379845924332,-3.518189491538489,439.1815310595879,255.3961450078264,0.4668071255789613,0.0583781404666791,0.1616954429179594,0.0133605355312326,0.9301637017738535,0.0405097465435588,0.01385498046875,0.01806640625,0.01055908203125,0.0103759765625,0.00775146484375,0.00665283203125,0.00579833984375,0.01153564453125,0.0118408203125,0.015625,0.02545166015625,0.05615234375,0.107421875,0.08831787109375,0.03875732421875,0.02569580078125,0.01416015625,0.0159912109375,0.005859375,0.00927734375,0.003662109375,0.006591796875,0.00921630859375,0.01983642578125,0.056640625,0.4049072265625,130.7522491349481,32.518286632749074,129.3923875432526,0.9636470503167436,131.43044982698962,3.128275653377586,/sessions/cool-youthful-allen/mnt/Research/color-histogram-analysis/dataset/segmented/opa/10_particle0017.png,opa,train
0.2058111380145278,0.7620240787141722,0.5327873522290272,0.2313858120213499,46.75875,50.39274495244026,20.65,4.25,0.1364244529890944,0.3022728658115357,1.5897477840806364,1.6970943185270635,3.3408684044897647,1.8611831358986728,4.735160349093606,472.6280967148865,239.7000672978836,0.2760700023134282,0.0524307684688652,0.0490110629317985,0.0076675969901553,0.9453032423762184,0.0277253767884422,0.0263671875,0.0313720703125,0.01922607421875,0.010498046875,0.00921630859375,0.00665283203125,0.00689697265625,0.0108642578125,0.01470947265625,0.021728515625,0.02557373046875,0.03619384765625,0.0390625,0.0400390625,0.0272216796875,0.02313232421875,0.013671875,0.0106201171875,0.00677490234375,0.0045166015625,0.00421142578125,0.00537109375,0.0086669921875,0.0198974609375,0.02398681640625,0.55352783203125,116.72718129243148,27.16265644002118,133.1015841086246,1.321564439325922,127.77985919034448,2.247103951368096,/sessions/cool-youthful-allen/mnt/Research/color-histogram-analysis/dataset/segmented/opa/3_particle0017.png,opa,train
0.9392523364485982,0.9232961787129516,0.4631399079369507,0.5179897031862613,49.80375,34.75964968204498,10.7,10.05,0.591969073818466,1.4093779188179876,3.703596735963298,4.111512068090919,8.021240611724556,4.819616661922092,9.019885878130916,432.6805609371255,268.04158756036105,0.2807374247883956,0.0546242305324339,0.0407704900959927,0.0053471719929311,0.9508631722833044,0.0304090899517958,0.02777099609375,0.0279541015625,0.01324462890625,0.01470947265625,0.0074462890625,0.00689697265625,0.0054931640625,0.00714111328125,0.00836181640625,0.01416015625,0.02020263671875,0.04052734375,0.05291748046875,0.046142578125,0.02734375,0.01422119140625,0.00665283203125,0.0035400390625,0.00244140625,0.0023193359375,0.0023193359375,0.00396728515625,0.00848388671875,0.021728515625,0.0242919921875,0.5897216796875,105.23191068400226,31.36603147143027,131.049886941775,1.2600859297078904,134.42255511588468,3.858406872025545,/sessions/cool-youthful-allen/mnt/Research/color-histogram-analysis/dataset/segmented/opa/2_particle0003.png,opa,train
1.8744186046511628,0.8566512364478012,0.3246465462519476,0.3286684879331038,70.3225,51.85289989113808,20.15,10.75,0.3177195997321836,0.6923958775204149,3.185572035694423,3.3933875184216085,6.6841537443932335,3.7733485671053177,7.797191087925883,384.6942274057774,227.1296025383339,0.3687745440844253,0.0562752895697139,0.071207879203287,0.0089776842366343,0.9460475415249056,0.0317350899525901,0.01806640625,0.02520751953125,0.00921630859375,0.00897216796875,0.0096435546875,0.00848388671875,0.00823974609375,0.01275634765625,0.01446533203125,0.021240234375,0.032958984375,0.04827880859375,0.057861328125,0.05535888671875,0.03570556640625,0.023193359375,0.01220703125,0.00799560546875,0.0052490234375,0.0045166015625,0.00225830078125,0.00543212890625,0.0086669921875,0.018798828125,0.02008056640625,0.525146484375,118.07450363672103,27.702783671351,132.32121092982112,1.0515643415939666,131.34185177904462,2.8281671692633856,/sessions/cool-youthful-allen/mnt/Research/color-histogram-analysis/dataset/segmented/opa/3_particle0008.png,opa,train
0.6150442477876106,0.4629156010230179,0.1814955115553574,0.1793444733213275,14.25375,31.602795559167863,11.3,6.95,0.1610814244371251,0.4112611105182102,1.7655581427640468,2.205958180837301,4.224734971720324,2.799510018223309,4.617014140901926,382.8715178234618,240.4112629767152,0.4873004680542562,0.0608731649225616,0.1691476500233867,0.0150185773381828,0.9212919252922898,0.0491517629849681,0.02313232421875,0.021240234375,0.0086669921875,0.0067138671875,0.004150390625,0.004150390625,0.00335693359375,0.00634765625,0.00848388671875,0.01641845703125,0.03057861328125,0.04931640625,0.05645751953125,0.064697265625,0.036865234375,0.0255126953125,0.01385498046875,0.01385498046875,0.00604248046875,0.008056640625,0.00390625,0.007568359375,0.0062255859375,0.02191162109375,0.02569580078125,0.52679443359375,126.27754962354553,24.291563358404527,128.09000684462697,1.278919831046783,131.03901437371664,2.049486368384648,/sessions/cool-youthful-allen/mnt/Research/color-histogram-analysis/dataset/segmented/bop1/002_particle0026.png,bop1,train
0.7470588235294118,0.3431999161777033,0.1517137563686892,0.1511229882945626,8.18875,26.094469487667084,8.5,6.35,-0.0604027453190668,-0.0123623001076011,0.4303360137361258,0.5268275406907951,1.0059960292209569,0.6076040580907558,2.28986753276574,343.34976372678943,214.64652973347117,0.5570300718496644,0.0672629576886417,0.1924084247339748,0.014383838561068,0.9182214159066548,0.0508326069241999,0.02496337890625,0.0242919921875,0.0103759765625,0.00592041015625,0.00537109375,0.007080078125,0.0062255859375,0.01043701171875,0.0115966796875,0.01702880859375,0.02099609375,0.0396728515625,0.064697265625,0.06683349609375,0.03338623046875,0.0264892578125,0.017822265625,0.02398681640625,0.01220703125,0.01580810546875,0.0108642578125,0.0181884765625,0.0128173828125,0.023681640625,0.047607421875,0.441650390625,126.4877750611247,25.72502969705492,128.40912795436023,1.1299500414164865,132.61165444172778,1.971155764021112,/sessions/cool-youthful-allen/mnt/Research/color-histogram-analysis/dataset/segmented/bop1/007_particle0024.png,bop1,train
0.4507042253521127,0.3385786496569984,0.1547782790492957,0.123497865179578,14.06625,37.83244181275368,14.2,6.4,-0.1088383374696126,-0.12077447675061,0.2613900606733088,0.8342668523476034,1.5142289464662813,1.0674919049123923,-1.5526927399959305,406.7539238635084,249.7442343966128,0.4766732608481148,0.0614039994302368,0.1269420128897607,0.0165737318557513,0.9226038484881852,0.0473117463914464,0.02142333984375,0.02166748046875,0.010498046875,0.0133056640625,0.00994873046875,0.00860595703125,0.010498046875,0.00836181640625,0.00860595703125,0.00946044921875,0.01531982421875,0.04046630859375,0.06280517578125,0.0517578125,0.0174560546875,0.01141357421875,0.0074462890625,0.00982666015625,0.00494384765625,0.00689697265625,0.0040283203125,0.00732421875,0.01171875,0.0257568359375,0.03045654296875,0.57000732421875,114.1686046511628,32.019468744392945,127.83294573643413,1.537515313140242,132.7158914728682,1.9462494691004544,/sessions/cool-youthful-allen/mnt/Research/color-histogram-analysis/dataset/segmented/bop1/005_particle0010.png,bop1,train
1.0084745762711864,0.8123443122059231,0.209015809713716,0.2847878795164019,7.3375,17.993607306480406,5.95,5.9,0.2018951845580794,0.4421678588057504,1.779230800338926,1.962836530960792,3.836029102739844,2.233128823859711,-4.836209033503068,218.8000994470584,183.53827440259576,0.4513869401983696,0.0758558368414031,0.1029042155460286,0.0129627672417743,0.9607990434151163,0.0327557378366375,0.01904296875,0.01947021484375,0.01007080078125,0.00897216796875,0.00640869140625,0.0081787109375,0.0069580078125,0.0064697265625,0.00787353515625,0.01373291015625,0.0283203125,0.0621337890625,0.1201171875,0.0767822265625,0.03863525390625,0.01837158203125,0.00689697265625,0.0074462890625,0.00341796875,0.005126953125,0.00347900390625,0.00726318359375,0.01220703125,0.01812744140625,0.021484375,0.4630126953125,113.9952426260704,24.51011253424372,129.79130986362196,1.260878057600353,129.39422771963208,2.173637201109695,/sessions/cool-youthful-allen/mnt/Research/color-histogram-analysis/dataset/segmented/bop1/001_particle0045.png,bop1,train
0.4806201550387597,0.729605526940752,0.3697174293573393,0.3225954230552489,29.57,33.93919159770012,12.9,6.2,0.4463324596760683,1.026632101993785,2.810423363765001,3.065288337752772,6.003146322188802,3.6008705955786824,8.506958060636224,340.0023175992644,201.245045910928,0.3649263074055516,0.0575687235155984,0.0794636770846343,0.0092538207095017,0.9599019591631084,0.0236688824049852,0.01947021484375,0.02154541015625,0.01336669921875,0.01348876953125,0.01251220703125,0.0084228515625,0.00762939453125,0.00738525390625,0.0096435546875,0.0205078125,0.03369140625,0.054931640625,0.06903076171875,0.05908203125,0.03570556640625,0.02130126953125,0.00946044921875,0.00787353515625,0.0076904296875,0.00677490234375,0.00531005859375,0.00634765625,0.0101318359375,0.016845703125,0.0177001953125,0.504150390625,110.98580690380234,22.179863737543943,130.0036796916068,1.6882966764937577,132.3898720869108,2.371843428380394,/sessions/cool-youthful-allen/mnt/Research/color-histogram-analysis/dataset/segmented/op/007_particle0005.png,op,train
1.384057971014493,0.5619284113621222,0.1759996964868351,0.2026847100130193,11.5975,26.814927595853806,9.55,6.9,0.0467616653451733,0.1392900134088563,1.0203282258226112,1.511463127892096,2.854381714785897,1.9181964647546637,3.03980030127262,259.4191484796424,188.1347031427428,0.4347800815416397,0.0669510025548224,0.128967109116885,0.011289460313509,0.9516978864770465,0.0348578638061458,0.021728515625,0.0225830078125,0.0098876953125,0.00848388671875,0.0081787109375,0.0042724609375,0.00360107421875,0.00482177734375,0.0054931640625,0.01409912109375,0.031982421875,0.07672119140625,0.1004638671875,0.07464599609375,0.0345458984375,0.01763916015625,0.00958251953125,0.0052490234375,0.00286865234375,0.0035400390625,0.00323486328125,0.0052490234375,0.0074462890625,0.02081298828125,0.02392578125,0.47894287109375,107.16913090515688,28.62047361829301,130.8247385503065,1.2875199080733348,132.56184637576632,1.928831427762456,/sessions/cool-youthful-allen/mnt/Research/color-histogram-analysis/dataset/segmented/bop1/002_particle0044.png,bop1,train
0.9661016949152542,0.5826744878007311,0.2264512505368883,0.2119895814171354,17.135,31.870562434196472,8.85,8.55,0.2746340333427747,0.6995488111930424,1.173971907960857,1.7117186638000097,3.2321242705609072,2.2687813690089635,-3.4157484074892,371.1975887178732,233.57139459081404,0.5280822300085937,0.0512902437454486,0.203257530301084,0.0159607054565767,0.931674493017966,0.0427682714892133,0.01611328125,0.0155029296875,0.0103759765625,0.00946044921875,0.010009765625,0.009765625,0.0081787109375,0.01025390625,0.00909423828125,0.0128173828125,0.01837158203125,0.03729248046875,0.052734375,0.048828125,0.01641845703125,0.01141357421875,0.00592041015625,0.010009765625,0.0050048828125,0.007080078125,0.00640869140625,0.00921630859375,0.01190185546875,0.0382080078125,0.05108642578125,0.55853271484375,132.46740638002774,29.187819834631927,131.52094313453537,1.442150189387248,136.82912621359225,2.9031878670320896,/sessions/cool-youthful-allen/mnt/Research/color-histogram-analysis/dataset/segmented/op/003_particle0003.png,op,train
2.230769230769231,0.7121212121212122,0.447788664537433,0.2829117437344217,20.68,30.30782085061073,10.15,4.55,0.5842215036165297,1.5395340025964117,2.8463045817194965,2.911831694750528,5.801431395378734,3.827838563731736,6.453275087528238,393.0694659823395,236.788021274592,0.3148772702379332,0.0581532878909502,0.0731255048332145,0.0101332364095846,0.94923953877861,0.0305732927709286,0.02838134765625,0.02264404296875,0.013671875,0.00970458984375,0.009521484375,0.01165771484375,0.0107421875,0.01080322265625,0.01300048828125,0.013671875,0.01812744140625,0.04217529296875,0.06634521484375,0.04901123046875,0.0191650390625,0.01275634765625,0.00732421875,0.00775146484375,0.00439453125,0.004638671875,0.0042724609375,0.00836181640625,0.00872802734375,0.02264404296875,0.02691650390625,0.5535888671875,122.69410029498523,22.16739601350234,132.12197640117995,1.9028826725575567,135.0967551622419,1.995442026483712,/sessions/cool-youthful-allen/mnt/Research/color-histogram-analysis/dataset/segmented/op/007_particle0001.png,op,train
0.4290909090909091,0.7583303180816421,0.3552234206471494,0.2850616112923922,28.8175,35.642135351896286,13.75,5.9,0.325472317091187,0.7390517491750179,1.48048267992422,1.6378732190226049,3.197072045305966,2.007953953563099,5.2056066958127225,379.85048636548674,225.63683019864183,0.3804326720645085,0.0540260000900774,0.0961565910205532,0.0122592837727346,0.9497596998082852,0.0297193543949958,0.01751708984375,0.02166748046875,0.01434326171875,0.01263427734375,0.006591796875,0.00653076171875,0.0069580078125,0.0087890625,0.0107421875,0.01690673828125,0.02764892578125,0.05572509765625,0.06549072265625,0.0587158203125,0.0289306640625,0.01812744140625,0.01092529296875,0.0107421875,0.00518798828125,0.0054931640625,0.0037841796875,0.00592041015625,0.00927734375,0.02105712890625,0.02081298828125,0.52947998046875,124.9442238267148,30.67366891701689,130.37870036101083,1.2221989003814937,136.33447653429602,4.020462439544574,/sessions/cool-youthful-allen/mnt/Research/color-histogram-analysis/dataset/segmented/op/003_particle0023.png,op,train
0.3794466403162055,0.5365935579216068,0.3288866930171278,0.2217669519856744,19.97,33.63919161558151,12.65,4.8,0.1755125422933821,0.483884615327316,1.0672510872930605,2.0203648404985035,-3.565464104020664,-2.26268751455162,-4.677681779386955,446.8850889835244,256.0931030283847,0.3546279497153852,0.0640440608331485,0.0804503616684,0.0110011293369454,0.9419095470763388,0.0331729450449526,0.027099609375,0.03179931640625,0.012451171875,0.010498046875,0.01068115234375,0.01409912109375,0.0118408203125,0.01287841796875,0.01116943359375,0.0140380859375,0.0218505859375,0.03582763671875,0.04669189453125,0.0345458984375,0.01739501953125,0.01116943359375,0.00628662109375,0.00628662109375,0.0057373046875,0.0074462890625,0.00848388671875,0.0106201171875,0.0145263671875,0.0224609375,0.0277099609375,0.56640625,113.82255489021956,24.46786662676072,129.19061876247503,1.4427850010478929,129.1493013972056,2.0471645623855133,/sessions/cool-youthful-allen/mnt/Research/color-histogram-analysis/dataset/segmented/bop1/003_particle0029.png,bop1,train
0.5096153846153846,0.6171871810573586,0.3428428882438316,0.2775779641378471,18.8975,29.249242013692857,10.4,5.3,0.4203143242109973,1.053026423536742,1.810036931041893,2.7527363641050635,-5.073244692841335,-3.3257898312481617,5.425558658139862,271.1837506157156,176.28377627697714,0.3259909870301427,0.0618500975980719,0.0612482023302312,0.0075390240176202,0.960853721175166,0.0253853987943696,0.019775390625,0.02398681640625,0.011474609375,0.00836181640625,0.00921630859375,0.009521484375,0.010986328125,0.01708984375,0.0198974609375,0.02423095703125,0.03790283203125,0.0518798828125,0.0767822265625,0.05645751953125,0.03131103515625,0.014404296875,0.00921630859375,0.0067138671875,0.00616455078125,0.00469970703125,0.0052490234375,0.01019287109375,0.01318359375,0.02105712890625,0.01715087890625,0.48309326171875,113.39992219412564,30.129461180686423,129.45302470336512,1.271988509655385,137.9500097257343,4.300340669919206,/sessions/cool-youthful-allen/mnt/Research/color-histogram-analysis/dataset/segmented/op/005_particle0024.png,op,train
1.3304347826086955,0.7340742580404818,0.2519820971867008,0.2292653176770235,44.33625,49.29640284180641,15.3,11.5,0.317063086225789,0.6951435726228707,2.708980955265976,2.8607467029188367,5.646463048362156,3.2288913512265065,6.849062449881226,515.4043548744844,299.09728593645264,0.4835326193176346,0.0566919847881896,0.1512967734450751,0.0160134656128523,0.925329879760476,0.0431173494098806,0.01409912109375,0.01513671875,0.01220703125,0.0130615234375,0.0106201171875,0.0115966796875,0.01043701171875,0.0101318359375,0.00823974609375,0.014404296875,0.02117919921875,0.0399169921875,0.05633544921875,0.05767822265625,0.0318603515625,0.02276611328125,0.01165771484375,0.012451171875,0.006103515625,0.0081787109375,0.00714111328125,0.0108642578125,0.013427734375,0.0269775390625,0.03021240234375,0.5233154296875,121.05892590750872,33.57787446437728,129.00223769269022,1.1299216737249111,130.35181501740428,3.090672745292121,/sessions/cool-youthful-allen/mnt/Research/color-histogram-analysis/dataset/segmented/op/008_particle0023.png,op,train
0.5,0.8241652397260274,0.3164447731755424,0.3089521129501179,9.62625,19.78736274242401,7.8,3.9,0.2808684448684191,0.6114917858909785,2.560836647126457,3.135461947036131,6.093293039251951,3.907573691453688,6.18445855255039,235.318939134864,171.53868284165466,0.4623959322580591,0.0664940000353975,0.1326388715230043,0.0139462270228476,0.9612745467780826,0.0281436839297528,0.01611328125,0.02362060546875,0.0103759765625,0.00543212890625,0.00555419921875,0.009033203125,0.0089111328125,0.010009765625,0.01019287109375,0.0145263671875,0.02862548828125,0.06500244140625,0.08648681640625,0.07281494140625,0.0377197265625,0.0321044921875,0.0169677734375,0.01922607421875,0.00811767578125,0.0101318359375,0.00567626953125,0.01202392578125,0.013671875,0.0223388671875,0.03143310546875,0.42388916015625,131.96705385427666,21.432563429602684,131.8221752903907,1.602418420053552,132.90601900739176,1.743848955069506,/sessions/cool-youthful-allen/mnt/Research/color-histogram-analysis/dataset/segmented/bop1/003_particle0028.png,bop1,train
0.2106537530266344,0.6941700855999595,0.3814255100052879,0.1805804549444869,34.2625,48.82914106845856,20.65,4.35,0.0443683780765978,0.1097721288869941,1.4722982130948905,1.5106885366974452,3.002197682075644,1.5678458018458594,-5.071644470648248,469.92841742065616,222.372818013578,0.366660600390533,0.0567703620631256,0.098186120488517,0.0155432439351457,0.944128131215644,0.0263278285209534,0.0230712890625,0.02557373046875,0.0135498046875,0.007568359375,0.008544921875,0.0064697265625,0.0078125,0.0078125,0.00799560546875,0.01654052734375,0.02630615234375,0.0411376953125,0.05242919921875,0.04937744140625,0.02667236328125,0.016357421875,0.007568359375,0.0068359375,0.003173828125,0.00439453125,0.0029296875,0.00555419921875,0.01116943359375,0.0228271484375,0.02667236328125,0.5716552734375,116.24409584554388,26.43959709376694,129.4157903809688,1.0034515164616582,131.49698327874503,2.532879706625676,/sessions/cool-youthful-allen/mnt/Research/color-histogram-analysis/dataset/segmented/op/008_particle0017.png,op,train
0.6428571428571429,0.6823756432246998,0.2863801605298204,0.2748461059130563,39.7825,42.64873691797256,14.7,9.45,0.44732066799307,1.1079736172998458,1.5124839586585754,1.641454965350559,3.219780407588047,2.1966104089431817,-4.321352543199474,260.1506965528634,181.73988989491136,0.5291102280955887,0.0544544108266224,0.2037256555315,0.0141907272556123,0.9571038232885511,0.0298447816669574,0.01715087890625,0.01715087890625,0.01287841796875,0.01055908203125,0.00811767578125,0.01031494140625,0.01080322265625,0.0118408203125,0.01190185546875,0.0169677734375,0.02032470703125,0.03564453125,0.05279541015625,0.0855712890625,0.04248046875,0.03448486328125,0.0194091796875,0.0228271484375,0.011962890625,0.013427734375,0.00872802734375,0.013916015625,0.0157470703125,0.02471923828125,0.04046630859375,0.4298095703125,135.36768306254174,25.42913934610304,130.29200979301137,1.6822400854882409,131.0462942354774,3.193178337027062,/sessions/cool-youthful-allen/mnt/Research/color-histogram-analysis/dataset/segmented/op/009_particle0023.png,op,train
2.875,0.7818181818181819,0.4673913043478261,0.3488759277783337,0.215,2.7828427076339723,1.15,0.4,0.295951902767005,0.6594948773187735,1.7962840694027322,2.023220094091814,3.9346527621054728,2.3649306841862594,-4.989458679743527,30.44793732592969,17.708249102315126,0.6316312270904261,0.1216285929255571,0.0814901601001292,0.0161457432793106,0.9745395685325028,0.0149203943372123,0.03887939453125,0.0081787109375,0.01904296875,0.0404052734375,0.0130615234375,0.01519775390625,0.02264404296875,0.03253173828125,0.0264892578125,0.03961181640625,0.05133056640625,0.03717041015625,0.0594482421875,0.047607421875,0.05975341796875,0.04754638671875,0.03546142578125,0.052001953125,0.02325439453125,0.0201416015625,0.0146484375,0.0252685546875,0.0074462890625,0.00469970703125,0.02691650390625,0.23126220703125,230.89396489540755,8.089577812211266,130.03943255590286,0.8495268418200883,131.8499639336379,3.13464678360166,/sessions/cool-youthful-allen/mnt/Research/color-histogram-analysis/dataset/segmented/opa/8_particle0009.png,opa,train
0.9277777777777778,0.4930875576036866,0.1619594145043247,0.1744153686135104,12.17125,29.61284602284432,9.0,8.35,0.0688549461860419,0.2117800828168263,0.9311075258135844,1.3802661634015654,2.587642376019943,1.9048936542772008,-2.872961811780125,294.3790437118315,199.0762201558202,0.5803968947889604,0.0561066657194124,0.2404115901588696,0.0206251084666565,0.925750074142895,0.0499398590211672,0.0166015625,0.01806640625,0.0106201171875,0.0059814453125,0.0040283203125,0.00384521484375,0.00286865234375,0.0050048828125,0.00421142578125,0.0064697265625,0.01416015625,0.0408935546875,0.06378173828125,0.07623291015625,0.02203369140625,0.01678466796875,0.00726318359375,0.01416015625,0.00506591796875,0.0098876953125,0.00701904296875,0.0135498046875,0.01654052734375,0.0313720703125,0.0684814453125,0.51507568359375,141.95362752430816,33.522418233746585,129.64584891548242,1.478292051925476,130.11480927449514,1.719237967677138,/sessions/cool-youthful-allen/mnt/Research/color-histogram-analysis/dataset/segmented/bop1/003_particle0011.png,bop1,train
0.9447513812154696,0.8145855498597543,0.1360537623986301,0.1865438882497599,10.5275,26.63036044239998,9.05,8.55,-0.0181918526963363,-0.0236967439833208,1.5068460811386268,1.5474176589305682,3.074567077857411,1.539919585437889,5.120810607524926,335.7804043372803,270.5944011730962,0.64535753113303,0.0521208946926176,0.297173114612166,0.0258906105097663,0.9209548673203328,0.0633922900344208,0.0159912109375,0.010986328125,0.0067138671875,0.01031494140625,0.0081787109375,0.01092529296875,0.01019287109375,0.0120849609375,0.0115966796875,0.0157470703125,0.01849365234375,0.0450439453125,0.0609130859375,0.05548095703125,0.02093505859375,0.02325439453125,0.01300048828125,0.0174560546875,0.00872802734375,0.01251220703125,0.0125732421875,0.02410888671875,0.0247802734375,0.0355224609375,0.06390380859375,0.4505615234375,125.2263134261338,26.553501313125967,130.39874270318813,1.2934702645814864,134.3659631791648,2.080631057877262,/sessions/cool-youthful-allen/mnt/Research/color-histogram-analysis/dataset/segmented/bop1/007_particle0012.png,bop1,train
2.175438596491228,0.315864960282436,0.1518994057724957,0.1277878832182545,10.73625,32.492744964361194,12.4,5.7,-0.1112309692172851,-0.0840460932050216,0.0237601936285391,0.8250601549561636,-2.0039738342054965,-1.090228378973353,-1.2563025455679775,350.0405760505973,206.68770640726265,0.4924352311126889,0.0633765408023755,0.1571685221716182,0.0165670977729484,0.9198915886426527,0.0470453924192523,0.019775390625,0.02264404296875,0.0093994140625,0.009033203125,0.00665283203125,0.00628662109375,0.00482177734375,0.00494384765625,0.00506591796875,0.01336669921875,0.028564453125,0.05987548828125,0.07623291015625,0.06390380859375,0.02850341796875,0.0155029296875,0.00811767578125,0.0087890625,0.00433349609375,0.0047607421875,0.0030517578125,0.00421142578125,0.00738525390625,0.02703857421875,0.02886962890625,0.52886962890625,121.43256578947368,24.076213119042755,130.37870065789474,1.3545453290872915,132.4000822368421,1.5698799379420365,/sessions/cool-youthful-allen/mnt/Research/color-histogram-analysis/dataset/segmented/bop1/006_particle0011.png,bop1,train
0.3869565217391304,1.0,0.9844650708353688,0.6300129880399,50.38,31.7,11.5,4.45,0.604011135674545,1.4664420513291003,29.99700939582966,29.99044934835051,30.0,29.9982297695707,30.0,223.9598820246459,148.39583717975864,0.3135580669983711,0.0662102104713528,0.0601932941604153,0.0077669601822515,0.972644508286097,0.0181442260477386,0.0167236328125,0.0299072265625,0.02197265625,0.01690673828125,0.0118408203125,0.00897216796875,0.00823974609375,0.0087890625,0.0146484375,0.0189208984375,0.0306396484375,0.05645751953125,0.069091796875,0.0565185546875,0.03607177734375,0.0252685546875,0.021240234375,0.01763916015625,0.01275634765625,0.01123046875,0.00927734375,0.01312255859375,0.014404296875,0.01873779296875,0.02020263671875,0.430419921875,236.6538607835679,14.911262988344992,128.91111956383924,1.433921086936698,128.66337010270064,1.849039913532072,/sessions/cool-youthful-allen/mnt/Research/color-histogram-analysis/dataset/segmented/op/001_particle0007.png,op,train
1.5176470588235291,0.9219532554257096,0.30218878248974,0.3672524026431734,8.28375,16.83589082956314,6.45,4.25,0.3585050935377024,0.7856577658559593,2.6718922401265663,2.8759779198442854,5.649958701943278,3.269642613330547,7.488344865715067,275.00889040717897,213.27094933191023,0.4280374093614029,0.0694203932304758,0.1225243350951618,0.0185844119599362,0.967104386173066,0.0254242655883966,0.028076171875,0.0262451171875,0.01397705078125,0.0146484375,0.009521484375,0.00738525390625,0.0042724609375,0.00506591796875,0.00616455078125,0.0113525390625,0.0194091796875,0.0394287109375,0.07952880859375,0.06036376953125,0.02435302734375,0.0152587890625,0.010009765625,0.0146484375,0.0052490234375,0.00689697265625,0.0052490234375,0.00848388671875,0.0113525390625,0.02093505859375,0.0263671875,0.5257568359375,99.24589790337284,26.188650478651034,127.87192342752962,1.0996416262029716,131.80173199635368,1.6994762207761325,/sessions/cool-youthful-allen/mnt/Research/color-histogram-analysis/dataset/segmented/bop1/005_particle0043.png,bop1,train
2.2459893048128343,0.7207406355837677,0.4524955436720143,0.2789064915912874,88.8475,63.27005714774132,21.0,9.35,0.4551492798924923,1.1368371383526197,2.140255497258789,3.1206850165672857,-6.316897288033817,-3.805500570916165,5.767821206537446,547.4994829755126,297.63232564836017,0.2924544290485752,0.0601152581695976,0.0506716357379924,0.0087012073048558,0.9311512043474068,0.0373838475598348,0.0223388671875,0.03448486328125,0.01739501953125,0.0159912109375,0.0113525390625,0.0150146484375,0.0137939453125,0.0164794921875,0.01800537109375,0.01953125,0.02496337890625,0.03192138671875,0.0439453125,0.04437255859375,0.02667236328125,0.01812744140625,0.010986328125,0.00811767578125,0.0042724609375,0.0068359375,0.0042724609375,0.0057373046875,0.0118408203125,0.02301025390625,0.023193359375,0.52734375,120.81599201824402,30.781940438188546,130.98631698973773,1.1792513539724678,131.27280501710376,3.592677749111379,/sessions/cool-youthful-allen/mnt/Research/color-histogram-analysis/dataset/segmented/opa/5_particle0002.png,opa,train
2.830188679245283,0.7454630605315536,0.400440251572327,0.322229621317645,7.95875,17.617514312267303,7.5,2.65,0.2564438304213997,0.5860865519952351,1.6884340121665096,2.262761223573502,4.356040858262065,2.937844505965818,-4.427571044217423,248.52917750505927,158.210794889455,0.437563342996685,0.0779350753354923,0.1308390573415558,0.0138399318405438,0.969136060805902,0.0195967506338031,0.0185546875,0.0247802734375,0.0145263671875,0.01287841796875,0.00750732421875,0.007568359375,0.00555419921875,0.007080078125,0.00946044921875,0.01507568359375,0.02777099609375,0.058349609375,0.07666015625,0.0687255859375,0.0389404296875,0.02783203125,0.01513671875,0.00994873046875,0.00738525390625,0.00640869140625,0.006103515625,0.00970458984375,0.01641845703125,0.02154541015625,0.02984619140625,0.45623779296875,119.91164241164242,19.73545122191083,129.69698544698545,1.3965249631715084,128.54504504504504,1.7237933946414847,/sessions/cool-youthful-allen/mnt/Research/color-histogram-analysis/dataset/segmented/bop1/001_particle0024.png,bop1,train
1.685483870967742,0.7872936320754716,0.4121778052168544,0.3641693357186009,26.705,30.3563489317894,10.45,6.2,0.5101734257129548,1.2006955091566482,2.402216371667881,2.6751266429717413,5.213804488429902,3.2763339878402755,7.481197619784356,387.9598146244745,254.0055948510351,0.2816924609384693,0.0577787065561656,0.0546297189970541,0.0073027273877659,0.9564210343536032,0.028506294841411,0.02825927734375,0.03173828125,0.01513671875,0.0106201171875,0.01129150390625,0.01043701171875,0.00848388671875,0.00958251953125,0.01019287109375,0.0145263671875,0.025634765625,0.04388427734375,0.06317138671875,0.0570068359375,0.03570556640625,0.018798828125,0.0086669921875,0.005126953125,0.00372314453125,0.0042724609375,0.00506591796875,0.007568359375,0.01666259765625,0.02447509765625,0.0211181640625,0.50885009765625,102.90295895641108,26.13202487948772,130.96579700922686,1.4528131266843858,134.05058860960867,2.940980398622514,/sessions/cool-youthful-allen/mnt/Research/color-histogram-analysis/dataset/segmented/op/003_particle0028.png,op,train
1.072,0.5449438202247191,0.3358805970149254,0.2564594216920026,14.065,26.25218589901924,6.7,6.25,0.4203253232997327,1.4249034716850857,1.7132619918969996,2.568463719727635,-4.712949396537268,-3.327739150700044,5.599989187351391,375.21487702485376,235.3975981470568,0.4177157569574062,0.0581882728582088,0.1333217134894361,0.0159143978201646,0.949915556750947,0.0313310317422419,0.01776123046875,0.02447509765625,0.01385498046875,0.01190185546875,0.00762939453125,0.01171875,0.0107421875,0.011962890625,0.01226806640625,0.01171875,0.01824951171875,0.03961181640625,0.0673828125,0.0460205078125,0.02569580078125,0.01214599609375,0.0069580078125,0.00604248046875,0.00518798828125,0.0047607421875,0.0057373046875,0.00823974609375,0.01397705078125,0.0255126953125,0.03619384765625,0.54425048828125,122.89052224371372,26.860374111433718,130.9541586073501,1.5518215159601636,134.19845261121856,3.465284803032724,/sessions/cool-youthful-allen/mnt/Research/color-histogram-analysis/dataset/segmented/op/003_particle0000.png,op,train
2.308080808080808,0.6862720385385596,0.2707932718873638,0.2448539620690715,61.2575,56.07005710601807,22.85,9.9,0.1772337743671156,0.4014958033276387,1.5197875021229794,2.055706589207282,3.94136703926189,2.6334123973929477,-4.063529945925887,398.6582520857973,233.55772958896853,0.3737437736744901,0.0575446931770949,0.065759466432229,0.0075186614092938,0.9287277532059371,0.0415856038815472,0.01800537109375,0.02886962890625,0.01336669921875,0.0108642578125,0.008056640625,0.0069580078125,0.007568359375,0.00970458984375,0.01068115234375,0.016357421875,0.02642822265625,0.04400634765625,0.0556640625,0.05126953125,0.031982421875,0.0240478515625,0.01251220703125,0.00897216796875,0.00518798828125,0.00372314453125,0.0028076171875,0.00372314453125,0.0076904296875,0.0150146484375,0.01507568359375,0.56146240234375,125.59735130111524,28.635509100769116,130.83805762081784,1.3043149508855725,135.00418215613382,2.986802006669038,/sessions/cool-youthful-allen/mnt/Research/color-histogram-analysis/dataset/segmented/opa/2_particle0006.png,opa,train
0.4763948497854077,0.425688244047619,0.1769709623786877,0.1664608102472935,11.4425,29.39066349864006,11.65,5.55,-0.0049353283766931,0.0538187212800214,0.5879305251066763,1.0800560163841044,1.998173185762188,1.4714542217725135,-2.16067247586105,299.2192573856059,194.33478919963065,0.448686482200749,0.0651383477328498,0.1192578145747215,0.0140354308260856,0.9386140430458784,0.0396610084523277,0.02545166015625,0.02679443359375,0.00738525390625,0.00390625,0.00323486328125,0.0054931640625,0.00543212890625,0.00860595703125,0.00860595703125,0.01470947265625,0.0264892578125,0.047607421875,0.06951904296875,0.04754638671875,0.024658203125,0.01568603515625,0.00909423828125,0.009765625,0.00408935546875,0.0052490234375,0.0032958984375,0.0067138671875,0.0103759765625,0.02197265625,0.0262451171875,0.56207275390625,119.20651395848246,22.0225029821085,130.48031496062993,1.5169546833686007,131.50465282748746,2.1036525750449946,/sessions/cool-youthful-allen/mnt/Research/color-histogram-analysis/dataset/segmented/bop1/003_particle0005.png,bop1,train
1.1657608695652173,0.4537052416771469,0.1211139404074186,0.1402629163172492,47.80125,65.44148210287094,21.45,18.4,-0.0422999078232761,-0.0548435410137593,1.2433036491407503,1.3077177437647232,2.583295209236941,1.2891795662370125,-4.339351482408947,387.8834585444864,263.1629879993417,0.5875751576371004,0.0450512439479898,0.2113516488812676,0.0121691030567021,0.9050233196902122,0.0640785960922375,0.01470947265625,0.01702880859375,0.00628662109375,0.0052490234375,0.0057373046875,0.00689697265625,0.00616455078125,0.00872802734375,0.00640869140625,0.01141357421875,0.0159912109375,0.044189453125,0.07373046875,0.052734375,0.0208740234375,0.0169677734375,0.00946044921875,0.01318359375,0.00628662109375,0.0093994140625,0.00555419921875,0.00665283203125,0.00787353515625,0.0343017578125,0.0526123046875,0.54156494140625,123.81512195121952,30.12389806683765,130.39951219512196,1.448598904609777,136.19560975609755,2.985375777123631,/sessions/cool-youthful-allen/mnt/Research/color-histogram-analysis/dataset/segmented/op/002_particle0025.png,op,train
1.2222222222222223,0.6479780584258196,0.2004221906565656,0.2521179414750183,12.69875,25.158430391550063,8.8,7.2,0.1253779549026142,0.3010869575152309,1.82845156531436,2.791738808625968,-5.122359533736479,-2.942302090682889,-5.624245812860356,338.75563387047146,238.30104103072915,0.4804171462241542,0.0721822294474436,0.1542650293247938,0.0184625428262832,0.9464775405248284,0.0374821698871599,0.017822265625,0.0181884765625,0.01055908203125,0.01031494140625,0.0074462890625,0.0068359375,0.00653076171875,0.00836181640625,0.0128173828125,0.02191162109375,0.03424072265625,0.06103515625,0.0897216796875,0.06719970703125,0.04046630859375,0.02532958984375,0.015380859375,0.01116943359375,0.00445556640625,0.0045166015625,0.00250244140625,0.00628662109375,0.00885009765625,0.01824951171875,0.0301513671875,0.45965576171875,107.02812400127836,23.508234993807875,127.49664429530202,0.8521614961006253,130.1240012783637,2.0246079209613232,/sessions/cool-youthful-allen/mnt/Research/color-histogram-analysis/dataset/segmented/bop1/007_particle0026.png,bop1,train
0.7908163265306123,0.7518695841411783,0.3127386438446346,0.3603455063145498,23.7525,28.78061302304268,9.8,7.75,0.3817255738787575,0.8696791319416414,2.1725659150338235,2.5971727916475653,5.0050417665667,3.105473884602067,-5.480957275565489,324.7769968436678,202.52117952865927,0.3603382173256728,0.0545143281828629,0.0854098659120995,0.0087129162285619,0.9578211420653662,0.0261972427549746,0.0272216796875,0.02630615234375,0.0101318359375,0.0074462890625,0.00714111328125,0.00775146484375,0.00579833984375,0.007080078125,0.007080078125,0.01171875,0.023681640625,0.05645751953125,0.06927490234375,0.0513916015625,0.0216064453125,0.01141357421875,0.005615234375,0.007568359375,0.00531005859375,0.006103515625,0.0045166015625,0.0067138671875,0.0093994140625,0.0191650390625,0.02252197265625,0.56158447265625,112.59559434746468,30.373667017470044,129.70137157107231,1.7237444349141586,134.25997506234415,2.644485282624613,/sessions/cool-youthful-allen/mnt/Research/color-histogram-analysis/dataset/segmented/op/007_particle0028.png,op,train
0.5015105740181269,0.2863755204802943,0.134559385578568,0.118464879188883,18.48375,44.27975069284439,16.55,8.3,-0.2031414370037267,-0.2919767419091947,-0.072596899446589,0.6521252009591818,1.5054562020626678,-1.6293225586363782,0.9587297429421552,392.16362163174296,227.8886768180588,0.4753249206092092,0.0580799942443157,0.1826831226377237,0.0121906843814076,0.9095353701704147,0.0522552618745124,0.0245361328125,0.03179931640625,0.00982666015625,0.0062255859375,0.00390625,0.00299072265625,0.0030517578125,0.00421142578125,0.00469970703125,0.0078125,0.0172119140625,0.0517578125,0.066162109375,0.052490234375,0.02325439453125,0.01397705078125,0.0062255859375,0.00616455078125,0.00244140625,0.00518798828125,0.00439453125,0.010009765625,0.01007080078125,0.03375244140625,0.032470703125,0.56536865234375,119.44116331096195,27.51937298476199,128.6331096196868,1.3509711293946285,130.0572706935123,2.0478252065577194,/sessions/cool-youthful-allen/mnt/Research/color-histogram-analysis/dataset/segmented/bop1/006_particle0018.png,bop1,train
1.5471014492753623,0.8658891387480784,0.2891550419169806,0.3256242305142997,85.19375,57.33904328942299,21.35,13.8,0.3274235844609,0.7139986941371712,4.070755126204507,4.321352016029827,8.52683535627445,4.722327239284038,-9.203230037599791,285.1177245264845,206.1261995463053,0.4225620658368221,0.0606353595619796,0.0870663935457877,0.00988682855221,0.9563202483102544,0.0314717718214705,0.0198974609375,0.0206298828125,0.01239013671875,0.0123291015625,0.00848388671875,0.00823974609375,0.005859375,0.00640869140625,0.00750732421875,0.0093994140625,0.0181884765625,0.05487060546875,0.09576416015625,0.065673828125,0.02392578125,0.0169677734375,0.0089111328125,0.00787353515625,0.00531005859375,0.00531005859375,0.00372314453125,0.00439453125,0.00592041015625,0.0196533203125,0.018798828125,0.5335693359375,119.9407183037646,23.870040447924552,130.90718303764604,1.2544323427864754,133.50519255733448,2.3631462655349007,/sessions/cool-youthful-allen/mnt/Research/color-histogram-analysis/dataset/segmented/opa/7_particle0000.png,opa,train
0.5812182741116751,0.7110576852165961,0.2671569170749008,0.2536927206565959,60.26125,54.63488044142723,19.7,11.45,0.2040083723750778,0.451507022369309,2.0911201959478785,2.219210918053282,4.37452379838583,2.449809509532578,5.958691524071786,446.5172382392522,253.37312783219028,0.3895654881011936,0.048772348599377,0.1009111885704533,0.0055667244708911,0.9414246333149824,0.0330608515028356,0.02032470703125,0.026123046875,0.01226806640625,0.0101318359375,0.00750732421875,0.00714111328125,0.00616455078125,0.00775146484375,0.009521484375,0.01446533203125,0.03021240234375,0.06060791015625,0.07379150390625,0.05828857421875,0.02423095703125,0.013916015625,0.00653076171875,0.0064697265625,0.001953125,0.003173828125,0.00213623046875,0.00421142578125,0.00726318359375,0.02154541015625,0.02606201171875,0.5382080078125,105.513698630137,28.27536715393804,129.5514879546528,1.5213234506643412,133.53235710911667,3.757721292769836,/sessions/cool-youthful-allen/mnt/Research/color-histogram-analysis/dataset/segmented/op/006_particle0007.png,op,train
1.9182879377431907,0.636988444265025,0.2490745929392822,0.2373214724347688,78.895,64.63401804566384,24.65,12.85,0.1946920163570432,0.449653448834235,1.5507173747349603,2.4861826876244613,-4.573080598309618,-2.7584148504211603,-4.788655571254915,430.8258626815877,264.6229984438113,0.4878891353518394,0.0581646695906588,0.1546182368063424,0.0150592377170004,0.931731896958554,0.0417365739317523,0.0147705078125,0.01568603515625,0.01214599609375,0.0078125,0.00531005859375,0.00787353515625,0.0072021484375,0.010498046875,0.01214599609375,0.019775390625,0.0299072265625,0.07275390625,0.0927734375,0.0560302734375,0.02655029296875,0.02276611328125,0.0125732421875,0.01422119140625,0.00634765625,0.0096435546875,0.0064697265625,0.010009765625,0.01171875,0.02740478515625,0.045166015625,0.44244384765625,124.2258466135458,28.90229521345934,130.19447211155378,1.1756914216508303,130.45766932270917,2.384942169029822,/sessions/cool-youthful-allen/mnt/Research/color-histogram-analysis/dataset/segmented/opa/1_particle0017.png,opa,train
0.9345238095238096,0.6409675484773772,0.3646875947831361,0.3087207497266565,24.0475,31.28650050163269,8.4,7.85,0.5191117395418733,1.431696481562211,1.7518351140543753,2.6538144375776795,-5.326215678203773,-3.5216110160466583,-4.883177275663495,338.2811812620591,198.49098534206303,0.3912669689259909,0.0624698593067981,0.1324429447027859,0.0116511159445636,0.9512551965023048,0.0285381544131936,0.01409912109375,0.02239990234375,0.00897216796875,0.00830078125,0.00799560546875,0.00823974609375,0.0076904296875,0.01092529296875,0.01025390625,0.01971435546875,0.0396728515625,0.07366943359375,0.086669921875,0.07147216796875,0.038818359375,0.02252197265625,0.01434326171875,0.01739501953125,0.0101318359375,0.01251220703125,0.0084228515625,0.01025390625,0.0089111328125,0.0203857421875,0.0369873046875,0.40924072265625,131.66942294159043,28.39634113056941,129.2728712174525,1.1335657358857043,130.0167135819845,3.2695418067241264,/sessions/cool-youthful-allen/mnt/Research/color-histogram-analysis/dataset/segmented/op/008_particle0028.png,op,train
1.5052631578947369,0.3800338015035841,0.2400073610599926,0.1656057189039621,8.15125,24.870205479860303,7.15,4.75,0.1255340941099595,0.6690548235510694,0.5432533123281217,1.55281753175812,-5.402607488293054,3.528111137703394,2.600853494861689,458.1184551305687,291.7717620427336,0.4743768254585354,0.0651006044622184,0.1495365519680709,0.013880703633976,0.9323256777522214,0.0429016327198904,0.01739501953125,0.02716064453125,0.0128173828125,0.009521484375,0.0062255859375,0.0064697265625,0.00628662109375,0.011962890625,0.0147705078125,0.02313232421875,0.02874755859375,0.0399169921875,0.05950927734375,0.04669189453125,0.0283203125,0.02044677734375,0.01239013671875,0.0140380859375,0.0067138671875,0.0098876953125,0.006591796875,0.0108642578125,0.01177978515625,0.0247802734375,0.06195068359375,0.48162841796875,112.42338927991338,25.21312415080728,130.0454791553871,1.2880231578228596,133.35544125609096,2.662087470335348,/sessions/cool-youthful-allen/mnt/Research/color-histogram-analysis/dataset/segmented/bop1/007_particle0014.png,bop1,train
1.0877513711151736,0.2963517808955854,0.1422272748221775,0.1261072550260386,115.725,107.38620393276214,29.75,27.35,-0.0242149529488851,0.1251066731139929,0.2667663621362843,0.9355927605840836,2.145301341996787,-1.5844531512573876,-1.5503621909822771,685.6053371760714,366.0568697607173,0.4438143720798601,0.0595651220571279,0.1173670072182683,0.0108710251127293,0.8797264772822354,0.0642045245833486,0.01873779296875,0.0274658203125,0.0146484375,0.010498046875,0.00732421875,0.0093994140625,0.0074462890625,0.00836181640625,0.01116943359375,0.0184326171875,0.032470703125,0.06402587890625,0.08685302734375,0.08148193359375,0.0390625,0.02032470703125,0.01171875,0.010498046875,0.00738525390625,0.0089111328125,0.00506591796875,0.0047607421875,0.00408935546875,0.015869140625,0.02093505859375,0.45306396484375,121.75086906141368,29.002176304806305,130.53012746234066,1.176964439064205,129.5191193511008,2.798657708947333,/sessions/cool-youthful-allen/mnt/Research/color-histogram-analysis/dataset/segmented/opa/5_particle0012.png,opa,train
0.3526970954356846,0.3464319029850746,0.2175494264095679,0.1436796058541798,11.14125,31.21578981280327,12.05,4.25,-0.0576801616175228,-0.0197613846905884,0.4033282921206608,1.1313986560990623,2.853292280446541,-1.9886195723518796,1.901456053052344,299.31878466838884,178.89187875980383,0.3344019758168537,0.0644193058705008,0.0598814372974197,0.0079242794953415,0.9478269903087648,0.0310436693956516,0.020263671875,0.03070068359375,0.01190185546875,0.0089111328125,0.00726318359375,0.0067138671875,0.008544921875,0.00958251953125,0.01373291015625,0.02044677734375,0.0301513671875,0.0458984375,0.05902099609375,0.05596923828125,0.028564453125,0.016357421875,0.010009765625,0.00775146484375,0.0030517578125,0.00384521484375,0.00299072265625,0.00531005859375,0.007080078125,0.01678466796875,0.0191650390625,0.54998779296875,103.00756887677868,25.778022653922356,131.8519527702089,1.776882950526136,132.13200121102028,2.9289935422341986,/sessions/cool-youthful-allen/mnt/Research/color-histogram-analysis/dataset/segmented/bop1/006_particle0037.png,bop1,train
0.2525773195876288,0.6559076845890125,0.4125815274563433,0.2381314219083233,9.805,22.746803629398347,9.7,2.45,0.1187643233206822,0.2701780595010448,1.9802349015548035,2.6535377916097604,5.232880511156496,3.511432308143993,-5.047440714773775,333.0023405433528,198.2170213293203,0.2679228678432664,0.096012942415487,0.0375078922236941,0.0082234447836944,0.9582599790868884,0.0248161274330265,0.03265380859375,0.0364990234375,0.01080322265625,0.0081787109375,0.0081787109375,0.00787353515625,0.00872802734375,0.01055908203125,0.01348876953125,0.01580810546875,0.0235595703125,0.0274658203125,0.031982421875,0.02288818359375,0.0137939453125,0.01055908203125,0.00787353515625,0.00628662109375,0.00543212890625,0.00439453125,0.00537109375,0.00567626953125,0.0101318359375,0.02301025390625,0.02410888671875,0.62469482421875,99.39192439862543,18.95567727905512,131.1237113402062,1.350889221909554,132.40343642611683,1.950007986214929,/sessions/cool-youthful-allen/mnt/Research/color-histogram-analysis/dataset/segmented/bop1/004_particle0006.png,bop1,train
0.5420560747663551,0.7638926226045547,0.40064050918466,0.3731351637398054,24.86375,28.937110191583635,10.7,5.8,0.5451772081318074,1.3221629497347522,2.8547365752795155,3.664868362441268,7.11165521414423,5.403705760867736,-7.043969681504736,267.726709758944,153.98817411402965,0.3099460174604773,0.0562814955272821,0.0631090050090451,0.0078920324005369,0.9623633257454656,0.0216011871776307,0.02105712890625,0.0277099609375,0.02117919921875,0.0135498046875,0.00836181640625,0.007080078125,0.0072021484375,0.00811767578125,0.0115966796875,0.01654052734375,0.02972412109375,0.05224609375,0.06585693359375,0.060302734375,0.02679443359375,0.01605224609375,0.0067138671875,0.005859375,0.00360107421875,0.0047607421875,0.00482177734375,0.00726318359375,0.009765625,0.02130126953125,0.02252197265625,0.52001953125,119.28683822324209,22.45073293812464,129.84117357810194,1.227792215790873,134.10440911326012,2.206162168858244,/sessions/cool-youthful-allen/mnt/Research/color-histogram-analysis/dataset/segmented/op/007_particle0007.png,op,train
0.541860465116279,0.4288829166877947,0.1688392055095318,0.144385450011376,42.29,60.66833262443542,21.5,11.65,0.0078016994808017,0.0667477592552379,0.9464475918304164,0.9147721159866108,1.8453898171912784,0.9529788845532828,-4.066403029829686,290.1058349115275,182.52599450069545,0.4819603626211825,0.0602033758435367,0.1117029079735586,0.0086347799331914,0.9368344613889396,0.039543637210182,0.01446533203125,0.01904296875,0.010009765625,0.0101318359375,0.00848388671875,0.00946044921875,0.01171875,0.011962890625,0.01043701171875,0.01934814453125,0.03924560546875,0.07708740234375,0.10028076171875,0.076171875,0.0286865234375,0.01666259765625,0.00927734375,0.0091552734375,0.0037841796875,0.0042724609375,0.00262451171875,0.005126953125,0.00726318359375,0.01983642578125,0.02874755859375,0.44671630859375,122.90565358300324,28.949133249449787,130.23226503420958,1.2994540629425155,136.22650342095787,3.551287347578244,/sessions/cool-youthful-allen/mnt/Research/color-histogram-analysis/dataset/segmented/op/005_particle0011.png,op,train
0.8278688524590164,0.8006318612029257,0.2719345705062309,0.3304058593330956,75.3925,53.54823173284531,18.3,15.15,0.3778221970904495,0.8580675475987833,1.8348525269701752,2.316582713496488,4.435411029994406,2.9752355304288547,4.764583819191303,398.9506396535419,256.3612107591898,0.4986830877546719,0.0539835643876721,0.2267504688375414,0.0151008935856353,0.9433394129734284,0.0362365695073162,0.0252685546875,0.01983642578125,0.00762939453125,0.007568359375,0.00738525390625,0.0074462890625,0.0045166015625,0.007080078125,0.00640869140625,0.011474609375,0.017822265625,0.045166015625,0.07110595703125,0.06317138671875,0.023681640625,0.01458740234375,0.00811767578125,0.0130615234375,0.00445556640625,0.005859375,0.00335693359375,0.00897216796875,0.01605224609375,0.04052734375,0.03558349609375,0.52386474609375,119.14038727524203,21.421990658191728,129.42738589211618,0.9740319585840872,133.7450437989857,2.4107880731470326,/sessions/cool-youthful-allen/mnt/Research/color-histogram-analysis/dataset/segmented/opa/6_particle0005.png,opa,train
1.29,0.6157920352715509,0.2084205426356589,0.2152081592587649,26.88625,39.62239122986794,12.9,10.0,0.2819357195910079,0.6599009909697845,1.3134884241093658,1.493712838734624,2.899775325774066,1.9108937923019225,-3.8712891033876895,464.1947770437071,298.17332691400907,0.4896091716906793,0.0532040759718414,0.2107723115447152,0.0126078558461801,0.925578660988301,0.047698124857266,0.01519775390625,0.0186767578125,0.0076904296875,0.00665283203125,0.0064697265625,0.00640869140625,0.0074462890625,0.01043701171875,0.0107421875,0.01934814453125,0.0264892578125,0.0552978515625,0.07672119140625,0.07940673828125,0.048095703125,0.03564453125,0.01739501953125,0.0205078125,0.0096435546875,0.0125732421875,0.00537109375,0.01080322265625,0.01593017578125,0.0281982421875,0.05389404296875,0.39495849609375,125.49781322356571,28.329476365308903,129.19629534345253,0.9630725759016024,127.84666838178543,2.765540757591487,/sessions/cool-youthful-allen/mnt/Research/color-histogram-analysis/dataset/segmented/op/010_particle0025.png,op,train
2.2,0.6601507075200368,0.1860852880769646,0.1642431018781532,86.07375,81.15153237581254,31.9,14.5,0.0064298984394565,0.0350211165540752,1.5311454925405414,2.355738771293724,-5.720647860691004,-2.794444345316023,-4.299492887229108,502.3971347657251,278.9233887958624,0.3969270213652477,0.06213678128669,0.0763777770159215,0.0100437172323211,0.9035188361104972,0.0533981782364106,0.01947021484375,0.02301025390625,0.0120849609375,0.01123046875,0.008544921875,0.0123291015625,0.01043701171875,0.0169677734375,0.01873779296875,0.027587890625,0.03759765625,0.05377197265625,0.07366943359375,0.06195068359375,0.0289306640625,0.0167236328125,0.00946044921875,0.0079345703125,0.00628662109375,0.0064697265625,0.00567626953125,0.0087890625,0.00732421875,0.0145263671875,0.016357421875,0.484130859375,128.82850305769742,30.63350608219025,130.21217761233714,1.1638764622578102,133.06859877692102,2.8793104175487447,/sessions/cool-youthful-allen/mnt/Research/color-histogram-analysis/dataset/segmented/opa/1_particle0004.png,opa,train
2.0535117056856187,0.2915040760344627,0.1438426677415489,0.071572436636503,66.01875,107.66280218958856,30.7,14.95,-0.1533243929418123,-0.1837712205688673,0.1121032620020248,0.6848253623632958,1.224823521037122,1.099353882935816,1.2431733680708077,347.3812287592601,195.2613355567728,0.6334406153388016,0.0449499730540599,0.2812032071341666,0.0167885249066171,0.8729038521752881,0.0711653125582014,0.0096435546875,0.01617431640625,0.011962890625,0.0096435546875,0.00738525390625,0.00811767578125,0.0072021484375,0.009765625,0.00933837890625,0.012451171875,0.01708984375,0.0357666015625,0.05706787109375,0.0640869140625,0.03326416015625,0.0301513671875,0.01690673828125,0.02569580078125,0.013427734375,0.01605224609375,0.01080322265625,0.02191162109375,0.01531982421875,0.0423583984375,0.13446044921875,0.36395263671875,158.5836385836386,25.91863746650449,130.04639804639805,1.1298860562400632,135.64590964590963,2.5022530662965634,/sessions/cool-youthful-allen/mnt/Research/color-histogram-analysis/dataset/segmented/opa/6_particle0017.png,opa,train
1.2038216560509554,0.449685534591195,0.1493950729619519,0.1671330623081171,11.0825,28.86639942526817,9.45,7.85,0.0164659097931342,0.1039511739111615,0.6466704372759804,0.992224828066136,1.8315676269672576,1.204919121167513,-2.340547470587497,296.13760516140565,206.2819644960645,0.3956722609336884,0.0565084103963634,0.0815246700104082,0.0067642434335057,0.9406309135052447,0.0411420895373396,0.02239990234375,0.0255126953125,0.00958251953125,0.0059814453125,0.00592041015625,0.0047607421875,0.00555419921875,0.00665283203125,0.01092529296875,0.02239990234375,0.03692626953125,0.06317138671875,0.08221435546875,0.06207275390625,0.0374755859375,0.0184326171875,0.010498046875,0.0074462890625,0.003662109375,0.00347900390625,0.0028076171875,0.00299072265625,0.00726318359375,0.0203857421875,0.0208740234375,0.5006103515625,96.67003367003367,27.15018793144296,129.41498316498317,1.2604490206760908,129.7622053872054,1.6830815447968124,/sessions/cool-youthful-allen/mnt/Research/color-histogram-analysis/dataset/segmented/bop1/006_particle0035.png,bop1,train
0.7643097643097643,0.8077304677128604,0.4286773758139396,0.3996200359397186,72.2525,47.66589413285256,14.85,11.35,0.5461830462066347,1.3537090625128865,2.2378174963901096,2.9264948084291142,5.574815588983499,3.8471959893984287,5.798958130292837,512.8464730725188,285.5716663202539,0.3265503155242488,0.0558734231375363,0.0604189916627944,0.0086332922481144,0.9408015503706753,0.0329010801715253,0.02618408203125,0.034423828125,0.01385498046875,0.009521484375,0.00439453125,0.00628662109375,0.005126953125,0.01025390625,0.01068115234375,0.017578125,0.02923583984375,0.0379638671875,0.0499267578125,0.0428466796875,0.0286865234375,0.0152587890625,0.0069580078125,0.0047607421875,0.00445556640625,0.00238037109375,0.0029296875,0.004150390625,0.0076904296875,0.023681640625,0.0233154296875,0.57745361328125,114.43787246722287,23.046941567518925,131.16775923718714,1.2369162158805895,126.99538140643624,2.180298910888674,/sessions/cool-youthful-allen/mnt/Research/color-histogram-analysis/dataset/segmented/opa/3_particle0006.png,opa,train
0.4404761904761904,0.6067175131727739,0.4507543257543258,0.2939791245306987,31.52125,36.70695856809616,12.6,5.55,0.3526335716051186,0.8976616986191935,1.7808862911857355,2.675052909090697,-4.90538978556749,-3.145750608616163,-5.885457751281329,518.856527649959,284.5244793387573,0.3057786341491046,0.0533967390019468,0.0746929293454074,0.0094661946991659,0.9430250056766416,0.0311702137978782,0.02081298828125,0.029296875,0.0167236328125,0.01348876953125,0.0081787109375,0.009033203125,0.00732421875,0.01068115234375,0.01025390625,0.02276611328125,0.03369140625,0.0546875,0.06500244140625,0.053466796875,0.0252685546875,0.01605224609375,0.00689697265625,0.00665283203125,0.00384521484375,0.0045166015625,0.00347900390625,0.00494384765625,0.01031494140625,0.0235595703125,0.021240234375,0.517822265625,112.32945623727828,26.3176611127329,129.78380343123,1.4838235869133516,132.4524571096249,2.8610334290062305,/sessions/cool-youthful-allen/mnt/Research/color-histogram-analysis/dataset/segmented/op/004_particle0012.png,op,train
1.2971014492753623,0.5022281832734825,0.2349607319245405,0.1932020847303765,14.51,30.720815074443816,8.95,6.9,0.227696097348,0.6809526234829155,1.0978712807831998,2.126434544315089,-3.893452958839671,-2.7173510219795123,3.88483740286639,360.402639715064,219.94671661278431,0.4779548065486931,0.0621918961254508,0.153840991190211,0.0151205633766189,0.9402033665950802,0.0362971392891413,0.01751708984375,0.02362060546875,0.0107421875,0.009033203125,0.00823974609375,0.0087890625,0.0081787109375,0.00927734375,0.008544921875,0.01226806640625,0.0177001953125,0.0418701171875,0.06988525390625,0.0567626953125,0.03314208984375,0.01800537109375,0.00860595703125,0.00958251953125,0.0035400390625,0.0040283203125,0.00384521484375,0.00543212890625,0.0103759765625,0.02801513671875,0.0335693359375,0.5394287109375,121.47689362865736,23.77370467654287,129.57150669948044,1.4753049672989698,131.82690730106646,2.5407497790734777,/sessions/cool-youthful-allen/mnt/Research/color-histogram-analysis/dataset/segmented/bop1/004_particle0027.png,bop1,train
0.3056603773584905,1.0,0.983927323549965,0.5606952816033702,52.8,34.4,13.25,4.05,0.5225133313068206,1.2049977886566656,0.0,0.0,0.0,0.0,0.0,457.6184023275284,247.8247103375172,0.196919372584715,0.0471845142488347,0.0333054432149587,0.0052055438570488,0.9455812562820992,0.0297472932072947,0.03216552734375,0.0386962890625,0.024658203125,0.018310546875,0.01470947265625,0.01446533203125,0.00762939453125,0.00982666015625,0.00823974609375,0.00982666015625,0.01458740234375,0.024658203125,0.02862548828125,0.029052734375,0.01861572265625,0.01153564453125,0.00701904296875,0.0052490234375,0.00335693359375,0.00238037109375,0.0035400390625,0.004638671875,0.0118408203125,0.03179931640625,0.03155517578125,0.593017578125,236.79613509749305,14.004726334860644,128.5574512534819,0.8808786887743788,132.05449164345404,1.5358950347369482,/sessions/cool-youthful-allen/mnt/Research/color-histogram-analysis/dataset/segmented/op/002_particle0009.png,op,train
1.4366197183098592,0.8533594027728404,0.3314692074012704,0.3885452648013779,6.00125,13.931727820634842,5.1,3.55,0.3579476604480344,0.7892402158759071,2.5396170873505977,3.029271786529058,5.874261158133739,3.6545478025487537,-6.120624016203455,240.9551595297463,193.01454853736024,0.4765215775968918,0.0736141500540516,0.1368188930918951,0.0138052885553344,0.966237175777474,0.0269691778097457,0.01824951171875,0.01605224609375,0.014404296875,0.01397705078125,0.00958251953125,0.008056640625,0.00677490234375,0.0081787109375,0.007568359375,0.01470947265625,0.0228271484375,0.05419921875,0.0810546875,0.07440185546875,0.04315185546875,0.03485107421875,0.0201416015625,0.01611328125,0.00677490234375,0.00811767578125,0.00506591796875,0.009521484375,0.010498046875,0.020751953125,0.03399658203125,0.44097900390625,121.20317124735728,18.1479225680867,128.5350951374207,1.0211996227945863,130.23594080338268,1.5982740468525676,/sessions/cool-youthful-allen/mnt/Research/color-histogram-analysis/dataset/segmented/bop1/002_particle0017.png,bop1,train
0.7678571428571429,0.6403636408859705,0.2969903562200073,0.2754980681626822,64.36375,54.183408641815184,16.8,12.9,0.3580915636218979,0.8534557956094245,1.8422554709472472,2.315248382296376,4.394800725719265,2.743339968762668,-5.611119454164755,398.33352787038297,224.90291195262307,0.3766088485758004,0.0614169098201287,0.0803993168563557,0.0088947420176186,0.9460586399680077,0.0303123605964476,0.01495361328125,0.0220947265625,0.01336669921875,0.01055908203125,0.00830078125,0.00927734375,0.008544921875,0.01177978515625,0.01177978515625,0.02862548828125,0.04547119140625,0.07318115234375,0.08599853515625,0.073974609375,0.0377197265625,0.02264404296875,0.0106201171875,0.0084228515625,0.0035400390625,0.00360107421875,0.002197265625,0.003662109375,0.0045166015625,0.01446533203125,0.01641845703125,0.45428466796875,112.43469991546915,28.737056780978723,130.020921386306,1.2563388542617588,130.30071851225696,3.445477929846427,/sessions/cool-youthful-allen/mnt/Research/color-histogram-analysis/dataset/segmented/opa/4_particle0008.png,opa,train
1.7490774907749078,0.7179271527463286,0.2159722546592554,0.2058579392115713,69.35625,65.06747041344643,23.7,13.55,0.1352206086115288,0.3057453128829702,1.7053005918205086,1.8833906554013085,3.678545006461204,2.0442677174941446,-4.8926165831900645,492.12507779323454,276.58561154226066,0.4109478684374163,0.0613559554730181,0.0911082358339829,0.0111738923683954,0.9274993061809194,0.0406681348209628,0.0145263671875,0.0198974609375,0.0086669921875,0.007080078125,0.00799560546875,0.0101318359375,0.0123291015625,0.0133056640625,0.01690673828125,0.02374267578125,0.030517578125,0.05126953125,0.06298828125,0.06365966796875,0.03692626953125,0.0257568359375,0.01025390625,0.009765625,0.0047607421875,0.0042724609375,0.00360107421875,0.00384521484375,0.0057373046875,0.01751708984375,0.01739501953125,0.51715087890625,113.89249692496924,25.982073587108225,131.44772447724478,1.1711099487379872,128.30750307503075,2.07673347655576,/sessions/cool-youthful-allen/mnt/Research/color-histogram-analysis/dataset/segmented/opa/3_particle0004.png,opa,train
3.1194029850746268,0.6593236324440852,0.3494608298221809,0.2360212129034286,12.23375,25.521677339076994,10.45,3.35,0.1404058122060129,0.346247084238414,1.1828724308153424,1.56721218097195,2.968208351569039,1.8879924064739095,3.416378321877596,319.86761199366794,199.11690924067588,0.4246887256922401,0.0643803012191003,0.128654029226314,0.0140486439146974,0.9628783105551262,0.0230177708478484,0.01806640625,0.02081298828125,0.017578125,0.01580810546875,0.009765625,0.00732421875,0.00555419921875,0.00787353515625,0.0101318359375,0.01727294921875,0.02642822265625,0.04376220703125,0.0606689453125,0.0552978515625,0.02587890625,0.01806640625,0.010009765625,0.00933837890625,0.004638671875,0.0048828125,0.00408935546875,0.0106201171875,0.01702880859375,0.02984619140625,0.04119873046875,0.508056640625,110.30338389731622,22.98214652615941,129.11396343835082,1.1844002091895622,127.4200700116686,2.0480730038104937,/sessions/cool-youthful-allen/mnt/Research/color-histogram-analysis/dataset/segmented/bop1/001_particle0012.png,bop1,train
0.8021978021978022,0.6179547429748607,0.3211065950791978,0.2071935701475337,47.995,53.95289998650551,13.65,10.95,0.4579050060017665,1.30572111602114,1.6184321307232667,2.1361682790262453,4.098634337692573,3.306120891039632,-4.257905832491121,555.5752838293896,277.4555939091467,0.3988760368178404,0.0492808522283106,0.1233955691991829,0.0100596125039646,0.9291829231985588,0.0351693737803412,0.02276611328125,0.02685546875,0.0137939453125,0.0108642578125,0.00555419921875,0.00531005859375,0.0078125,0.0098876953125,0.01287841796875,0.0185546875,0.02490234375,0.03277587890625,0.03985595703125,0.04180908203125,0.02325439453125,0.0203857421875,0.00970458984375,0.0103759765625,0.00494384765625,0.00537109375,0.00531005859375,0.010498046875,0.0089111328125,0.02667236328125,0.037841796875,0.5631103515625,117.210681327312,33.58841481588643,129.5972903985863,0.9727327657056783,132.10524248969173,4.252523535005031,/sessions/cool-youthful-allen/mnt/Research/color-histogram-analysis/dataset/segmented/opa/10_particle0012.png,opa,train
0.6666666666666666,0.5457473785210061,0.2490460999562144,0.2165621385452592,19.9075,33.98771974444389,10.95,7.3,0.2909187861710758,0.7234322110657527,1.6175474292673606,2.1358821247303736,4.07380654312791,2.612100693630961,-4.31745052876774,359.5751725188095,211.4550591664537,0.4104852585065398,0.0635830415922839,0.0896571522584826,0.0118279832578779,0.9427417403012888,0.0335123764397548,0.02239990234375,0.01922607421875,0.00933837890625,0.01104736328125,0.01080322265625,0.01068115234375,0.0078125,0.0128173828125,0.0152587890625,0.02276611328125,0.030517578125,0.05609130859375,0.065673828125,0.06011962890625,0.035888671875,0.0216064453125,0.01202392578125,0.00958251953125,0.00555419921875,0.00531005859375,0.00421142578125,0.004150390625,0.0079345703125,0.01788330078125,0.01947021484375,0.5018310546875,113.65638541932196,26.80025341981133,129.10833545755798,0.9752163927188384,131.62962018863115,2.2614502110072894,/sessions/cool-youthful-allen/mnt/Research/color-histogram-analysis/dataset/segmented/op/008_particle0009.png,op,train
0.9005524861878453,0.3903638478152517,0.1990983967732095,0.1855655513346837,14.685,31.535028606653214,9.05,8.15,0.1092070574592696,0.475529506604065,0.6072626050007384,1.436673256198802,-2.813635153458966,-1.918274462452959,-2.505740516135444,251.49666482044435,156.7377583700112,0.4053084429545888,0.0618256367643668,0.1127703958421559,0.0089065467122544,0.9543252951854267,0.0283324007378038,0.021240234375,0.02545166015625,0.00701904296875,0.00494384765625,0.00445556640625,0.00347900390625,0.0054931640625,0.00726318359375,0.0079345703125,0.0174560546875,0.03778076171875,0.07928466796875,0.1185302734375,0.0814208984375,0.03338623046875,0.0135498046875,0.0052490234375,0.005126953125,0.00177001953125,0.00286865234375,0.001953125,0.0040283203125,0.00738525390625,0.0213623046875,0.02459716796875,0.45697021484375,111.30774131889136,27.732375516057104,130.7601146862058,1.456425203570182,132.5412551768079,1.9924521044513104,/sessions/cool-youthful-allen/mnt/Research/color-histogram-analysis/dataset/segmented/bop1/004_particle0043.png,bop1,train
2.985294117647059,0.5477400197954471,0.3006737177629672,0.2190379267245555,10.37625,24.39863249063492,10.15,3.4,0.1828510275998661,0.4705488732264009,1.0411625338439274,1.472225638201351,2.7725582272289846,2.037206979906104,-3.098815929773396,362.7312339069193,217.78634688623163,0.3766911093719856,0.0721280082883958,0.0982695387574112,0.0158504498131522,0.9496857651322874,0.0300885111509288,0.02471923828125,0.02398681640625,0.0159912109375,0.014892578125,0.01025390625,0.00811767578125,0.00653076171875,0.00811767578125,0.00933837890625,0.013671875,0.02093505859375,0.04058837890625,0.0592041015625,0.0443115234375,0.0281982421875,0.01763916015625,0.00714111328125,0.00787353515625,0.00421142578125,0.00537109375,0.0029296875,0.006103515625,0.0072021484375,0.02020263671875,0.0218505859375,0.57061767578125,112.23106316026072,25.228826747383756,128.58102944481905,1.150120820526157,133.92380310182062,2.049355563807508,/sessions/cool-youthful-allen/mnt/Research/color-histogram-analysis/dataset/segmented/bop1/007_particle0009.png,bop1,train
2.8904109589041096,0.4927296430004011,0.3189962994221905,0.1549284729162353,49.135,63.129855042696,21.1,7.3,0.2305060762447043,0.5655172318048224,1.2903938892287596,1.6083948848345837,3.080046250717438,2.125916822492528,-3.5634667676378333,529.942947691745,300.6042094709327,0.3362050809534579,0.0647220240139554,0.0563079380312253,0.0090172738472366,0.928245210070274,0.0405878056915367,0.01763916015625,0.03887939453125,0.0140380859375,0.0126953125,0.0106201171875,0.01416015625,0.0125732421875,0.0152587890625,0.01171875,0.0128173828125,0.017333984375,0.032958984375,0.0513916015625,0.03228759765625,0.01983642578125,0.01171875,0.00701904296875,0.006103515625,0.003173828125,0.00494384765625,0.00421142578125,0.009765625,0.0115966796875,0.022216796875,0.023193359375,0.58184814453125,111.61602704314971,23.21497118881989,130.545635315172,1.4566566572307589,131.3050308212368,2.026081809933005,/sessions/cool-youthful-allen/mnt/Research/color-histogram-analysis/dataset/segmented/opa/9_particle0010.png,opa,train
2.5533980582524274,0.650390337310355,0.3259994831850566,0.2693535418945659,22.0775,32.09360723495483,13.15,5.15,0.2271714429086256,0.5196581145746639,1.5383965048794883,1.8956263261311843,3.638183172372824,2.317356669260719,-4.090005797965037,217.6816062272951,143.48487690926342,0.400988233876925,0.0683329213194385,0.0790919915863216,0.0110558737688161,0.9670556347996264,0.0216639372451374,0.01434326171875,0.0223388671875,0.009765625,0.01129150390625,0.00738525390625,0.0067138671875,0.0059814453125,0.0089111328125,0.00994873046875,0.02056884765625,0.044189453125,0.06927490234375,0.1015625,0.07568359375,0.0352783203125,0.025390625,0.013916015625,0.01202392578125,0.0081787109375,0.0074462890625,0.00616455078125,0.00750732421875,0.01116943359375,0.01263427734375,0.01849365234375,0.433837890625,123.25911590955388,23.5706589523363,130.47830515379914,1.3429110026607674,127.50213892849868,2.527551484877934,/sessions/cool-youthful-allen/mnt/Research/color-histogram-analysis/dataset/segmented/op/001_particle0041.png,op,train
1.4292929292929293,0.8137725962322993,0.4004889888282114,0.3658821969766155,56.1025,43.896045780181886,14.15,9.9,0.5218387774059787,1.2405470979091142,2.4091293533133102,2.8226264932818927,5.442406243536366,3.495808617973425,-6.313195564198548,530.6097275378409,283.19012317344465,0.3097406014482196,0.0518699057622833,0.0548242106922751,0.0075962157586383,0.9265773125201372,0.0390881324657686,0.0252685546875,0.029541015625,0.013427734375,0.009033203125,0.00677490234375,0.009765625,0.0101318359375,0.01495361328125,0.0177001953125,0.02294921875,0.02703857421875,0.034423828125,0.04327392578125,0.0357666015625,0.0240478515625,0.01666259765625,0.01080322265625,0.00701904296875,0.0030517578125,0.0040283203125,0.0025634765625,0.00469970703125,0.0087890625,0.0260009765625,0.0244140625,0.56787109375,120.77553310886644,26.794330493619672,128.71508738175405,0.7511105857150566,131.20410453743787,2.345333497261846,/sessions/cool-youthful-allen/mnt/Research/color-histogram-analysis/dataset/segmented/opa/10_particle0011.png,opa,train
0.5198412698412699,0.6797104873177122,0.4793408457530595,0.3215097825653159,39.56,39.32203429341316,12.6,6.55,0.4358462439056904,1.0593906684903671,2.1219130525516423,2.978870397723906,-5.780232499769463,-3.593971443160529,-5.611359079106853,438.12092378471874,248.6670150182757,0.3135392539145258,0.0514064447822056,0.0708063819846826,0.0073610303561956,0.956379130588176,0.0247140995031537,0.02325439453125,0.0284423828125,0.01861572265625,0.01239013671875,0.00616455078125,0.007080078125,0.00640869140625,0.00567626953125,0.01055908203125,0.01922607421875,0.03118896484375,0.04296875,0.05938720703125,0.05340576171875,0.0238037109375,0.01483154296875,0.0072021484375,0.007568359375,0.003662109375,0.00445556640625,0.005126953125,0.0087890625,0.01324462890625,0.0233154296875,0.02362060546875,0.53961181640625,104.50351094589011,27.07825605627649,130.47707558859975,1.5853319234959895,134.23585295332506,2.908323971962559,/sessions/cool-youthful-allen/mnt/Research/color-histogram-analysis/dataset/segmented/op/002_particle0001.png,op,train
2.253012048192771,0.5173012526354954,0.268732684749694,0.2270986657835402,10.4275,24.020815080404283,9.35,4.15,0.1025871577226723,0.2978461554585376,0.9813505571089096,1.5662035102593068,2.998194932578303,2.4232693786264794,2.983059825865209,262.9738766678979,170.00023599594044,0.3857482531938478,0.0728553346035407,0.0984325227257413,0.0153382281154452,0.9660454908553402,0.021850343326272,0.0174560546875,0.02655029296875,0.02362060546875,0.01708984375,0.010498046875,0.0064697265625,0.00384521484375,0.0068359375,0.00836181640625,0.014404296875,0.02166748046875,0.04608154296875,0.07269287109375,0.05914306640625,0.03173828125,0.01800537109375,0.01123046875,0.00677490234375,0.0045166015625,0.00341796875,0.00213623046875,0.00469970703125,0.00750732421875,0.02154541015625,0.0260009765625,0.5277099609375,93.07342657342656,29.223664735386745,128.11563436563438,1.082447979604227,131.32517482517483,2.270242628622056,/sessions/cool-youthful-allen/mnt/Research/color-histogram-analysis/dataset/segmented/bop1/005_particle0044.png,bop1,train
1.3740458015267176,0.640296034730872,0.2806827820186598,0.2539728725203268,66.185,57.22569200396538,18.0,13.1,0.3025324178341377,0.705184872879602,2.018671896154686,2.4795759964477173,4.783566582240239,3.0332626822734228,-5.054278914893162,476.7193126436501,230.66821722116163,0.4041418674742303,0.0575658027482608,0.0869315985509083,0.0106737679257576,0.9193038815289108,0.0388077933917146,0.01708984375,0.02294921875,0.0128173828125,0.0091552734375,0.00732421875,0.008544921875,0.005859375,0.0103759765625,0.01513671875,0.0252685546875,0.036865234375,0.04571533203125,0.0599365234375,0.0516357421875,0.03497314453125,0.0302734375,0.01507568359375,0.01361083984375,0.00634765625,0.00592041015625,0.00360107421875,0.00537109375,0.00634765625,0.0179443359375,0.01800537109375,0.51385498046875,129.0314465408805,29.926157990117577,130.16509433962264,1.118903131827596,137.38611859838275,4.061279870802951,/sessions/cool-youthful-allen/mnt/Research/color-histogram-analysis/dataset/segmented/opa/2_particle0008.png,opa,train
0.6829896907216495,0.4045243481366829,0.0826103870842248,0.0997969306189767,21.235,51.70975410342216,19.4,13.25,-0.3181414335888312,-0.6143405256393442,0.3144905953724883,1.26205017886512,-2.086218484521243,-0.9661389484782869,2.4588648346350928,399.7008560183164,290.046772607118,0.5196926054705631,0.0681337315021753,0.1467973471187465,0.014794559829746,0.8789417249862388,0.0876861645892098,0.01678466796875,0.0166015625,0.00830078125,0.0078125,0.00665283203125,0.0048828125,0.0040283203125,0.00567626953125,0.00762939453125,0.01287841796875,0.02728271484375,0.05950927734375,0.09429931640625,0.0693359375,0.03045654296875,0.014892578125,0.006591796875,0.00677490234375,0.0020751953125,0.00299072265625,0.0020751953125,0.00482177734375,0.01007080078125,0.026123046875,0.0302734375,0.52117919921875,114.28251121076234,31.685316235288035,129.48494554772583,0.958423399878516,134.39269698910954,2.2448284571080954,/sessions/cool-youthful-allen/mnt/Research/color-histogram-analysis/dataset/segmented/bop1/005_particle0015.png,bop1,train
2.547945205479452,0.5194272880404267,0.3406613639711298,0.233833303840557,11.56375,24.928784084320068,9.3,3.65,0.1807446278194918,0.4972825599432766,1.0710151612078578,1.715407395079664,3.412211200512123,2.481956355606156,-3.1702405405830434,328.37126239916233,199.9310958174357,0.3561277401813753,0.0727131988741538,0.0638124784266208,0.009982415912252,0.9559342392638396,0.0267339363305676,0.02166748046875,0.0198974609375,0.01251220703125,0.0145263671875,0.008056640625,0.0096435546875,0.0069580078125,0.0115966796875,0.015625,0.02392578125,0.03314208984375,0.05255126953125,0.0679931640625,0.06280517578125,0.02978515625,0.02008056640625,0.01123046875,0.009033203125,0.00531005859375,0.00469970703125,0.0032958984375,0.00372314453125,0.006103515625,0.01495361328125,0.01904296875,0.5118408203125,109.49140825597472,23.06137153023316,128.73612482717758,0.9966825051238698,132.73632233853448,1.6518527428585088,/sessions/cool-youthful-allen/mnt/Research/color-histogram-analysis/dataset/segmented/bop1/005_particle0042.png,bop1,train
0.6968085106382979,0.5806981519507187,0.4019002761084944,0.2415172191996094,24.745,35.88183223009109,9.4,6.55,0.5074496968430543,2.028090983043786,1.6446834398686367,2.468176399782829,-5.071104173085394,-3.6576435844092368,4.542883429746532,275.86942681861046,174.72881875436448,0.3587534634470865,0.064202812416532,0.0839834080910917,0.0100499973863562,0.949136244067678,0.0321588847524529,0.012939453125,0.01885986328125,0.0142822265625,0.0133056640625,0.01318359375,0.01483154296875,0.013427734375,0.014404296875,0.01806640625,0.022216796875,0.03704833984375,0.06884765625,0.079833984375,0.06536865234375,0.03875732421875,0.02264404296875,0.01361083984375,0.0096435546875,0.00762939453125,0.00946044921875,0.00750732421875,0.00909423828125,0.01300048828125,0.02093505859375,0.01641845703125,0.4246826171875,147.65288860517077,26.762321224644023,131.20012767315671,1.3477079109095664,129.91030960740505,2.73425603781581,/sessions/cool-youthful-allen/mnt/Research/color-histogram-analysis/dataset/segmented/op/001_particle0044.png,op,train
2.238636363636364,0.4626679318783399,0.2671896631287494,0.2062934388561448,11.58,26.55929262638092,9.85,4.4,0.1262817236377811,0.3650254707190741,1.002742458175368,1.7539898491252488,3.7846110553132974,-3.8141630661238657,3.143403003413228,293.22400118166905,187.43968063056,0.3356021821738221,0.0721843531939347,0.0697477155826292,0.0113305477553915,0.9577450039638602,0.0268999446117859,0.02325439453125,0.0223388671875,0.015625,0.01324462890625,0.0086669921875,0.00787353515625,0.00811767578125,0.00836181640625,0.01263427734375,0.020263671875,0.0369873046875,0.05975341796875,0.067626953125,0.052490234375,0.0277099609375,0.0201416015625,0.010009765625,0.0067138671875,0.0042724609375,0.00390625,0.00201416015625,0.00360107421875,0.00579833984375,0.01788330078125,0.01806640625,0.52264404296875,94.33840304182507,27.77350558821933,130.19416983523448,1.499071610138097,132.77287705956908,2.3123900498849816,/sessions/cool-youthful-allen/mnt/Research/color-histogram-analysis/dataset/segmented/bop1/005_particle0050.png,bop1,train
2.833333333333333,0.4799398416419693,0.3680711038740756,0.1968811862833465,27.125,41.60904007554054,14.45,5.1,0.1314114455212349,0.3471993688718867,1.3253771683746172,1.6627767830064233,3.184426903399726,2.052284598372614,3.6186284746765223,529.3805705718016,308.5767463049409,0.3498785601690991,0.0594211719202135,0.0797915186367795,0.0114800174227161,0.925781646894794,0.0431387262241619,0.0189208984375,0.026611328125,0.00750732421875,0.00714111328125,0.0064697265625,0.0103759765625,0.013427734375,0.01812744140625,0.0203857421875,0.026611328125,0.03253173828125,0.052978515625,0.06353759765625,0.05419921875,0.0277099609375,0.01763916015625,0.01214599609375,0.01007080078125,0.00634765625,0.00592041015625,0.0032958984375,0.0059814453125,0.00811767578125,0.01898193359375,0.02130126953125,0.503662109375,125.74242964018524,28.972757105658324,130.0285001781261,1.5491841384242375,134.79889561809762,3.3693211641783507,/sessions/cool-youthful-allen/mnt/Research/color-histogram-analysis/dataset/segmented/op/004_particle0006.png,op,train
1.2913907284768211,0.7061818874030362,0.251978264561046,0.2383839872858743,18.54875,31.269700103998183,9.75,7.55,0.3510984848530801,0.8107300233468366,2.21771716983701,3.141730793250414,6.213415310052968,-4.271751508450624,-5.860472986750799,249.1646021037904,187.45444373635496,0.488951880612031,0.0680232867985599,0.1233706323952541,0.0134971277343582,0.9582996742532156,0.031260758350888,0.01318359375,0.0162353515625,0.0086669921875,0.0087890625,0.00762939453125,0.0093994140625,0.0059814453125,0.01019287109375,0.012939453125,0.0235595703125,0.0372314453125,0.06396484375,0.08502197265625,0.07696533203125,0.04522705078125,0.031494140625,0.015380859375,0.016357421875,0.0074462890625,0.01019287109375,0.004638671875,0.0084228515625,0.011474609375,0.02166748046875,0.0223388671875,0.42559814453125,125.22764435360246,27.82290410922748,133.31323454266737,1.9159640803928455,131.41849770056209,3.1543701898240344,/sessions/cool-youthful-allen/mnt/Research/color-histogram-analysis/dataset/segmented/op/001_particle0013.png,op,train
2.067415730337079,0.7759507156422252,0.5114802149487054,0.3881255375657692,20.94,26.037972331047055,9.2,4.45,0.4874292914608492,1.1419009031449678,2.712435684614805,3.492004768858922,7.219436956744067,-4.664163558071762,6.606780239221559,418.6036856962032,250.7565995698328,0.239681334759299,0.0579540947306755,0.0413122828044574,0.006127193514534,0.948102456367356,0.0311300699160714,0.04254150390625,0.040283203125,0.01788330078125,0.0108642578125,0.00762939453125,0.0062255859375,0.0072021484375,0.00921630859375,0.00836181640625,0.01055908203125,0.01263427734375,0.0242919921875,0.02850341796875,0.0281982421875,0.01300048828125,0.00830078125,0.00421142578125,0.00634765625,0.00494384765625,0.00567626953125,0.00433349609375,0.0057373046875,0.011962890625,0.02813720703125,0.029541015625,0.6234130859375,113.626938239159,25.632615858520104,129.38094612352168,1.4186035029361768,134.25045992115636,2.715425914331946,/sessions/cool-youthful-allen/mnt/Research/color-histogram-analysis/dataset/segmented/op/004_particle0023.png,op,train
0.6205533596837944,0.2902979373567609,0.176984466654918,0.1338307129960279,17.575,40.623253506422046,12.65,7.85,-0.0136018511142377,0.2051950596271569,0.3474759985550784,1.1448829982068591,-2.1548442553895093,-1.3412483709349132,1.9675172804494143,407.2421316853445,250.2241445407671,0.5005382480668608,0.0635088250944484,0.1832439983603629,0.0162381833891336,0.9181558936087244,0.0500833104941392,0.0169677734375,0.024169921875,0.01373291015625,0.010498046875,0.00732421875,0.0076904296875,0.0064697265625,0.00933837890625,0.01104736328125,0.01251220703125,0.0172119140625,0.04443359375,0.0693359375,0.06280517578125,0.03125,0.0174560546875,0.01019287109375,0.01025390625,0.00640869140625,0.01031494140625,0.01202392578125,0.0194091796875,0.01837158203125,0.0279541015625,0.0408935546875,0.48193359375,125.32937478169752,22.61987046485048,128.90289905693328,1.2282343144533323,131.34718826405867,1.807047064631055,/sessions/cool-youthful-allen/mnt/Research/color-histogram-analysis/dataset/segmented/bop1/004_particle0026.png,bop1,train
2.5533980582524274,0.7834519476286196,0.5323563069880763,0.3685860981833468,36.0525,35.05929262042046,13.15,5.15,0.4441355076076412,1.038766090496609,2.36301269711651,3.3275021719013798,-6.325209329971351,-3.979874193170308,-6.321356964300987,381.2953481438701,193.5500033840194,0.2384609269232162,0.0476200756390062,0.0372997351920899,0.0057239197437906,0.9476708862304618,0.0266428707871342,0.02691650390625,0.0406494140625,0.0101318359375,0.008056640625,0.00604248046875,0.00604248046875,0.0074462890625,0.01165771484375,0.01409912109375,0.0194091796875,0.02606201171875,0.0382080078125,0.05291748046875,0.04449462890625,0.03076171875,0.02227783203125,0.01190185546875,0.00848388671875,0.00537109375,0.0050048828125,0.0037841796875,0.00445556640625,0.00689697265625,0.0179443359375,0.02362060546875,0.54736328125,123.93601689650887,27.35312725208203,130.7702820226115,1.8262947185577725,135.16946204497452,3.010291160749713,/sessions/cool-youthful-allen/mnt/Research/color-histogram-analysis/dataset/segmented/op/005_particle0000.png,op,train
0.9421052631578948,0.3646885101967514,0.1343428403410761,0.1389381720314883,11.4225,32.14213531017303,9.5,8.95,-0.0351091620957743,0.068151000153459,0.2301966936594633,1.111051092563122,-2.1141589640146177,-1.3332791036411895,1.834596684726148,338.1632873057605,225.6615452348196,0.5077077263480531,0.0628335495412519,0.1590371413958078,0.0132285439620497,0.92110625381619,0.0523389942425341,0.01922607421875,0.0233154296875,0.0078125,0.00555419921875,0.00445556640625,0.005615234375,0.00396728515625,0.00616455078125,0.0079345703125,0.01470947265625,0.027099609375,0.05059814453125,0.06512451171875,0.065673828125,0.02691650390625,0.015869140625,0.00726318359375,0.00677490234375,0.001708984375,0.00469970703125,0.001708984375,0.00640869140625,0.00933837890625,0.03253173828125,0.0362548828125,0.54327392578125,116.59844322344324,26.37258430083506,130.6584249084249,1.559148968006109,132.6085164835165,2.8097718020150007,/sessions/cool-youthful-allen/mnt/Research/color-histogram-analysis/dataset/segmented/bop1/002_particle0007.png,bop1,train
3.573529411764706,0.4589862692052473,0.2720890825465988,0.1644075970758388,11.24,29.31076453924179,12.15,3.4,-0.0043774287329034,0.0663655937366269,0.665409387199029,1.4555848367421784,-4.666359987604551,-1.9488021211589104,2.51609281820128,435.0278929220082,272.66142470450785,0.3519065839959099,0.0818450653760197,0.0740254719555954,0.0141119969112512,0.9426313636526606,0.0358095644339173,0.01953125,0.0274658203125,0.01513671875,0.01531982421875,0.0087890625,0.00750732421875,0.00848388671875,0.0107421875,0.01385498046875,0.01763916015625,0.02752685546875,0.0372314453125,0.0550537109375,0.0572509765625,0.0355224609375,0.017578125,0.01043701171875,0.00750732421875,0.00439453125,0.00579833984375,0.004150390625,0.005615234375,0.0059814453125,0.01824951171875,0.01910400390625,0.54412841796875,99.85863613738178,26.34441684657436,128.3168242906919,1.1063060429709737,132.35589845694375,2.1041252949827323,/sessions/cool-youthful-allen/mnt/Research/color-histogram-analysis/dataset/segmented/bop1/005_particle0036.png,bop1,train
0.5579399141630901,0.7630233162867297,0.4359359524595576,0.3868050997797255,33.01125,32.748379999399184,11.65,6.5,0.4811235439926637,1.143080868013831,2.318624391802992,3.1429216313003936,-7.032601576491672,-4.122372806039787,-5.874741740357891,394.47061002186007,237.0340915592552,0.351341171611407,0.0528147181395994,0.1002247894820006,0.0113784043650881,0.9589369756501782,0.0246287437332476,0.02056884765625,0.0264892578125,0.0126953125,0.0133056640625,0.01104736328125,0.00799560546875,0.00506591796875,0.00701904296875,0.008544921875,0.014404296875,0.02313232421875,0.04742431640625,0.06854248046875,0.0567626953125,0.0296630859375,0.0186767578125,0.00921630859375,0.009033203125,0.004150390625,0.00701904296875,0.00604248046875,0.00762939453125,0.01177978515625,0.022216796875,0.0262451171875,0.52532958984375,110.61169415292352,27.423324448660534,130.1056971514243,1.362734018154227,133.02143928035983,3.066038132920076,/sessions/cool-youthful-allen/mnt/Research/color-histogram-analysis/dataset/segmented/op/003_particle0025.png,op,train
0.7712418300653595,0.5382128940843075,0.3366290018832392,0.2489146736336251,15.19375,27.695688790082933,7.65,5.9,0.442272638179831,1.20288462075921,1.9576116378966164,2.901251589367013,-5.334419526385662,-3.5753575002604747,-6.214703614667886,268.9934417134691,182.2427729772973,0.3759620224531125,0.0738801978575957,0.068565648617426,0.009587306194791,0.9561192194901598,0.0296532364682861,0.01556396484375,0.0147705078125,0.01348876953125,0.02044677734375,0.015869140625,0.01458740234375,0.016357421875,0.021240234375,0.0242919921875,0.03216552734375,0.04412841796875,0.06573486328125,0.07965087890625,0.06939697265625,0.03863525390625,0.02734375,0.013916015625,0.0086669921875,0.00537109375,0.005859375,0.0067138671875,0.0084228515625,0.0098876953125,0.01715087890625,0.01953125,0.39080810546875,127.14165360501568,22.88883189415215,131.1871081504702,1.409517005548509,128.5444749216301,2.062213416623838,/sessions/cool-youthful-allen/mnt/Research/color-histogram-analysis/dataset/segmented/op/001_particle0034.png,op,train
0.589041095890411,0.5161179052994669,0.2912994230292733,0.2379222909960521,20.57375,32.964317965507504,10.95,6.45,0.2219165154355539,0.6867403532733928,1.0084172286349171,1.9652209653408204,-3.5334781583747827,-2.3408878475785824,3.704451357222709,204.20719308293477,136.12547180928544,0.429984876604531,0.0693107570770829,0.0782584016475668,0.0098080196127234,0.9633081348271126,0.0243816473453965,0.013671875,0.02142333984375,0.0167236328125,0.01727294921875,0.01165771484375,0.00921630859375,0.0068359375,0.00799560546875,0.01043701171875,0.02069091796875,0.0352783203125,0.05865478515625,0.08355712890625,0.0662841796875,0.043212890625,0.02496337890625,0.01300048828125,0.01080322265625,0.0062255859375,0.00640869140625,0.00543212890625,0.00677490234375,0.0086669921875,0.01947021484375,0.02252197265625,0.45281982421875,125.08565647482014,28.6345365381124,130.7234712230216,1.3898292559457357,132.2765287769784,2.50950842894127,/sessions/cool-youthful-allen/mnt/Research/color-histogram-analysis/dataset/segmented/op/009_particle0014.png,op,train
0.2222222222222222,0.6344414495357892,0.3498480644735103,0.1867157919958715,13.24,29.85096663236618,13.05,2.9,-0.015561504407577,-0.0070193343129628,1.3683178164913652,1.9898328448965252,3.854703850420873,2.665192560394863,3.7890815414662784,290.6770703832189,179.21310368125154,0.3926478770986957,0.079509527315693,0.085433769544959,0.0138585087321425,0.9618135187551012,0.0234808961344602,0.01947021484375,0.0274658203125,0.01123046875,0.0106201171875,0.00714111328125,0.007568359375,0.007080078125,0.01068115234375,0.01531982421875,0.0224609375,0.0321044921875,0.04302978515625,0.0543212890625,0.04541015625,0.0244140625,0.0164794921875,0.01019287109375,0.0093994140625,0.00604248046875,0.00714111328125,0.00506591796875,0.0086669921875,0.01287841796875,0.0191650390625,0.02032470703125,0.54632568359375,115.57658536585366,22.52344552008798,130.05541463414633,1.5052598669674664,129.31043902439023,1.985365556421144,/sessions/cool-youthful-allen/mnt/Research/color-histogram-analysis/dataset/segmented/bop1/003_particle0013.png,bop1,train
1.879032258064516,0.6866259503926212,0.4766717430430569,0.3402855019826313,34.43,35.65756809711456,11.65,6.2,0.5369200547757341,1.4583778360365331,1.9955098356239205,2.553745260309169,5.035386306627779,4.219038769796305,4.934095750154158,407.4741583583914,244.07015740790987,0.2497116558141236,0.0508848850629754,0.0405786981665866,0.0050260820721302,0.9479408078188084,0.0311969307182674,0.03131103515625,0.0389404296875,0.015625,0.0106201171875,0.01007080078125,0.00933837890625,0.00885009765625,0.0087890625,0.0096435546875,0.01348876953125,0.0196533203125,0.03314208984375,0.04931640625,0.03955078125,0.0196533203125,0.012451171875,0.00701904296875,0.0064697265625,0.00323486328125,0.00286865234375,0.00225830078125,0.00433349609375,0.00823974609375,0.02618408203125,0.0250244140625,0.58392333984375,109.62682995495496,25.65551557614544,130.10289977477478,1.5028023871187053,133.53505067567568,3.021443454581564,/sessions/cool-youthful-allen/mnt/Research/color-histogram-analysis/dataset/segmented/op/006_particle0004.png,op,train
1.626865671641791,0.4416103743532973,0.3345714090099959,0.1860129335869151,24.43375,40.62827879786492,10.9,6.7,0.3014414621920491,1.1514493244383843,1.2241025773418333,1.8823915992835407,-4.111908234515432,-2.75841320781931,-3.4455024277968542,408.37156410217335,243.98658939191583,0.4377096050642885,0.0531416627247455,0.1765958863864652,0.011801594574178,0.9228993217152284,0.0459546353670566,0.01409912109375,0.0257568359375,0.01318359375,0.010986328125,0.00933837890625,0.01300048828125,0.0093994140625,0.0108642578125,0.0123291015625,0.01641845703125,0.0252685546875,0.044921875,0.05902099609375,0.0584716796875,0.025634765625,0.02008056640625,0.00982666015625,0.01458740234375,0.00506591796875,0.00775146484375,0.007568359375,0.0145263671875,0.01727294921875,0.027099609375,0.09466552734375,0.432861328125,151.14926457236243,27.72808021906861,129.80860722716542,1.1466210310703129,133.60595605592883,2.842609608845283,/sessions/cool-youthful-allen/mnt/Research/color-histogram-analysis/dataset/segmented/op/008_particle0027.png,op,train
0.8983050847457628,0.5389898018748068,0.2788792950289592,0.217790881396739,19.62125,33.647160625457765,8.85,7.95,0.3289391926180898,0.8173941670186179,2.040914508656221,2.827445412228164,-5.821916327181271,-3.774470305205978,-5.278732095979485,352.23447354187994,211.6480793975713,0.4384836370629072,0.0615705780757168,0.1429798845366872,0.0132993647525299,0.945254208034145,0.0327387759746372,0.01654052734375,0.01971435546875,0.00994873046875,0.0081787109375,0.00836181640625,0.00958251953125,0.00885009765625,0.01318359375,0.0155029296875,0.02655029296875,0.0379638671875,0.05712890625,0.06494140625,0.05633544921875,0.03741455078125,0.02203369140625,0.01025390625,0.01220703125,0.00537109375,0.007568359375,0.00439453125,0.0106201171875,0.01116943359375,0.02825927734375,0.033203125,0.4647216796875,125.81563620071684,25.465026567625493,130.0152329749104,1.315315435485585,134.57347670250897,2.590386644171697,/sessions/cool-youthful-allen/mnt/Research/color-histogram-analysis/dataset/segmented/op/007_particle0009.png,op,train
0.3971830985915493,0.9975585149313962,0.98769353710918,0.612107218812421,123.5975,50.37279217243194,17.75,7.05,0.613735707704894,1.5032342643305994,7.126353819102698,7.853098405704578,15.364389385544769,8.928513347083012,15.855021487058146,379.9827338209,196.17819565027943,0.2310229331440925,0.0445677287314262,0.0473509327814421,0.0048111348236713,0.926942415374575,0.0379246263268106,0.02972412109375,0.03814697265625,0.02313232421875,0.01129150390625,0.0068359375,0.004638671875,0.00347900390625,0.00567626953125,0.00579833984375,0.0091552734375,0.01898193359375,0.02825927734375,0.04150390625,0.032470703125,0.0228271484375,0.01483154296875,0.0072021484375,0.00494384765625,0.0032958984375,0.00390625,0.00250244140625,0.00738525390625,0.01263427734375,0.02459716796875,0.02886962890625,0.60791015625,235.24783814651656,12.353699459422334,128.8376570403002,0.956166814511924,129.8867678250938,1.859628402618545,/sessions/cool-youthful-allen/mnt/Research/color-histogram-analysis/dataset/segmented/opa/8_particle0007.png,opa,train
0.5663082437275986,0.5369125147808899,0.345061476339549,0.2423252110554166,38.0275,44.40731545686722,13.95,7.9,0.3412181325341571,1.1115433846859908,1.3462059593331177,2.014218934285576,3.937149319273881,4.000947885250603,-3.780427826294208,470.0140899896527,272.4267701477766,0.3032725067814929,0.0574548286357545,0.0499352342827027,0.0070357482068689,0.943680695435366,0.0325312854303322,0.01934814453125,0.02734375,0.01263427734375,0.00994873046875,0.0089111328125,0.010986328125,0.01025390625,0.0107421875,0.01251220703125,0.02178955078125,0.03875732421875,0.05279541015625,0.06640625,0.05474853515625,0.03375244140625,0.0174560546875,0.00738525390625,0.00537109375,0.00274658203125,0.0029296875,0.0030517578125,0.004638671875,0.00726318359375,0.01959228515625,0.0216064453125,0.51702880859375,98.88688372093024,28.66371898590199,130.27906976744185,1.0403394212523014,131.26120930232557,2.907416727261501,/sessions/cool-youthful-allen/mnt/Research/color-histogram-analysis/dataset/segmented/op/008_particle0010.png,op,train
1.556521739130435,0.4836601307189542,0.312752003886325,0.2378540535067643,16.095,29.16051192879677,8.95,5.75,0.3081034929925927,1.054648556169732,1.2004175446757943,1.987931740608846,-3.867838190929648,-2.5930039954749184,-3.64992440440244,303.2499592787238,200.0920930449119,0.2816573619633749,0.051628420791441,0.0456936976177976,0.0044342955666245,0.9583102036205188,0.0273993740230817,0.0196533203125,0.02880859375,0.01263427734375,0.01373291015625,0.01025390625,0.00823974609375,0.0064697265625,0.00958251953125,0.013916015625,0.02032470703125,0.02825927734375,0.0584716796875,0.0911865234375,0.067138671875,0.02386474609375,0.01202392578125,0.0078125,0.0054931640625,0.00390625,0.00433349609375,0.003662109375,0.00396728515625,0.0057373046875,0.01617431640625,0.02130126953125,0.5030517578125,94.07094162760971,24.502434060970955,130.25884107371112,1.339837961783026,130.31529612270984,1.873921319510196,/sessions/cool-youthful-allen/mnt/Research/color-histogram-analysis/dataset/segmented/bop1/006_particle0038.png,bop1,train
1.196078431372549,0.6840641361256544,0.2239901425050894,0.2632888141845125,15.67875,27.355486661195755,9.15,7.65,0.2602722782426044,0.582302579896668,1.8317641092664905,2.254895999676247,4.3208235090463525,2.651961757501344,-4.800774200493787,289.7738766916019,207.7055093034342,0.449813818105789,0.0689955753744464,0.125663703222446,0.0133773993083431,0.9545165995004036,0.0324761227553132,0.0137939453125,0.01641845703125,0.0111083984375,0.0125732421875,0.0107421875,0.01116943359375,0.00909423828125,0.0111083984375,0.01202392578125,0.0216064453125,0.0345458984375,0.06854248046875,0.1033935546875,0.0726318359375,0.041259765625,0.0272216796875,0.0208740234375,0.01409912109375,0.0072021484375,0.00604248046875,0.00518798828125,0.00640869140625,0.00787353515625,0.01593017578125,0.01898193359375,0.420166015625,114.97598675131108,21.93201368049739,130.45625172508971,1.8072152670257315,131.45045542368203,1.8566377438781856,/sessions/cool-youthful-allen/mnt/Research/color-histogram-analysis/dataset/segmented/bop1/002_particle0009.png,bop1,train
2.8526315789473684,0.8063024593911475,0.4538211303165663,0.2972226103502721,116.83625,70.28340842723847,27.1,9.5,0.3796104239093933,0.8684023812745112,1.8877966623339144,2.284911809165877,4.383561583431192,2.7933959908619896,5.000888186701282,579.0689938823164,313.7065021175707,0.2877604553392052,0.0551278589999403,0.048528490814929,0.0076925712708134,0.9410999600635792,0.0319228253306649,0.02496337890625,0.02691650390625,0.01409912109375,0.01104736328125,0.00689697265625,0.0101318359375,0.01068115234375,0.0133056640625,0.0135498046875,0.02105712890625,0.03692626953125,0.04754638671875,0.05108642578125,0.04254150390625,0.027099609375,0.01861572265625,0.0130615234375,0.0067138671875,0.00445556640625,0.0045166015625,0.00341796875,0.00408935546875,0.0089111328125,0.02117919921875,0.02655029296875,0.5306396484375,100.49277192982456,24.29291103804503,130.2981052631579,1.2959761975858743,131.20533333333333,2.1877681436323178,/sessions/cool-youthful-allen/mnt/Research/color-histogram-analysis/dataset/segmented/opa/6_particle0001.png,opa,train
1.5090252707581226,0.5586859677882433,0.2604934966230805,0.1650144678247286,75.40375,75.77752087712288,20.9,13.85,0.2202801176209504,0.517716406484407,1.7161063849601923,1.9538989369429145,3.798360482172396,2.3725230942661217,-4.474071074215213,542.1329376940405,262.093534884244,0.4617067051375049,0.053898096842487,0.1051471287757394,0.0121265087975528,0.9000774526320557,0.0480109838296543,0.01239013671875,0.02276611328125,0.01409912109375,0.01019287109375,0.00799560546875,0.00872802734375,0.00830078125,0.0113525390625,0.014892578125,0.026123046875,0.03271484375,0.053955078125,0.05157470703125,0.059814453125,0.0426025390625,0.03509521484375,0.0169677734375,0.0130615234375,0.00830078125,0.00787353515625,0.0048828125,0.00567626953125,0.00799560546875,0.0174560546875,0.01885986328125,0.486328125,138.1512683267396,30.87708512399809,129.68652548289504,1.047037758327363,132.02047940423552,3.0687642295077167,/sessions/cool-youthful-allen/mnt/Research/color-histogram-analysis/dataset/segmented/opa/8_particle0011.png,opa,train
3.1728395061728394,0.4406311637080868,0.1341451698131334,0.1000222030191907,6.98125,29.6157898247242,12.85,4.05,-0.3124310665250068,-0.6005375380383029,0.1038378341233371,0.3251060260680053,0.5429447092760947,0.081188682937388,-1.446030680413891,173.61112902799476,124.00246566109506,0.4454473452550663,0.0682765618779275,0.1357530032501256,0.0174852274050816,0.9390629316742922,0.0433146103997226,0.02593994140625,0.030517578125,0.010009765625,0.00750732421875,0.00421142578125,0.0052490234375,0.00494384765625,0.0047607421875,0.0067138671875,0.00885009765625,0.0174560546875,0.0411376953125,0.06451416015625,0.052490234375,0.02117919921875,0.0147705078125,0.00775146484375,0.0101318359375,0.0035400390625,0.00421142578125,0.00311279296875,0.00396728515625,0.0068359375,0.027099609375,0.0281982421875,0.58489990234375,136.08796296296296,28.188381562440565,130.19537037037037,1.366523316280004,130.6925925925926,1.476024672564522,/sessions/cool-youthful-allen/mnt/Research/color-histogram-analysis/dataset/segmented/bop1/003_particle0046.png,bop1,train
0.6968641114982579,0.3621476423185216,0.1949477351916376,0.1194982744292269,27.975,54.23868636488915,14.35,10.0,0.0460001165258954,0.3073339580652011,0.7681271924688583,1.8388912253378276,-3.427349861340453,-2.16924075287824,-3.2105059704454297,424.48374354770624,237.94901386400016,0.4576838085230935,0.0618274358374496,0.1258910566342973,0.0116920785271055,0.9131875240434854,0.0483884101903266,0.0142822265625,0.02862548828125,0.017578125,0.01324462890625,0.01007080078125,0.0089111328125,0.009033203125,0.01214599609375,0.013427734375,0.0177001953125,0.02801513671875,0.03790283203125,0.05633544921875,0.06036376953125,0.03448486328125,0.02081298828125,0.012451171875,0.01019287109375,0.0057373046875,0.00494384765625,0.00531005859375,0.007568359375,0.0120849609375,0.022705078125,0.029296875,0.50677490234375,124.72237871674491,27.572665411776605,130.19405320813772,1.0746309205128328,133.6870109546166,2.738870548123663,/sessions/cool-youthful-allen/mnt/Research/color-histogram-analysis/dataset/segmented/op/008_particle0003.png,op,train
1.6223776223776225,0.4078863623213562,0.2124879430913913,0.1795437066101372,17.62375,35.12117203474045,11.6,7.15,0.1236085619137226,0.6276790279677896,0.5531083798127108,1.2742071265560675,2.473925595784298,-2.7771389476046027,2.25556245332626,393.2160191444418,230.37123654030984,0.4167829784976792,0.0640514946314661,0.1039958091192493,0.010857430638627,0.9358066520099406,0.037429337217284,0.0162353515625,0.02191162109375,0.0087890625,0.00994873046875,0.00775146484375,0.00811767578125,0.0078125,0.0079345703125,0.0096435546875,0.02154541015625,0.037841796875,0.07470703125,0.0921630859375,0.074462890625,0.04150390625,0.021728515625,0.00787353515625,0.006103515625,0.00250244140625,0.00311279296875,0.00152587890625,0.00323486328125,0.00445556640625,0.01922607421875,0.0255126953125,0.46435546875,111.58804283164784,22.818519718729014,129.48453301606187,1.307519063940743,130.98393813206425,2.1469741763606263,/sessions/cool-youthful-allen/mnt/Research/color-histogram-analysis/dataset/segmented/bop1/006_particle0024.png,bop1,train
0.5436893203883495,0.8375042387249915,0.3568250115580212,0.2776533664684606,46.30875,45.7809699177742,15.45,8.4,0.4208509679446968,0.9339732357393457,3.194245189148293,3.431232434877997,6.74538044922157,3.933016669544333,7.838565948469612,427.5428368820102,263.8027783575992,0.3158684884441383,0.0404853532567073,0.0690964177344902,0.00510307836989,0.9475341552771912,0.0322544745295071,0.02777099609375,0.0306396484375,0.01300048828125,0.0106201171875,0.0067138671875,0.00537109375,0.003173828125,0.00494384765625,0.00616455078125,0.01104736328125,0.0203857421875,0.03985595703125,0.0509033203125,0.0419921875,0.01959228515625,0.0130615234375,0.0078125,0.0064697265625,0.00384521484375,0.00299072265625,0.00360107421875,0.00506591796875,0.0081787109375,0.02642822265625,0.023681640625,0.606689453125,107.10507505360972,26.93996388295827,130.50696926375983,1.6768366968334385,136.46068620443174,3.0703669969961,/sessions/cool-youthful-allen/mnt/Research/color-histogram-analysis/dataset/segmented/op/005_particle0015.png,op,train
1.475409836065574,0.8044991573239539,0.2499772313296903,0.2749588810246153,13.72375,25.044216829538342,9.0,6.1,0.2693228154074566,0.5854026316233389,2.5765432877738705,2.647105531740414,5.258930074054005,2.9404854811836887,8.366106737758592,223.62142254364363,169.94062810075204,0.4322295160123189,0.0654041328482624,0.1173167846312458,0.0121913930806394,0.9672529631689726,0.0247899059694918,0.016845703125,0.02130126953125,0.007568359375,0.0078125,0.007080078125,0.007568359375,0.00628662109375,0.005859375,0.007080078125,0.01055908203125,0.03009033203125,0.06817626953125,0.10968017578125,0.07806396484375,0.03167724609375,0.018310546875,0.0067138671875,0.0103759765625,0.00372314453125,0.00445556640625,0.002685546875,0.00537109375,0.00811767578125,0.01873779296875,0.02655029296875,0.47930908203125,109.17193164163646,25.702586468342016,130.33894355256345,1.3824867163537138,131.5422061108234,1.7962372493101713,/sessions/cool-youthful-allen/mnt/Research/color-histogram-analysis/dataset/segmented/bop1/004_particle0040.png,bop1,train
1.5151515151515151,0.432915298098935,0.1647537878787879,0.1823872182634783,10.87375,27.371424752473832,10.0,6.6,-0.0202417981176512,0.0560746640291039,0.5506332435040445,1.4386015657222675,-2.7137423408262413,-1.6277613506493491,2.502978048612807,326.86378557921347,212.9174553362201,0.5076291541494219,0.0640193399961987,0.1657274333872428,0.0151341510627521,0.9300996317567568,0.0452818537856538,0.0164794921875,0.0224609375,0.00958251953125,0.007568359375,0.00396728515625,0.00531005859375,0.00433349609375,0.005859375,0.00634765625,0.011962890625,0.0238037109375,0.0592041015625,0.08905029296875,0.06585693359375,0.02685546875,0.0169677734375,0.0074462890625,0.00830078125,0.00372314453125,0.00482177734375,0.003662109375,0.00653076171875,0.0098876953125,0.02960205078125,0.03021240234375,0.52020263671875,122.5633484162896,24.180851073156955,129.48303167420815,1.4256638824716277,130.13800904977376,1.9957995755133977,/sessions/cool-youthful-allen/mnt/Research/color-histogram-analysis/dataset/segmented/bop1/001_particle0003.png,bop1,train
0.4487179487179487,0.6993642469738874,0.3962352462352462,0.3034578361075931,24.33875,31.747160571813584,11.7,5.25,0.4773930322184065,1.1462826313342818,2.240714002060876,2.8914652319915057,5.461642312377268,3.5118976076006665,6.322245596369229,480.0266389804794,248.42559451012173,0.3383804855796062,0.0508473349290811,0.0709982606708822,0.0093542302136569,0.943320025906056,0.0292418535594177,0.02410888671875,0.0252685546875,0.01025390625,0.01019287109375,0.0093994140625,0.0081787109375,0.00946044921875,0.00885009765625,0.0123291015625,0.0181884765625,0.02691650390625,0.03912353515625,0.04644775390625,0.04620361328125,0.02880859375,0.02215576171875,0.0108642578125,0.00775146484375,0.00555419921875,0.00689697265625,0.0064697265625,0.0064697265625,0.00958251953125,0.0184326171875,0.0191650390625,0.56292724609375,114.20648918469216,28.855658764773523,131.33910149750417,1.5273933047849586,135.19750415973377,3.25802637608832,/sessions/cool-youthful-allen/mnt/Research/color-histogram-analysis/dataset/segmented/op/004_particle0003.png,op,train
2.877551020408163,0.4809052333804809,0.319872629903025,0.2189677047313397,5.525,17.806601524353027,7.05,2.45,0.1150203131352645,0.3448075948645608,0.7853162477075467,1.11089153456299,2.0808569324538158,1.4555331349574565,2.5683715935872926,327.3016146375716,211.50040361014425,0.4329379321367477,0.0805463308319458,0.1492635413144376,0.0136737068684772,0.9524587577166096,0.0306072000736845,0.0155029296875,0.01824951171875,0.01312255859375,0.01690673828125,0.01275634765625,0.011962890625,0.010498046875,0.0133056640625,0.0133056640625,0.01898193359375,0.02294921875,0.04931640625,0.06317138671875,0.06353759765625,0.02850341796875,0.02288818359375,0.01080322265625,0.0140380859375,0.00872802734375,0.0103759765625,0.007568359375,0.013671875,0.0123291015625,0.0198974609375,0.0396728515625,0.46795654296875,120.26044444444445,22.79300457553253,128.6511111111111,0.999804919243354,133.57844444444444,1.661947258897834,/sessions/cool-youthful-allen/mnt/Research/color-histogram-analysis/dataset/segmented/bop1/005_particle0028.png,bop1,train
0.3942307692307692,0.5558606196190089,0.2403699577861163,0.1870883336073175,40.9975,52.47594472169876,20.8,8.2,0.0806542417125149,0.2112356720475806,1.2352870800077267,2.0591209313511354,-4.814650239189969,-2.692995623849147,-3.707647528238099,279.8238922437697,167.4066223299161,0.5892094341605189,0.047108037180075,0.2454453634420401,0.0201690681268372,0.9343223821126088,0.0390953357798066,0.01116943359375,0.008056640625,0.00701904296875,0.00958251953125,0.00775146484375,0.0068359375,0.0042724609375,0.00799560546875,0.0064697265625,0.01324462890625,0.0262451171875,0.05352783203125,0.074951171875,0.0755615234375,0.03326416015625,0.02996826171875,0.01763916015625,0.0325927734375,0.01116943359375,0.019287109375,0.00750732421875,0.0155029296875,0.01611328125,0.0318603515625,0.08984375,0.382568359375,154.16778350515463,26.649605773269062,130.44536082474227,1.119924575751651,132.62474226804125,3.354010706627541,/sessions/cool-youthful-allen/mnt/Research/color-histogram-analysis/dataset/segmented/opa/8_particle0020.png,opa,train
2.264069264069264,0.5557045322230652,0.2607252530770695,0.1754098429906267,78.7475,75.1097540140152,26.15,11.55,0.1556158762471887,0.3623160419099304,1.3380006701742668,1.5133895148090413,2.940814779479352,1.7068260979127046,-3.98928161469111,509.2250523500946,265.0318412935595,0.3519173784117587,0.0540896428868485,0.0589647654270173,0.0074859936093777,0.9264904964741416,0.0380823118872896,0.025634765625,0.028564453125,0.008056640625,0.0059814453125,0.00799560546875,0.00732421875,0.008056640625,0.012451171875,0.01568603515625,0.025146484375,0.02947998046875,0.04534912109375,0.05645751953125,0.05413818359375,0.0321044921875,0.021240234375,0.01348876953125,0.00897216796875,0.00372314453125,0.00347900390625,0.0032958984375,0.0069580078125,0.00634765625,0.01763916015625,0.0177001953125,0.53472900390625,107.98657718120803,28.0680127284424,130.81351869606902,1.2771422836324184,134.9134707574305,2.844810035472884,/sessions/cool-youthful-allen/mnt/Research/color-histogram-analysis/dataset/segmented/opa/6_particle0002.png,opa,train
0.9159663865546218,0.5456919060052219,0.2014108395651838,0.2379976967569554,6.53125,18.57020546197891,5.95,5.45,0.1836024220599703,0.4723953521031184,1.0770670939172131,2.022174812461652,-3.5732985483461768,-2.258505755946242,4.652475788772148,306.88218966163925,232.8233288474037,0.5118027056107199,0.0704555545542892,0.1806323380105324,0.0185157665287686,0.948341351231218,0.039026982788341,0.018798828125,0.02362060546875,0.0098876953125,0.0079345703125,0.0050048828125,0.0059814453125,0.0069580078125,0.008544921875,0.0101318359375,0.014892578125,0.0242919921875,0.05560302734375,0.07861328125,0.06195068359375,0.03302001953125,0.016845703125,0.0091552734375,0.0086669921875,0.00439453125,0.0045166015625,0.00390625,0.00872802734375,0.009521484375,0.02392578125,0.04022216796875,0.5048828125,112.8295380611581,21.31015102578393,130.24463240078074,1.823546241832239,131.37638256343527,2.1076683560722937,/sessions/cool-youthful-allen/mnt/Research/color-histogram-analysis/dataset/segmented/bop1/002_particle0011.png,bop1,train
3.277227722772277,0.6726011994002998,0.3757440698752655,0.2317949667579207,31.40375,41.26137410998344,16.55,5.05,0.2242041946652407,0.5237991678965437,1.637277246481296,2.5976739524998176,-4.902657557089762,-3.033612415815421,4.83406580580752,362.5039943497391,194.76862797705405,0.3664262103251394,0.0511418907151358,0.1261120436259199,0.012407528985053,0.9447271025359506,0.0296128207697031,0.0240478515625,0.02349853515625,0.01617431640625,0.0126953125,0.010009765625,0.0118408203125,0.0126953125,0.01751708984375,0.01385498046875,0.014892578125,0.02496337890625,0.0394287109375,0.04327392578125,0.04583740234375,0.02642822265625,0.0245361328125,0.01300048828125,0.01947021484375,0.01263427734375,0.0113525390625,0.00634765625,0.00982666015625,0.01318359375,0.026123046875,0.0380859375,0.48828125,135.0519966015293,23.132539282764387,129.79320305862362,1.287501391794742,126.20951571792692,2.172144151700858,/sessions/cool-youthful-allen/mnt/Research/color-histogram-analysis/dataset/segmented/op/010_particle0028.png,op,train
0.5033557046979866,0.5438401775804661,0.2850111856823266,0.2333681892747037,7.9625,20.70660154223442,7.45,3.75,0.2262468609865395,0.5736645209571232,1.321140322891231,1.6810776752595007,3.212737592499466,2.186520361964243,3.623148092527951,320.0559287995168,218.89363224955704,0.388791089836261,0.0755876272241859,0.0763796646984628,0.0120559780256181,0.9540292506221608,0.0313650899304163,0.02349853515625,0.03277587890625,0.01409912109375,0.0118408203125,0.00897216796875,0.00897216796875,0.0089111328125,0.008056640625,0.00927734375,0.0115966796875,0.01824951171875,0.0374755859375,0.0467529296875,0.04498291015625,0.02532958984375,0.0152587890625,0.0086669921875,0.00933837890625,0.006103515625,0.006103515625,0.004638671875,0.00811767578125,0.01214599609375,0.02313232421875,0.0250244140625,0.5706787109375,110.91857688634192,22.41292838553776,129.86079274116523,1.4314854068196987,128.71633237822348,2.03544304326144,/sessions/cool-youthful-allen/mnt/Research/color-histogram-analysis/dataset/segmented/bop1/001_particle0009.png,bop1,train
1.528735632183908,0.763879817112998,0.3032149338864402,0.3381974071405896,8.77125,18.05304812788963,6.65,4.35,0.3163443167924083,0.6967945886823507,4.239573074925012,4.992852657504619,9.80318057018378,-6.392382152074262,9.723287909122655,251.3824350347883,179.01417362789385,0.4463512824677803,0.0680263867095077,0.132650855199203,0.0150307234526173,0.9663343820076628,0.0238929444476319,0.01824951171875,0.0205078125,0.0126953125,0.00860595703125,0.007080078125,0.00921630859375,0.009765625,0.0108642578125,0.0101318359375,0.01922607421875,0.03631591796875,0.0621337890625,0.073974609375,0.060791015625,0.03057861328125,0.019287109375,0.01617431640625,0.0130615234375,0.005615234375,0.0068359375,0.005859375,0.0087890625,0.01007080078125,0.02337646484375,0.0289306640625,0.47186279296875,113.15292553191487,20.837190146809924,129.08111702127658,1.4478456092732528,128.6910460992908,1.9851687598204475,/sessions/cool-youthful-allen/mnt/Research/color-histogram-analysis/dataset/segmented/bop1/001_particle0044.png,bop1,train
0.5884146341463414,0.7911645947922297,0.3930952230506761,0.3567451488235466,62.21125,46.81234076619148,16.4,9.65,0.4254436476770425,0.968213806515577,2.6911635635941344,3.483647707663158,8.13486924615635,-4.517098318319026,-6.571215257296247,399.0761393370593,201.6746520384504,0.4350149988605021,0.0471354009640138,0.1626328945628916,0.0117792019973299,0.9404846537236092,0.0299494347088293,0.02001953125,0.017578125,0.00848388671875,0.010986328125,0.01104736328125,0.0103759765625,0.00750732421875,0.0101318359375,0.00885009765625,0.0152587890625,0.021240234375,0.04052734375,0.066162109375,0.069580078125,0.0250244140625,0.018310546875,0.009765625,0.01708984375,0.0052490234375,0.009521484375,0.00347900390625,0.01348876953125,0.01702880859375,0.02972412109375,0.0640869140625,0.469482421875,139.432414910859,25.834846107973288,130.62366288492706,1.079659080803684,128.48849270664505,2.7485573933018386,/sessions/cool-youthful-allen/mnt/Research/color-histogram-analysis/dataset/segmented/opa/4_particle0015.png,opa,train
0.2927756653992395,0.5331353462024968,0.2393462051256728,0.1577162544824884,12.1175,31.072286945581435,13.15,3.85,0.0014352750379027,0.0289743390039304,1.1258616938504429,1.6415782293239674,3.114155105589558,1.986634789779946,-3.262245284879244,376.2310077100353,239.96241607624677,0.4160775977356747,0.0667105824043327,0.1067976208778937,0.0150032931478931,0.9456919444984152,0.0344961659109307,0.029541015625,0.03155517578125,0.01519775390625,0.00775146484375,0.005615234375,0.008056640625,0.00665283203125,0.00726318359375,0.00640869140625,0.0103759765625,0.0157470703125,0.02783203125,0.04327392578125,0.04241943359375,0.024658203125,0.01824951171875,0.00799560546875,0.00848388671875,0.00433349609375,0.0064697265625,0.005859375,0.01116943359375,0.01416015625,0.02557373046875,0.0311279296875,0.584228515625,108.15849363316174,28.32343234182512,128.16905987537254,1.1268149377906085,130.8891899214305,2.0292949794827133,/sessions/cool-youthful-allen/mnt/Research/color-histogram-analysis/dataset/segmented/bop1/007_particle0008.png,bop1,train
2.8860759493670884,0.724838513774637,0.3644514767932489,0.2729514328446183,16.41125,27.487362724542617,11.4,3.95,0.2370819752265619,0.5375382216286732,1.7448863985903271,2.660905137485975,-5.157453891729244,-3.1411291647106543,4.928786040254163,327.29975118854946,203.2749277598729,0.3646879887754124,0.0627502299485296,0.0847695030548338,0.0112698410654154,0.9644282398796372,0.0220124077241133,0.02362060546875,0.0281982421875,0.0225830078125,0.01702880859375,0.00616455078125,0.00384521484375,0.00335693359375,0.00384521484375,0.00457763671875,0.0096435546875,0.018798828125,0.03326416015625,0.056640625,0.0491943359375,0.0252685546875,0.0128173828125,0.00518798828125,0.00469970703125,0.00250244140625,0.00347900390625,0.002197265625,0.00494384765625,0.0086669921875,0.02264404296875,0.0294189453125,0.597412109375,102.22540908255192,22.105472025003355,129.93381136238278,1.2937807938364427,128.8045596617025,1.978894287175104,/sessions/cool-youthful-allen/mnt/Research/color-histogram-analysis/dataset/segmented/bop1/001_particle0007.png,bop1,train
2.614754098360656,0.3723077644191333,0.2040957911506244,0.1588833520373,19.8575,39.63036029934883,15.95,6.1,0.0031385185498253,0.1353289217101033,0.3959902669008192,0.8988660448309286,1.6611688890662533,1.511919887554268,-1.739470295475754,353.572359501826,220.65105815901137,0.5266682493415697,0.0592240550982503,0.1605287191897927,0.0167306637433414,0.9441442026712128,0.0347063859999621,0.01080322265625,0.01068115234375,0.009033203125,0.0135498046875,0.01153564453125,0.00787353515625,0.00604248046875,0.00665283203125,0.00616455078125,0.01312255859375,0.025634765625,0.0628662109375,0.09307861328125,0.0673828125,0.0302734375,0.0201416015625,0.00811767578125,0.0072021484375,0.0042724609375,0.00531005859375,0.0052490234375,0.0078125,0.0113525390625,0.02679443359375,0.037109375,0.491943359375,112.6415503875969,22.38317219690494,129.52403100775194,1.2703399529014838,129.70387596899224,1.5637563154384615,/sessions/cool-youthful-allen/mnt/Research/color-histogram-analysis/dataset/segmented/bop1/006_particle0031.png,bop1,train
0.3595505617977528,0.3821004972084109,0.26833645443196,0.1634376341625002,17.195,36.360511881113055,13.35,4.8,-0.0151250881253895,0.1015516269920388,0.5004203189955664,1.3621904715641215,-2.434094341733943,-1.5006511767202697,-2.454402009309577,471.5518582333388,286.42897358989654,0.4033382358506095,0.0673267473145168,0.0975883448477246,0.0119165604158323,0.9334477781976906,0.0402896109242179,0.0155029296875,0.02978515625,0.0096435546875,0.00732421875,0.00421142578125,0.00677490234375,0.00927734375,0.0137939453125,0.01885986328125,0.029541015625,0.04083251953125,0.0673828125,0.08990478515625,0.0604248046875,0.03411865234375,0.01947021484375,0.01080322265625,0.0086669921875,0.00634765625,0.00872802734375,0.0072021484375,0.0081787109375,0.0103759765625,0.02252197265625,0.024658203125,0.4356689453125,113.43490909090907,25.746549156665328,131.08460606060606,1.805276608359656,132.27418181818183,2.7864999383341265,/sessions/cool-youthful-allen/mnt/Research/color-histogram-analysis/dataset/segmented/bop1/002_particle0033.png,bop1,train
0.5053763440860215,0.6386205564142194,0.3781171356668954,0.319665890158113,16.5275,25.48944422602653,9.3,4.7,0.4062996115757428,1.034963602526676,1.672916792961542,2.5759432642821625,-5.000114352303503,-3.315869793407883,-4.763274012439158,420.0300937455153,250.77487039964487,0.3386385872547118,0.0643903055008287,0.0755025662070575,0.0105101992744593,0.9489542615284684,0.0304038107420253,0.02178955078125,0.01837158203125,0.01025390625,0.0103759765625,0.00738525390625,0.011474609375,0.0076904296875,0.0152587890625,0.0181884765625,0.02825927734375,0.04266357421875,0.06378173828125,0.0726318359375,0.0565185546875,0.034912109375,0.02117919921875,0.01446533203125,0.0108642578125,0.00567626953125,0.006103515625,0.0030517578125,0.00579833984375,0.008544921875,0.015380859375,0.02154541015625,0.46783447265625,109.8490465157726,31.053908612850087,131.0299411869542,1.1609835093876169,131.2457672429157,2.5133430052825423,/sessions/cool-youthful-allen/mnt/Research/color-histogram-analysis/dataset/segmented/op/008_particle0020.png,op,train
0.7225130890052356,0.6678070721087134,0.5294976857121177,0.2377019928579894,34.89125,42.94837979078293,9.55,6.9,0.5641713289349861,2.104860951692415,2.86985878857164,3.339429235805535,-6.470696359095068,4.469215524496259,-6.912996572019113,452.0889800013081,275.3563282074323,0.2488977027635185,0.0535940641206078,0.0467889216437341,0.0062678613886377,0.9450405537051674,0.0334900941802174,0.02264404296875,0.03277587890625,0.02581787109375,0.016357421875,0.013671875,0.0166015625,0.0140380859375,0.0120849609375,0.01409912109375,0.0164794921875,0.0230712890625,0.03759765625,0.04644775390625,0.04144287109375,0.0247802734375,0.0159912109375,0.0084228515625,0.00872802734375,0.005126953125,0.00506591796875,0.00506591796875,0.00689697265625,0.01153564453125,0.024169921875,0.0260009765625,0.52508544921875,116.05741567460318,25.283026924482744,129.24950396825398,1.167091653879712,134.36123511904762,2.8541063188400746,/sessions/cool-youthful-allen/mnt/Research/color-histogram-analysis/dataset/segmented/op/004_particle0028.png,op,train
2.2,0.7944508140334786,0.4860549943883277,0.3277041392940458,21.65375,28.815789812803267,9.9,4.5,0.5562207111435289,1.3451250378596724,2.4904907109876246,2.9180102131716814,5.626880605031148,3.621469710068721,-6.460626015197218,370.5302034366488,218.2945349039593,0.2916458047167189,0.05812329634041,0.0448103978919469,0.0069493410645868,0.951561261512381,0.0285430699963424,0.0272216796875,0.0338134765625,0.01959228515625,0.00787353515625,0.0091552734375,0.00946044921875,0.00848388671875,0.00927734375,0.011962890625,0.0135498046875,0.02032470703125,0.02783203125,0.0355224609375,0.0302734375,0.0234375,0.014892578125,0.009033203125,0.00836181640625,0.00433349609375,0.0045166015625,0.004150390625,0.0081787109375,0.01434326171875,0.0218505859375,0.027587890625,0.594970703125,119.99779644677042,20.979872978711885,129.67800578432724,1.386537745492192,132.70431070100537,1.9688440599115005,/sessions/cool-youthful-allen/mnt/Research/color-histogram-analysis/dataset/segmented/op/003_particle0014.png,op,train
0.6297709923664122,0.7786626271369833,0.4161693268563498,0.3579574989018654,44.9775,39.73624783158302,13.1,8.25,0.5188043347677459,1.2171154620561286,2.755062728309687,3.6250546769196847,-7.438037995509,-4.541369259020623,6.827805536111003,446.2287673870443,249.5725716090417,0.3926292431682637,0.0558446529019317,0.1211552053151787,0.0136609831018977,0.9460585942411908,0.0300927237635721,0.02093505859375,0.02191162109375,0.01068115234375,0.0118408203125,0.0098876953125,0.0089111328125,0.00714111328125,0.0093994140625,0.01251220703125,0.01690673828125,0.02392578125,0.04266357421875,0.0601806640625,0.057373046875,0.02557373046875,0.0186767578125,0.00970458984375,0.01287841796875,0.0047607421875,0.00787353515625,0.00445556640625,0.00726318359375,0.0098876953125,0.02471923828125,0.034423828125,0.5255126953125,124.78401727861772,25.255105777189726,129.39617402036407,1.1020600829202076,128.31595186670782,2.683814221328274,/sessions/cool-youthful-allen/mnt/Research/color-histogram-analysis/dataset/segmented/opa/1_particle0016.png,opa,train
2.552,0.3408427876823339,0.2109592476489028,0.1288944548807948,21.03,45.28010771274567,15.95,6.25,-0.0035587225371649,0.2538635508387701,0.3125514391526188,1.11937815457962,-2.8694912538009327,-1.8445085348314212,1.837206410426377,404.38332372628895,273.316090762729,0.3629004666585382,0.0642897769201622,0.0711887632994892,0.0077040606564729,0.9286893493850988,0.0480665048409422,0.01824951171875,0.0206298828125,0.01287841796875,0.012451171875,0.008056640625,0.009521484375,0.0111083984375,0.01263427734375,0.01409912109375,0.02001953125,0.0272216796875,0.06591796875,0.10955810546875,0.08087158203125,0.03424072265625,0.0185546875,0.00921630859375,0.0068359375,0.00274658203125,0.002197265625,0.00152587890625,0.00311279296875,0.00640869140625,0.01751708984375,0.01971435546875,0.4547119140625,108.3533767772512,25.97165916589856,130.06694312796208,2.053986331465265,131.86581753554503,3.164066957379782,/sessions/cool-youthful-allen/mnt/Research/color-histogram-analysis/dataset/segmented/bop1/004_particle0041.png,bop1,train
1.2307692307692308,1.0,0.9861057692307692,0.7768760479091947,51.2775,28.8,8.0,6.5,0.7687260870293385,2.909308676376864,0.0,0.0,0.0,0.0,0.0,293.88587496187154,179.79152879451408,0.2547051658914009,0.0567014403994622,0.045691445494096,0.006635134458948,0.9704292051373172,0.0181349309977072,0.02740478515625,0.03057861328125,0.01556396484375,0.01025390625,0.00848388671875,0.00567626953125,0.00665283203125,0.00994873046875,0.01324462890625,0.0185546875,0.03009033203125,0.052001953125,0.065185546875,0.060302734375,0.0313720703125,0.0164794921875,0.00994873046875,0.00836181640625,0.0047607421875,0.00421142578125,0.00457763671875,0.0068359375,0.01007080078125,0.02105712890625,0.02325439453125,0.505126953125,229.7227422210979,19.161225798847664,128.5040475588161,1.1378750971308824,132.11510245383252,1.3949992346000888,/sessions/cool-youthful-allen/mnt/Research/color-histogram-analysis/dataset/segmented/op/007_particle0030.png,op,train
0.4365079365079365,0.7720913669430737,0.2737554112554112,0.2246170939201871,18.97125,32.57853144407272,12.6,5.5,0.2198727089803712,0.4868034633753302,2.335251013752127,2.608708506062745,5.087075785450426,3.0092486540570165,5.849585235903938,414.44343965159067,261.35271588058146,0.4241682271435724,0.0566896963158501,0.1489584587928388,0.017305310163362,0.937933118020584,0.038963009542173,0.0185546875,0.02337646484375,0.00885009765625,0.00830078125,0.00726318359375,0.0072021484375,0.00616455078125,0.00640869140625,0.0074462890625,0.01287841796875,0.02325439453125,0.04241943359375,0.0548095703125,0.0452880859375,0.02239990234375,0.01275634765625,0.00665283203125,0.00701904296875,0.00341796875,0.003173828125,0.00177001953125,0.005126953125,0.00909423828125,0.030517578125,0.032958984375,0.5928955078125,122.6352583586626,23.451704949850264,132.081599251812,2.2349970988928143,136.57516951133974,2.6232126418646837,/sessions/cool-youthful-allen/mnt/Research/color-histogram-analysis/dataset/segmented/op/002_particle0016.png,op,train
0.5945945945945946,0.8502163343592488,0.4683292383292383,0.4269541204357709,23.82625,26.48147519826889,9.25,5.5,0.561194375138551,1.335768428549735,2.9869993693400643,3.890586125632444,8.376627914026798,-5.431202361337829,-7.331132789845908,384.9408424039773,233.92628742108303,0.2434647000061317,0.0471624502341411,0.0401033353945079,0.0045598936896738,0.9610600214861084,0.0236354127020466,0.02935791015625,0.03240966796875,0.013671875,0.00830078125,0.0084228515625,0.00872802734375,0.0054931640625,0.0078125,0.00848388671875,0.01239013671875,0.0225830078125,0.033447265625,0.04266357421875,0.0360107421875,0.02252197265625,0.01385498046875,0.00946044921875,0.006591796875,0.004150390625,0.0042724609375,0.00469970703125,0.0074462890625,0.01019287109375,0.01873779296875,0.01873779296875,0.60955810546875,91.78659233847912,26.209022529898903,130.6067753001715,1.733998923209199,135.0142938822184,3.530528676370415,/sessions/cool-youthful-allen/mnt/Research/color-histogram-analysis/dataset/segmented/op/002_particle0017.png,op,train
0.7343283582089553,0.7786379147800454,0.3557820652833394,0.3560910144349604,73.3,50.86000656485557,16.75,12.3,0.4727866012429555,1.149834216621576,2.0166478956913187,3.0679901347322094,-5.7412885692163895,-3.741265797874019,5.782292556488598,385.6823955865492,212.01672178075512,0.3782123557184363,0.0535325712364607,0.1015096673093801,0.0113742379251985,0.945906607670136,0.0296257770663599,0.02203369140625,0.0213623046875,0.00897216796875,0.009765625,0.0086669921875,0.008056640625,0.006103515625,0.0078125,0.0113525390625,0.0194091796875,0.02801513671875,0.04656982421875,0.0609130859375,0.05322265625,0.02703857421875,0.01739501953125,0.00830078125,0.00927734375,0.003173828125,0.00274658203125,0.00274658203125,0.004638671875,0.0089111328125,0.02227783203125,0.0262451171875,0.55499267578125,126.63122332859174,24.77529584070029,129.38922475106685,1.086987156092342,129.8838904694168,2.584943151152204,/sessions/cool-youthful-allen/mnt/Research/color-histogram-analysis/dataset/segmented/opa/1_particle0018.png,opa,train
0.9181494661921707,0.6915788646013524,0.2426411763083119,0.2833884474449901,43.9775,44.160006606578825,14.05,12.9,0.2410723099377464,0.5396731657413524,2.139670928566317,2.593336934554192,5.02040344551114,3.1512979566219568,5.26669379727404,314.3740476873093,204.7587967415476,0.5282147925064411,0.0571945488595774,0.1844009584328275,0.0184732140515269,0.9467252303443686,0.0345363366759066,0.01385498046875,0.01531982421875,0.00677490234375,0.01007080078125,0.00811767578125,0.00830078125,0.0072021484375,0.00982666015625,0.00689697265625,0.010498046875,0.02093505859375,0.05450439453125,0.07354736328125,0.06884765625,0.03173828125,0.0208740234375,0.0106201171875,0.00860595703125,0.00421142578125,0.00384521484375,0.003173828125,0.006591796875,0.01214599609375,0.0279541015625,0.04083251953125,0.51470947265625,129.95058583800306,22.50229180410813,129.16912888436067,1.0238742585874456,130.31456953642385,1.9951869380097769,/sessions/cool-youthful-allen/mnt/Research/color-histogram-analysis/dataset/segmented/opa/10_particle0016.png,opa,train
1.724770642201835,0.8636174058112054,0.3031426898301776,0.3124089291483938,15.53,24.993607234954837,9.4,5.45,0.3360569739488461,0.7386644103801172,2.2118051205254483,2.459320074539888,4.797268009209909,2.859412939192118,5.775676521799511,262.53491605106404,195.85563184813967,0.5292524943253217,0.0562504658191878,0.1995334834404161,0.0174628489797329,0.9626129857172596,0.0277915354961061,0.01190185546875,0.01416015625,0.00677490234375,0.0087890625,0.010009765625,0.0101318359375,0.0057373046875,0.0068359375,0.00634765625,0.0133056640625,0.02490234375,0.0501708984375,0.0784912109375,0.08428955078125,0.03173828125,0.027587890625,0.014404296875,0.0174560546875,0.00537109375,0.008544921875,0.00286865234375,0.01019287109375,0.01513671875,0.02691650390625,0.06378173828125,0.44415283203125,123.9555459646094,15.69996001900452,129.85282693137677,1.3554369462727929,129.87419076391885,1.6102587883386374,/sessions/cool-youthful-allen/mnt/Research/color-histogram-analysis/dataset/segmented/bop1/001_particle0033.png,bop1,train
1.675324675324675,0.6966162522430146,0.2735830061411456,0.3044390028993533,6.79375,16.74594140648842,6.45,3.85,0.3562772292561749,0.8254893737241521,1.583508021124386,1.9848367829198523,3.790565756118304,2.516133624803261,4.281285629587614,210.18530658882116,148.0189302682076,0.4980254900490798,0.0676452252388444,0.1834729827882653,0.0195462758189292,0.9680080822380835,0.0224470863225453,0.01458740234375,0.01629638671875,0.00927734375,0.01080322265625,0.00811767578125,0.0106201171875,0.00689697265625,0.00592041015625,0.0086669921875,0.01806640625,0.0274658203125,0.0704345703125,0.0888671875,0.07489013671875,0.0369873046875,0.02337646484375,0.011962890625,0.0128173828125,0.007080078125,0.00750732421875,0.00494384765625,0.010009765625,0.014892578125,0.0206298828125,0.03985595703125,0.43902587890625,122.55078125,24.029702879632083,130.09130859375,1.4015416478675893,130.132080078125,2.326999763609248,/sessions/cool-youthful-allen/mnt/Research/color-histogram-analysis/dataset/segmented/bop1/001_particle0030.png,bop1,train
0.6289308176100629,0.6903531018337885,0.222562893081761,0.2324935721652486,35.3875,43.734523391723634,15.9,10.0,0.1588921431778599,0.365537645097617,1.6408452426213131,2.4658127615440453,-6.292466046928599,-3.070308262664444,-4.519203446902697,312.68148131213803,216.43570314527503,0.4911272016850485,0.0670687625700853,0.1292076292791714,0.0113123260813268,0.948228377696505,0.0356725407605484,0.01153564453125,0.01507568359375,0.0107421875,0.01153564453125,0.00738525390625,0.0086669921875,0.00616455078125,0.00921630859375,0.01153564453125,0.0172119140625,0.03253173828125,0.07257080078125,0.1024169921875,0.084228515625,0.03594970703125,0.02374267578125,0.01318359375,0.010009765625,0.00494384765625,0.0047607421875,0.00433349609375,0.00482177734375,0.00787353515625,0.018310546875,0.02130126953125,0.449951171875,119.25325042396834,27.64122014915626,131.34341435839457,1.3508106933497808,130.69643866591295,2.757895040739408,/sessions/cool-youthful-allen/mnt/Research/color-histogram-analysis/dataset/segmented/op/001_particle0001.png,op,train
0.5714285714285714,0.8393772128515823,0.4481191885038039,0.4031177201283813,47.71125,38.56553716659546,13.65,7.8,0.4585451215427775,1.035949044869757,3.5590442215402995,4.440922758465831,-8.77512442732417,-5.1724405948613,8.493351773776363,291.37531824332154,172.9478507679681,0.2936364864838313,0.0578821356956424,0.0580507325485837,0.0064691155983276,0.9648518291711302,0.0208269612111874,0.02569580078125,0.0289306640625,0.01226806640625,0.01171875,0.00970458984375,0.0087890625,0.00604248046875,0.00799560546875,0.00738525390625,0.01416015625,0.02447509765625,0.05987548828125,0.09027099609375,0.0687255859375,0.0294189453125,0.01458740234375,0.0093994140625,0.0081787109375,0.00445556640625,0.00439453125,0.0030517578125,0.006591796875,0.0089111328125,0.01788330078125,0.02008056640625,0.49700927734375,111.371921182266,26.86698477330874,130.47783251231527,1.465833642114716,135.76050420168067,3.587081877519242,/sessions/cool-youthful-allen/mnt/Research/color-histogram-analysis/dataset/segmented/op/005_particle0016.png,op,train
1.0376344086021505,0.4561868185229329,0.1439355952977881,0.1578827397957805,12.9175,32.06467482447624,9.65,9.3,0.0257991289858768,0.1347654377741746,0.8945727080113536,1.3658559094352325,2.530707215094667,1.5060158407932935,2.911765602557896,333.2246915711542,222.60551784279943,0.5969511151684913,0.0526369404503985,0.2424957919639643,0.0199800322077623,0.9245773542169228,0.0501715332042306,0.00787353515625,0.01171875,0.00677490234375,0.0054931640625,0.00482177734375,0.00634765625,0.00634765625,0.00958251953125,0.0108642578125,0.0145263671875,0.02581787109375,0.056640625,0.06109619140625,0.0506591796875,0.03436279296875,0.023681640625,0.0142822265625,0.015625,0.0093994140625,0.00958251953125,0.0057373046875,0.01055908203125,0.01568603515625,0.03021240234375,0.05322265625,0.49908447265625,129.51005917159765,27.89223763897976,132.0852071005917,1.8989870928486048,132.93846153846152,2.30909359164806,/sessions/cool-youthful-allen/mnt/Research/color-histogram-analysis/dataset/segmented/bop1/003_particle0027.png,bop1,train
1.24,0.740624256230662,0.3469932297889287,0.3058773469088541,54.45625,47.29934649467468,13.95,11.25,0.498691429641704,1.1938066178309257,2.6469504528679337,3.1842563607041474,6.107667221893729,3.9385234261531297,-6.825874227916221,570.1757767667298,336.83004332942875,0.4225934921592522,0.0558140166125742,0.103421563239175,0.011585487760682,0.92621234654627,0.0433925832044217,0.0185546875,0.0186767578125,0.008544921875,0.01055908203125,0.007568359375,0.0081787109375,0.0126953125,0.0164794921875,0.0191650390625,0.02667236328125,0.0323486328125,0.04034423828125,0.05670166015625,0.04937744140625,0.030029296875,0.01898193359375,0.014404296875,0.01141357421875,0.00714111328125,0.00518798828125,0.00311279296875,0.0045166015625,0.00726318359375,0.0223388671875,0.025390625,0.52435302734375,123.9495227606461,31.57647267810849,129.465859030837,1.1381814477612269,131.36288546255506,2.9945979091349013,/sessions/cool-youthful-allen/mnt/Research/color-histogram-analysis/dataset/segmented/opa/10_particle0013.png,opa,train
0.6382978723404256,0.5149722465673386,0.1562721631205673,0.1708073269410677,8.81375,25.46431791782379,9.4,6.0,-0.0479844263170625,-0.0620809408541187,0.6156685628770271,0.7318770661919569,1.4062173216610012,0.7374864187063574,-2.6973503661748035,315.2353581577658,223.19570429602967,0.5102486914909525,0.0668310380843048,0.1376242852494573,0.0145071910724949,0.9343562530264512,0.0462522295285377,0.01336669921875,0.016845703125,0.009033203125,0.00848388671875,0.010986328125,0.0111083984375,0.00689697265625,0.0068359375,0.0086669921875,0.01654052734375,0.02880859375,0.0504150390625,0.06671142578125,0.064453125,0.03656005859375,0.02130126953125,0.0140380859375,0.01617431640625,0.00506591796875,0.00750732421875,0.00311279296875,0.006591796875,0.0072021484375,0.01824951171875,0.0238037109375,0.521240234375,117.35416666666669,24.98389336367417,129.83922955974842,1.2297486720297466,131.10927672955975,2.8194922563820084,/sessions/cool-youthful-allen/mnt/Research/color-histogram-analysis/dataset/segmented/bop1/006_particle0021.png,bop1,train
0.691699604743083,0.5190318125651152,0.2419198193111236,0.2077007988996443,26.7775,40.25046133995056,12.65,8.75,0.241154040938138,0.6307336252934284,1.077120609806703,1.7575800548620948,3.428597200931509,2.746749288792876,3.255799561048378,350.8852163457722,208.9672256290766,0.3654637217978773,0.0591535603736907,0.0781471633374604,0.0064162516371199,0.9321723541045188,0.0402189357528123,0.01947021484375,0.0218505859375,0.00946044921875,0.0084228515625,0.0091552734375,0.00848388671875,0.009765625,0.0093994140625,0.0123291015625,0.02032470703125,0.0450439453125,0.07830810546875,0.091552734375,0.074462890625,0.0374755859375,0.0189208984375,0.00714111328125,0.00506591796875,0.0028076171875,0.00323486328125,0.00213623046875,0.0028076171875,0.00738525390625,0.0166015625,0.01885986328125,0.45953369140625,126.11906614785993,31.85955866370325,131.0479896238651,1.3649419935684932,136.55123216601817,3.056902276775711,/sessions/cool-youthful-allen/mnt/Research/color-histogram-analysis/dataset/segmented/op/006_particle0024.png,op,train
1.0849056603773586,0.7804272766508416,0.2966776045939294,0.3364142288268893,9.04125,18.377312183380127,5.75,5.3,0.484418927670957,1.1130007788981753,2.9112917808190084,3.931191503771501,-7.411761251952405,-4.533886026948905,7.663169143628315,212.32950893859856,151.2245695670561,0.3165712144548657,0.0697876033553347,0.044441103603051,0.0067675229654614,0.9597519075677052,0.0286021838686609,0.02301025390625,0.02874755859375,0.017333984375,0.01165771484375,0.00726318359375,0.00750732421875,0.00604248046875,0.00689697265625,0.01055908203125,0.01800537109375,0.03009033203125,0.0491943359375,0.06036376953125,0.0556640625,0.03314208984375,0.0238037109375,0.015380859375,0.01171875,0.00677490234375,0.004638671875,0.0047607421875,0.00543212890625,0.0111083984375,0.0186767578125,0.014404296875,0.517822265625,121.5076542098154,30.632497390652112,129.80796938316072,1.376067215801411,137.18617739756866,3.288233401713554,/sessions/cool-youthful-allen/mnt/Research/color-histogram-analysis/dataset/segmented/op/007_particle0021.png,op,train
2.5232558139534884,0.3918655097613883,0.1936019719215518,0.1344150065255163,9.0325,29.059292632341386,10.85,4.3,-0.0386939013293739,-0.0046414219684928,0.2643827218976062,0.3893072358896453,0.7171051870133163,0.4506768201705829,-1.8954655617953349,483.8569692004983,291.979923654801,0.3533472115430301,0.076288793325151,0.0819398900428642,0.0131219032448401,0.9252869530376164,0.0448392442107157,0.032470703125,0.02703857421875,0.01202392578125,0.00653076171875,0.00372314453125,0.003173828125,0.0042724609375,0.0069580078125,0.00787353515625,0.01104736328125,0.017578125,0.03582763671875,0.04541015625,0.04205322265625,0.0218505859375,0.013916015625,0.00823974609375,0.0068359375,0.00408935546875,0.00335693359375,0.0020751953125,0.00518798828125,0.0069580078125,0.02044677734375,0.0242919921875,0.62677001953125,92.31563226020576,28.296617890530012,129.51642880849653,1.0732292548726845,132.9744440756721,1.8450633979689277,/sessions/cool-youthful-allen/mnt/Research/color-histogram-analysis/dataset/segmented/bop1/007_particle0000.png,bop1,train
0.8034188034188035,0.899881419692509,0.5002614111656665,0.4294839746664302,55.01875,40.12239136099815,11.7,9.4,0.6485421744215119,1.6583971828453714,2.9606291027319838,3.683465214580069,7.011653851961716,4.550106110139402,7.782816557217845,488.8520876312412,283.9379804235352,0.2867877962457352,0.0524205827226756,0.0459479590414246,0.0067693330004221,0.9484601206291496,0.0299253535714624,0.02685546875,0.0335693359375,0.016357421875,0.01556396484375,0.0111083984375,0.00970458984375,0.0062255859375,0.00823974609375,0.00848388671875,0.0147705078125,0.0225830078125,0.03619384765625,0.03875732421875,0.04010009765625,0.027587890625,0.018310546875,0.0098876953125,0.0072021484375,0.00372314453125,0.0047607421875,0.00360107421875,0.0081787109375,0.00970458984375,0.02020263671875,0.0235595703125,0.57476806640625,109.360103626943,31.12100092276689,130.12836787564763,1.0323640707192727,130.69093264248704,3.454751276729484,/sessions/cool-youthful-allen/mnt/Research/color-histogram-analysis/dataset/segmented/opa/7_particle0009.png,opa,train
0.7235772357723578,0.6196595333214585,0.2780670503334246,0.2743445432654858,30.44,37.340410912036894,12.3,8.9,0.3083328855189607,0.7231294520406205,1.7023538569067629,2.133324643649465,4.097624708384104,2.770846553523844,-4.408814009443982,353.99268061758335,216.39670581017648,0.4843770630534555,0.06198884172619,0.1710508318155692,0.0150989832899816,0.9487771016390524,0.0311717079412014,0.0130615234375,0.0172119140625,0.0145263671875,0.01080322265625,0.00628662109375,0.0074462890625,0.006591796875,0.007568359375,0.00909423828125,0.0145263671875,0.03021240234375,0.05731201171875,0.0799560546875,0.07757568359375,0.03521728515625,0.02545166015625,0.014404296875,0.01617431640625,0.00555419921875,0.007080078125,0.0030517578125,0.008544921875,0.0159912109375,0.0225830078125,0.04541015625,0.4483642578125,120.7180485570316,21.17306432048948,129.35868071461292,1.06373894389102,127.47205680256528,1.469345566080044,/sessions/cool-youthful-allen/mnt/Research/color-histogram-analysis/dataset/segmented/op/010_particle0008.png,op,train
0.4304932735426009,0.4659648454246654,0.2284659940209267,0.1896192636811975,12.2275,28.46639949083328,11.15,4.8,0.0234064192437445,0.1383876785513945,0.7375423042346689,1.625692969318715,-3.02228485930916,-1.808376206269069,-2.908185359503665,505.5521647039752,292.45945285565034,0.4320016411672874,0.0684240768461594,0.1187318797066946,0.0149246879412077,0.923384843144586,0.0441013084530158,0.02154541015625,0.0264892578125,0.00946044921875,0.005859375,0.0072021484375,0.00677490234375,0.00848388671875,0.0113525390625,0.01446533203125,0.0162353515625,0.02593994140625,0.033447265625,0.0501708984375,0.04547119140625,0.0330810546875,0.03009033203125,0.0201416015625,0.01544189453125,0.005859375,0.007568359375,0.00262451171875,0.00567626953125,0.0074462890625,0.01837158203125,0.02740478515625,0.54339599609375,109.76612209802236,27.60411467386802,130.3806248208656,2.12874054900782,132.176841501863,3.2846206501695683,/sessions/cool-youthful-allen/mnt/Research/color-histogram-analysis/dataset/segmented/bop1/007_particle0019.png,bop1,train
0.416030534351145,0.747099839565593,0.4239617620281532,0.3400054191550271,30.26875,33.44716061353684,13.1,5.45,0.4278822323271259,0.990200035798557,2.3728830601794013,2.507356821220852,4.948702309007056,3.0559372043135338,-6.072301404231751,403.4456838465379,242.8520425026816,0.3661797975594969,0.0564016184788349,0.0971167676219892,0.0120548093010344,0.9626202257721724,0.0224486467263238,0.02447509765625,0.0260009765625,0.01202392578125,0.0091552734375,0.0067138671875,0.0098876953125,0.00921630859375,0.01220703125,0.012939453125,0.01605224609375,0.02294921875,0.0501708984375,0.06976318359375,0.04931640625,0.01910400390625,0.01300048828125,0.00909423828125,0.00775146484375,0.005126953125,0.0076904296875,0.00653076171875,0.0091552734375,0.0142822265625,0.0279541015625,0.0311279296875,0.518310546875,99.61771995043372,26.60889381378796,128.99241016109045,1.4188405271323865,132.11586121437423,2.8222687175957777,/sessions/cool-youthful-allen/mnt/Research/color-histogram-analysis/dataset/segmented/op/002_particle0023.png,op,train
1.5511363636363635,0.6859315143460245,0.3652077089577089,0.3052886276035557,43.86875,42.4939642906189,13.65,8.8,0.4198835184479872,1.0306013137074728,1.8129742900911705,2.1743516824356264,4.192219740639062,2.7862472513768752,-4.656428764315134,593.4759182671837,317.0081481498364,0.3760266262976801,0.0547422503864238,0.0916440934544245,0.0126265779623175,0.9225777577890572,0.0411874704325005,0.0228271484375,0.026611328125,0.01116943359375,0.0091552734375,0.0069580078125,0.008544921875,0.00830078125,0.01251220703125,0.01361083984375,0.01910400390625,0.0220947265625,0.0330810546875,0.04736328125,0.04180908203125,0.0216064453125,0.0164794921875,0.0098876953125,0.01007080078125,0.00360107421875,0.0037841796875,0.003173828125,0.00579833984375,0.0101318359375,0.02203369140625,0.0260009765625,0.58428955078125,124.5918259954394,32.56093603049197,129.86511138396773,1.18882644078504,131.73794071215576,4.082908605507387,/sessions/cool-youthful-allen/mnt/Research/color-histogram-analysis/dataset/segmented/opa/4_particle0009.png,opa,train
1.721311475409836,0.768511410426408,0.2149102263856362,0.2411820883442572,13.765,26.780613034963608,10.5,6.1,0.1399239463212341,0.3133180506942958,1.769421118628414,2.4915006958459247,5.026947024007268,-3.672884725674696,4.658505512289154,294.7910750771406,229.76389209859624,0.5732973651916993,0.0539829814969116,0.2267060967091196,0.0181160331930866,0.9456269938613686,0.0421892106937065,0.0113525390625,0.01715087890625,0.01153564453125,0.01080322265625,0.0052490234375,0.005859375,0.00445556640625,0.004638671875,0.00628662109375,0.0098876953125,0.017578125,0.04144287109375,0.08251953125,0.07745361328125,0.02801513671875,0.0189208984375,0.0113525390625,0.01800537109375,0.0069580078125,0.0107421875,0.00494384765625,0.01434326171875,0.01690673828125,0.03790283203125,0.07537841796875,0.4503173828125,129.47217288336293,23.3494566064432,129.55387803433985,1.1670295719614343,130.84843102427473,1.975156286913759,/sessions/cool-youthful-allen/mnt/Research/color-histogram-analysis/dataset/segmented/bop1/003_particle0033.png,bop1,train
1.8125,0.4667141838916607,0.2940014367816091,0.2256324688362432,12.2775,26.14924208521843,8.7,4.8,0.2817103571572814,0.94534608248933,1.0380585307801544,1.3421919805276252,2.5698919794954347,2.037187255117731,2.9317629110899777,502.3941971419857,304.99241674928703,0.4439654083357046,0.0582468648497067,0.1256391342578927,0.0150487124306519,0.939535063333759,0.0365586333186346,0.02008056640625,0.02313232421875,0.01458740234375,0.00933837890625,0.00665283203125,0.010498046875,0.0113525390625,0.013916015625,0.01220703125,0.01580810546875,0.0185546875,0.03497314453125,0.05584716796875,0.0538330078125,0.02496337890625,0.018310546875,0.01177978515625,0.01434326171875,0.00701904296875,0.00799560546875,0.0048828125,0.0103759765625,0.0106201171875,0.02301025390625,0.0355224609375,0.5303955078125,107.56024899955536,24.08014340643007,129.77523343708316,1.7227688869418385,132.39817696754113,2.1295244539533447,/sessions/cool-youthful-allen/mnt/Research/color-histogram-analysis/dataset/segmented/bop1/007_particle0006.png,bop1,train
2.105769230769231,0.873632755783564,0.39627239199157,0.3777142495143321,22.56375,27.39863249063492,10.95,5.2,0.4405525177532977,0.981415854605212,3.0986531567650046,3.256721248845688,6.435173080914444,3.7590016612361183,7.66144235439267,315.30203220079375,196.97483132546455,0.3191436221431636,0.0611717425102643,0.0563200355074071,0.007781312826228,0.9553818237882205,0.0278292472788303,0.020751953125,0.02557373046875,0.01104736328125,0.01171875,0.01153564453125,0.0086669921875,0.00811767578125,0.0086669921875,0.01092529296875,0.01409912109375,0.02069091796875,0.033203125,0.04718017578125,0.048828125,0.02984619140625,0.0162353515625,0.0086669921875,0.00482177734375,0.00421142578125,0.0035400390625,0.00335693359375,0.0048828125,0.00836181640625,0.01824951171875,0.0220947265625,0.5947265625,120.65796908758516,20.040353590765807,130.1342861891308,2.0557097612341804,135.67143094565398,2.221019256573085,/sessions/cool-youthful-allen/mnt/Research/color-histogram-analysis/dataset/segmented/op/002_particle0014.png,op,train
1.0394088669950738,0.6659058349318894,0.3201270048794154,0.2981135714441638,34.28,38.01320300102234,10.55,10.15,0.4336596488289299,1.0865906613972698,1.9071586454505576,2.6775942457619557,5.150027251084313,3.539554043111327,5.094486027140671,262.503053169057,168.93143159468664,0.4135256148212641,0.063546115351021,0.0815690083680475,0.0095457333405803,0.9572350756741256,0.0274300360174966,0.0107421875,0.0272216796875,0.0155029296875,0.01141357421875,0.00732421875,0.00933837890625,0.0069580078125,0.010498046875,0.012451171875,0.02227783203125,0.0330810546875,0.052734375,0.0699462890625,0.06573486328125,0.04248046875,0.02996826171875,0.01776123046875,0.01446533203125,0.0079345703125,0.00732421875,0.00482177734375,0.0076904296875,0.0115966796875,0.0218505859375,0.020263671875,0.4586181640625,127.5548245614035,24.7100204833949,130.88855661881976,0.9970753833886083,134.18301435406698,2.1217898551898644,/sessions/cool-youthful-allen/mnt/Research/color-histogram-analysis/dataset/segmented/opa/9_particle0000.png,opa,train
1.8235294117647056,0.4425251057917009,0.2077354127134724,0.1822053624392849,17.51625,34.75721115469933,12.4,6.8,0.0466702434107318,0.2177444381120006,0.5517688729541258,1.050421076975505,1.9308514465389608,1.5008520391462752,-2.1086210285556684,443.1108534162044,252.34694812301535,0.4651537002302849,0.061116508943275,0.1452665544522403,0.0142929950731293,0.9356749752583944,0.0363950762843098,0.01995849609375,0.02874755859375,0.0123291015625,0.00836181640625,0.0047607421875,0.00457763671875,0.00433349609375,0.00537109375,0.0062255859375,0.0147705078125,0.027099609375,0.04852294921875,0.06341552734375,0.0562744140625,0.02923583984375,0.0159912109375,0.0081787109375,0.00701904296875,0.00274658203125,0.00323486328125,0.002197265625,0.004150390625,0.00628662109375,0.02508544921875,0.032470703125,0.55865478515625,105.19628162145688,22.72068846748236,128.45656811947578,0.9148543797374245,128.34715025906735,1.9862063084745043,/sessions/cool-youthful-allen/mnt/Research/color-histogram-analysis/dataset/segmented/bop1/006_particle0019.png,bop1,train
1.7114093959731544,0.7488506768941606,0.3879852612185814,0.2742429500121803,36.85375,41.093964248895645,12.75,7.45,0.4393402245041726,1.0122918825968974,2.7142979247950985,3.5465744884317894,7.822120847140604,-4.741774727433331,6.678126657274444,567.7348527759302,303.8888584173563,0.3059855335975077,0.0503394466771087,0.0542328579200078,0.006261103861945,0.9276699424771432,0.0386445850205226,0.02728271484375,0.0294189453125,0.01470947265625,0.01513671875,0.01116943359375,0.0096435546875,0.00836181640625,0.00933837890625,0.01165771484375,0.016845703125,0.0250244140625,0.0445556640625,0.04266357421875,0.03814697265625,0.0283203125,0.0201416015625,0.01275634765625,0.008544921875,0.00616455078125,0.00628662109375,0.00408935546875,0.00360107421875,0.00836181640625,0.02069091796875,0.023193359375,0.55389404296875,117.2215937448012,31.567281087501804,129.04891033105972,1.297247663078479,134.7248377973715,3.820826608670426,/sessions/cool-youthful-allen/mnt/Research/color-histogram-analysis/dataset/segmented/op/007_particle0023.png,op,train
0.6066176470588235,0.483594216073407,0.1896501782531194,0.1958246298603439,21.27875,36.95254299044609,13.6,8.25,0.0511171680759476,0.1534215162004871,1.518205034779638,1.4640364612159846,2.9551582780735366,1.5412507597632457,5.609074541747383,256.2328261107502,145.90012883133545,0.4816210139595893,0.065897744931466,0.1776837050457444,0.0147506831922446,0.9347652992785388,0.0369294076137722,0.0157470703125,0.02044677734375,0.0091552734375,0.00811767578125,0.00543212890625,0.005615234375,0.0048828125,0.00689697265625,0.007080078125,0.01751708984375,0.035888671875,0.06365966796875,0.0999755859375,0.07696533203125,0.0328369140625,0.01617431640625,0.0067138671875,0.00946044921875,0.00250244140625,0.003173828125,0.00164794921875,0.00482177734375,0.0067138671875,0.02496337890625,0.03515625,0.47845458984375,140.7218045112782,24.510735488369377,130.56783262504086,1.2716480762311122,137.80876103301733,2.535857603197078,/sessions/cool-youthful-allen/mnt/Research/color-histogram-analysis/dataset/segmented/op/005_particle0017.png,op,train
1.2567567567567568,0.6573079458641952,0.3078683522231909,0.3112148735031309,21.1875,29.24924212098121,9.3,7.4,0.3596032502364031,0.8346380495810106,1.960595824865609,2.3509443960338943,4.545121499288936,2.958027544319764,4.9018070377096,277.8789386850351,177.28590917358343,0.3864458729013422,0.0616688127667108,0.0673040156004355,0.0086009046471978,0.9599943648342146,0.02544151723114,0.01751708984375,0.020751953125,0.01031494140625,0.01019287109375,0.00885009765625,0.0106201171875,0.00927734375,0.01190185546875,0.013671875,0.0208740234375,0.03350830078125,0.0599365234375,0.07305908203125,0.05657958984375,0.03436279296875,0.0262451171875,0.01519775390625,0.00909423828125,0.0047607421875,0.00341796875,0.0035400390625,0.00445556640625,0.00640869140625,0.01348876953125,0.0172119140625,0.5047607421875,117.03775167785236,20.63594231139629,130.1329697986577,1.5508506777221445,134.1017197986577,2.2255224246065923,/sessions/cool-youthful-allen/mnt/Research/color-histogram-analysis/dataset/segmented/op/002_particle0008.png,op,train
0.5070422535211268,0.6912897593042764,0.4937035406885759,0.3041561594785893,50.47625,45.66675636172295,14.2,7.2,0.5330163491458838,1.4962090870717972,2.0372400973532563,2.884956671370717,-5.690330692256571,-3.758878127028857,5.395832167593141,563.8823804139234,313.5762236413748,0.2996138990340794,0.0496857072787815,0.0763247011048573,0.0082157573037973,0.9151814284337624,0.0471044095176612,0.0250244140625,0.02490234375,0.0133056640625,0.01483154296875,0.01031494140625,0.0137939453125,0.01385498046875,0.01580810546875,0.012451171875,0.0140380859375,0.021728515625,0.0406494140625,0.05975341796875,0.04766845703125,0.02996826171875,0.01739501953125,0.00787353515625,0.009521484375,0.00604248046875,0.0054931640625,0.003173828125,0.0069580078125,0.0115966796875,0.0252685546875,0.0274658203125,0.5211181640625,137.4220492866407,28.27065467767214,129.28832684824903,0.9647516307287736,130.69974059662775,2.429282544515689,/sessions/cool-youthful-allen/mnt/Research/color-histogram-analysis/dataset/segmented/opa/10_particle0018.png,opa,train
1.4615384615384617,0.2334221646019398,0.1362018968101649,0.1043783984389275,24.30625,54.09518343806267,16.15,11.05,-0.1406552248956655,0.0733907102093709,-0.0877379919935587,0.3847042725814237,0.6355234722804388,0.8801006622569835,-0.7457124440680736,416.2018945985056,238.17068275239868,0.4915264365676147,0.0525793679113364,0.1504573905065764,0.0112458846241314,0.9127255955784364,0.0497727101758225,0.01336669921875,0.02056884765625,0.01373291015625,0.0123291015625,0.0074462890625,0.0076904296875,0.0059814453125,0.0089111328125,0.00872802734375,0.01373291015625,0.0306396484375,0.068359375,0.107666015625,0.06622314453125,0.03076171875,0.0185546875,0.00750732421875,0.00701904296875,0.00360107421875,0.004638671875,0.001953125,0.0072021484375,0.01025390625,0.02557373046875,0.03326416015625,0.46429443359375,125.66734486266532,26.03856769419873,130.39674465920652,1.6057510186574455,130.95388267209225,2.092610652583121,/sessions/cool-youthful-allen/mnt/Research/color-histogram-analysis/dataset/segmented/bop1/003_particle0043.png,bop1,train
0.8351648351648352,0.5489120327320067,0.3200730190861769,0.2616334895997967,22.13625,32.606958490610126,9.1,7.6,0.4133039989768319,1.184866065203276,1.9282055594809364,2.151842077113529,4.273291785094097,2.96946715357007,-4.444304017279708,307.3028200478319,193.1001724085744,0.4304357238830654,0.0606541101876155,0.1121381334184866,0.0124642723942987,0.9576962824189345,0.0264889327620018,0.01153564453125,0.013916015625,0.0115966796875,0.01434326171875,0.0111083984375,0.01202392578125,0.00970458984375,0.01190185546875,0.01434326171875,0.02545166015625,0.0426025390625,0.078125,0.0745849609375,0.06201171875,0.03240966796875,0.02374267578125,0.01324462890625,0.01300048828125,0.00616455078125,0.0086669921875,0.00750732421875,0.008056640625,0.01361083984375,0.02374267578125,0.0225830078125,0.43402099609375,119.24649176327028,24.806188961133387,131.61866992068337,1.587525482335168,128.18812283912956,2.0293246929301407,/sessions/cool-youthful-allen/mnt/Research/color-histogram-analysis/dataset/segmented/op/001_particle0036.png,op,train
0.6382978723404256,0.5207161635994543,0.3467863475177305,0.2145764333941821,19.55875,33.844216817617415,9.4,6.0,0.4203478783951704,1.210866084805186,1.6006749049920486,1.9505202155103032,3.805288840709488,2.649889635706669,3.9835958242041904,303.2630200010945,192.92302653793945,0.3653102847312106,0.0648211600580954,0.0777197191802208,0.0097523415092732,0.9531511497370356,0.0297156364020701,0.02001953125,0.0234375,0.01544189453125,0.0123291015625,0.0067138671875,0.00738525390625,0.0096435546875,0.01434326171875,0.02252197265625,0.03363037109375,0.0413818359375,0.05865478515625,0.059814453125,0.05072021484375,0.02813720703125,0.01983642578125,0.01422119140625,0.0113525390625,0.006591796875,0.00787353515625,0.00360107421875,0.0037841796875,0.008544921875,0.0198974609375,0.025634765625,0.4744873046875,123.84017319277108,25.076401730814272,132.04480421686748,1.3498756494203012,130.32417168674698,2.826422246854071,/sessions/cool-youthful-allen/mnt/Research/color-histogram-analysis/dataset/segmented/op/001_particle0020.png,op,train
0.4156171284634761,0.6216280127330605,0.2608503167697122,0.2088315906169262,42.7175,50.70020879507065,19.85,8.25,0.1140052747213642,0.2680151482329757,1.686370065122953,2.424931779739742,5.038797604488344,-3.2857485950420577,-4.4978604736960985,371.0581468611763,221.6763238560588,0.4036749102088653,0.0628361241838974,0.1073260513886963,0.0132239480271149,0.9452056919586668,0.03257382941312,0.019775390625,0.0208740234375,0.0101318359375,0.010986328125,0.01153564453125,0.00677490234375,0.00604248046875,0.00738525390625,0.009033203125,0.01513671875,0.03070068359375,0.056640625,0.0814208984375,0.06298828125,0.0333251953125,0.01800537109375,0.00994873046875,0.00592041015625,0.0025634765625,0.00360107421875,0.00177001953125,0.00408935546875,0.00750732421875,0.02203369140625,0.02520751953125,0.5166015625,110.48814707305272,23.46943641984532,129.8052733430092,0.8629117011867956,132.663038219642,2.059093853805881,/sessions/cool-youthful-allen/mnt/Research/color-histogram-analysis/dataset/segmented/opa/10_particle0008.png,opa,train
2.8421052631578947,0.4953152963469839,0.2547649989170457,0.1989638328119627,5.88125,19.27314918637276,8.1,2.85,0.0270679703042688,0.1189912653269705,0.7694591178680609,1.5371630773379217,3.540328229540747,-2.1683863921404978,2.6948536119393838,243.13349051916293,143.46036632304146,0.4583735558975223,0.1151410628829454,0.1130725109064015,0.0183718886079279,0.9531629101394516,0.027490684436438,0.0184326171875,0.02056884765625,0.01300048828125,0.0135498046875,0.0079345703125,0.00848388671875,0.00579833984375,0.0081787109375,0.01031494140625,0.016357421875,0.0257568359375,0.05419921875,0.06182861328125,0.0540771484375,0.03094482421875,0.01971435546875,0.01226806640625,0.0093994140625,0.0042724609375,0.0059814453125,0.00341796875,0.00628662109375,0.010498046875,0.0198974609375,0.02978515625,0.529052734375,130.08581991021916,21.51501774391646,131.36334829680487,1.158433416680063,133.2793768154212,1.720227087618705,/sessions/cool-youthful-allen/mnt/Research/color-histogram-analysis/dataset/segmented/bop1/003_particle0012.png,bop1,train
1.6574074074074074,0.8330704341266031,0.3141682184978274,0.3400249456341333,15.18375,23.688581985235214,8.95,5.4,0.3595642104599289,0.7945886075980085,2.413354832201947,2.7566967502063675,5.356326521711762,3.2644605518028973,-5.935125147793538,360.69279171405566,263.8995935289325,0.314686096431896,0.0626207287404067,0.0724400347827799,0.0101022964083074,0.9600544655056952,0.0291261366611267,0.0272216796875,0.02691650390625,0.01092529296875,0.006103515625,0.00775146484375,0.00714111328125,0.006103515625,0.005615234375,0.00811767578125,0.01226806640625,0.01812744140625,0.03070068359375,0.04864501953125,0.0340576171875,0.0185546875,0.01287841796875,0.0068359375,0.00628662109375,0.0030517578125,0.00347900390625,0.00189208984375,0.0035400390625,0.00701904296875,0.01812744140625,0.02447509765625,0.6441650390625,88.3186998733643,21.35444690294884,128.9314056563951,0.9485171869903712,131.9086112283664,2.107967391146381,/sessions/cool-youthful-allen/mnt/Research/color-histogram-analysis/dataset/segmented/bop1/005_particle0000.png,bop1,train
1.32,0.4114167406092872,0.1686060606060606,0.1785933464220003,8.69375,24.73294707536697,8.25,6.25,0.0033453979618249,0.1071816864129541,0.6026915378621654,1.3810123980844602,-3.85032833705479,-1.851292711414987,2.373105393992389,442.4243186610506,289.2555443227137,0.5092927743442723,0.068762324602065,0.1947172850109139,0.0203931822433612,0.9209387817456762,0.0514016867583042,0.02532958984375,0.02239990234375,0.01123046875,0.010009765625,0.00457763671875,0.00482177734375,0.0050048828125,0.00714111328125,0.00836181640625,0.01434326171875,0.02215576171875,0.04144287109375,0.06329345703125,0.05023193359375,0.0289306640625,0.02191162109375,0.0120849609375,0.009033203125,0.0057373046875,0.00665283203125,0.00396728515625,0.00848388671875,0.0123291015625,0.0321044921875,0.035888671875,0.53253173828125,109.05261180007516,25.41969866414372,129.39195791055994,1.0632369052828017,132.32544156332207,1.8162661839249383,/sessions/cool-youthful-allen/mnt/Research/color-histogram-analysis/dataset/segmented/bop1/005_particle0027.png,bop1,train
0.5508021390374331,0.4806094660277845,0.3619230569544676,0.2188308222651904,17.4275,31.63502861261368,9.35,5.15,0.2913967010911351,0.8465733538148912,1.4530701929152672,1.7882288013081828,3.4928423231976207,2.6374230474207394,3.6558397654560766,528.2700362959815,301.54928026545946,0.3569401083950185,0.0627224125743358,0.1002340200407085,0.0124618023075333,0.9334646528737228,0.0378297802100931,0.0244140625,0.02593994140625,0.012451171875,0.01043701171875,0.0079345703125,0.00677490234375,0.006591796875,0.009521484375,0.01080322265625,0.02020263671875,0.03070068359375,0.0517578125,0.0579833984375,0.04156494140625,0.01947021484375,0.0123291015625,0.006591796875,0.00604248046875,0.0018310546875,0.00537109375,0.00311279296875,0.0064697265625,0.01165771484375,0.025634765625,0.029052734375,0.55535888671875,117.4373980793622,27.043883730435205,130.52056531980432,1.701891119364304,135.2266714984599,2.8639955249601234,/sessions/cool-youthful-allen/mnt/Research/color-histogram-analysis/dataset/segmented/op/002_particle0019.png,op,train
3.4838709677419355,0.7274825013460503,0.353121266427718,0.2311692901623618,11.8225,25.35096663236618,10.8,3.1,0.1063962197995266,0.2418345036200809,1.8431229981621096,2.5297813553650106,5.033501255624235,4.627779941087216,4.773549383046585,227.73677044490728,148.7082122643573,0.3519355913824881,0.0711957604844138,0.0702439537978185,0.0109549383861148,0.9721438882024672,0.0181288550894127,0.01837158203125,0.02117919921875,0.0174560546875,0.01727294921875,0.01171875,0.01007080078125,0.0076904296875,0.00823974609375,0.00946044921875,0.01275634765625,0.0263671875,0.05517578125,0.09844970703125,0.06195068359375,0.0283203125,0.0130615234375,0.0074462890625,0.00921630859375,0.004638671875,0.0091552734375,0.0059814453125,0.00531005859375,0.00860595703125,0.0191650390625,0.01995849609375,0.49298095703125,105.54920447849146,26.83881928184537,130.22687094873305,1.2476624424353977,132.01944608131998,2.0892986607290225,/sessions/cool-youthful-allen/mnt/Research/color-histogram-analysis/dataset/segmented/bop1/002_particle0037.png,bop1,train
1.3392070484581498,0.7617912359670503,0.3102393925341989,0.2367274923078793,53.5225,53.3026472568512,15.2,11.35,0.3997668673601565,0.9098371325087368,2.42163467668218,2.616192616113702,5.13663087491557,3.0711389159366536,-6.212665556124482,540.725385465834,300.7413715256053,0.3755032182439909,0.0576470744579862,0.0817838247997391,0.0102448000040972,0.9285772662801544,0.0395538610912332,0.0235595703125,0.02178955078125,0.0101318359375,0.00921630859375,0.0084228515625,0.0113525390625,0.008056640625,0.00946044921875,0.01068115234375,0.0159912109375,0.0250244140625,0.0499267578125,0.06817626953125,0.05078125,0.02532958984375,0.015869140625,0.00775146484375,0.00653076171875,0.00384521484375,0.00341796875,0.00189208984375,0.00408935546875,0.00738525390625,0.0189208984375,0.022216796875,0.5601806640625,114.14268142681426,27.54919076476004,130.79028290282903,1.1470820968614928,133.82451824518245,2.7638275722434478,/sessions/cool-youthful-allen/mnt/Research/color-histogram-analysis/dataset/segmented/opa/6_particle0013.png,opa,train
0.4521276595744681,0.6163829587134393,0.2050688360450563,0.1850081652726607,8.1925,23.589444226026536,9.4,4.25,0.0054992032647633,0.0340936531465626,1.6822856946529197,2.2619736756793998,4.380762623041687,2.6963498828259307,4.388543797521386,334.9749634681148,229.1403696567882,0.3288934884842188,0.0767987263648194,0.0564985846170562,0.0099785634490198,0.9450064140239328,0.0374747984600342,0.0274658203125,0.02545166015625,0.0103759765625,0.00738525390625,0.006591796875,0.010986328125,0.01031494140625,0.0137939453125,0.01324462890625,0.02252197265625,0.0296630859375,0.04632568359375,0.054931640625,0.039794921875,0.027587890625,0.01934814453125,0.01080322265625,0.00921630859375,0.00494384765625,0.00384521484375,0.00189208984375,0.0029296875,0.005615234375,0.01513671875,0.016845703125,0.56298828125,94.94797687861272,24.975283686086392,130.66666666666666,1.3112330261291536,133.86769428387925,1.8480743892724127,/sessions/cool-youthful-allen/mnt/Research/color-histogram-analysis/dataset/segmented/bop1/005_particle0006.png,bop1,train
0.4894514767932489,0.6937770302739068,0.4201222173723264,0.2999051211564902,28.875,34.78355669975281,11.85,5.8,0.4286164508459776,1.021925275609078,2.1677584642748755,3.1684008503300523,-6.720795821308857,-4.097948414851736,-5.840211716444146,211.30658567271396,139.3406038399132,0.3548347621487781,0.0680993525054033,0.0707128810406793,0.009277872073445,0.9686284693230136,0.0206435121759981,0.00994873046875,0.01934814453125,0.01483154296875,0.0137939453125,0.01220703125,0.0135498046875,0.0128173828125,0.0164794921875,0.01849365234375,0.02874755859375,0.04754638671875,0.078369140625,0.10162353515625,0.07421875,0.03668212890625,0.0184326171875,0.01422119140625,0.01263427734375,0.00750732421875,0.00732421875,0.00482177734375,0.006103515625,0.0098876953125,0.01422119140625,0.0159912109375,0.39019775390625,127.27192149414373,24.50794277537161,130.21968977524534,1.357512866475425,131.97103513770182,2.5676568257648897,/sessions/cool-youthful-allen/mnt/Research/color-histogram-analysis/dataset/segmented/op/009_particle0020.png,op,train
0.7279693486590039,0.4800813446102462,0.3594172212139544,0.1874289102296067,44.55875,54.65792514681816,13.05,9.5,0.3612587721209885,1.2311739198822258,1.5405646305442195,2.0995203831587164,-4.156315722192145,-3.049776146755797,-4.008518092480647,476.0032840846691,284.22034795284566,0.3065596007368822,0.0538686934018529,0.0643572658711275,0.007062413438651,0.9444175303425808,0.0330521688292796,0.0172119140625,0.02593994140625,0.02197265625,0.01336669921875,0.00848388671875,0.007080078125,0.00665283203125,0.0096435546875,0.01025390625,0.015625,0.0274658203125,0.06915283203125,0.08465576171875,0.053955078125,0.03179931640625,0.018310546875,0.011474609375,0.00927734375,0.0047607421875,0.005615234375,0.00469970703125,0.00604248046875,0.00885009765625,0.01708984375,0.01629638671875,0.49432373046875,106.89832599118942,29.56026125824744,129.19506607929517,1.339147065663416,133.27541850220263,3.272917056440032,/sessions/cool-youthful-allen/mnt/Research/color-histogram-analysis/dataset/segmented/op/007_particle0027.png,op,train
1.7346938775510203,0.4581192017619969,0.2060024009603841,0.2011468114995474,8.58,23.152185827493668,8.5,4.9,0.1242888433164813,0.4119370573464606,0.7180885966405985,1.3881657993950005,2.816763669808404,-2.468673522865891,2.4837099728014413,237.53462891767344,158.1923024830421,0.523365330936714,0.0582516425326363,0.2198420802075469,0.0198081252545263,0.954662597573848,0.0300649839840939,0.0113525390625,0.01312255859375,0.0076904296875,0.007568359375,0.006591796875,0.0079345703125,0.008056640625,0.00750732421875,0.00933837890625,0.01397705078125,0.022216796875,0.066162109375,0.11077880859375,0.07513427734375,0.0206298828125,0.01580810546875,0.00994873046875,0.01226806640625,0.0048828125,0.00927734375,0.00408935546875,0.01123046875,0.01580810546875,0.02850341796875,0.043212890625,0.4569091796875,128.43988728866626,27.12129205795225,129.35347526612398,1.3891887805201235,131.4073262366938,2.2274451197385066,/sessions/cool-youthful-allen/mnt/Research/color-histogram-analysis/dataset/segmented/bop1/004_particle0028.png,bop1,train
1.7729468599033815,0.3736609732135459,0.2077689583909226,0.1198608936893957,39.46,64.31980465054512,18.35,10.35,0.1024190069316895,0.3504149631381194,0.6680503432042021,1.153542841202903,2.1864336931295965,1.7636890585735638,2.247563208303611,289.04826199489304,178.96482876474877,0.5225007471696618,0.0542691190005776,0.1483537721648075,0.0125864190822488,0.9407595502495456,0.0365377628336661,0.0126953125,0.023193359375,0.015625,0.0101318359375,0.00579833984375,0.00592041015625,0.0048828125,0.008056640625,0.00909423828125,0.01556396484375,0.02032470703125,0.04217529296875,0.06097412109375,0.0518798828125,0.0283203125,0.0164794921875,0.0096435546875,0.0111083984375,0.0050048828125,0.005859375,0.00457763671875,0.009033203125,0.01519775390625,0.030029296875,0.03936767578125,0.5390625,144.58552971576228,37.79615934737163,130.01808785529715,1.6014152211802224,135.91912144702843,2.4626242285809203,/sessions/cool-youthful-allen/mnt/Research/color-histogram-analysis/dataset/segmented/op/005_particle0028.png,op,train
0.8545454545454545,0.3608652411735455,0.1754593810444874,0.1384827933706008,18.1425,40.57472549080849,11.0,9.4,0.0457576764785977,0.3081227060865814,0.411543001525565,1.102132883624384,2.1942679494970982,1.9268124336299652,1.9111225314594764,539.4049478917021,302.7167551877008,0.2943221926498773,0.0536772679921581,0.0585330394455103,0.0064731951299684,0.9167540951736464,0.0465593782745741,0.03564453125,0.03369140625,0.01312255859375,0.0079345703125,0.0054931640625,0.0059814453125,0.00653076171875,0.0072021484375,0.007568359375,0.01300048828125,0.02557373046875,0.04547119140625,0.0517578125,0.0400390625,0.02294921875,0.013671875,0.00921630859375,0.00848388671875,0.00390625,0.004150390625,0.00457763671875,0.00555419921875,0.007568359375,0.0194091796875,0.02215576171875,0.579345703125,94.98758704208296,27.61357243645264,129.41961852861036,1.1558023688144985,133.91734786557674,2.118530898052079,/sessions/cool-youthful-allen/mnt/Research/color-histogram-analysis/dataset/segmented/bop1/005_particle0002.png,bop1,train
2.935483870967742,0.5712502438072947,0.2076426799007444,0.1376294278295846,36.61,57.81614677906036,22.75,7.75,-0.020320029109287,-0.0108051528001072,0.969340574517951,1.476353890842936,2.775186265545228,1.749488676175609,-2.964099763212572,292.1153335961518,169.9105776164811,0.4292507948478187,0.0704722887476215,0.0906226658712228,0.0131089138002432,0.9262405495789982,0.0427141525439712,0.0184326171875,0.02001953125,0.00836181640625,0.00494384765625,0.00506591796875,0.0079345703125,0.0103759765625,0.015625,0.01922607421875,0.0296630859375,0.035888671875,0.0589599609375,0.07489013671875,0.06170654296875,0.033203125,0.02703857421875,0.01239013671875,0.01214599609375,0.00555419921875,0.00537109375,0.00372314453125,0.00848388671875,0.00848388671875,0.0120849609375,0.01690673828125,0.4835205078125,144.00755374782102,25.79759527597142,131.56769320162695,2.3825537378571635,131.74317257408484,3.2698224241539475,/sessions/cool-youthful-allen/mnt/Research/color-histogram-analysis/dataset/segmented/opa/4_particle0012.png,opa,train
1.0642857142857145,0.4967012252591894,0.1010546500479386,0.1302436557454554,5.27,22.54924216866493,7.45,7.0,-0.1274613307694046,-0.22022779787373,0.5730090074017754,1.3125155025749076,2.7507317533564777,-2.5259844971825065,2.2786675396677496,309.69309976236593,257.28393952134155,0.5648699668651238,0.0665749068146181,0.2134318419748995,0.0216135865980982,0.9125806948651888,0.0722702740856402,0.0174560546875,0.02288818359375,0.0084228515625,0.00677490234375,0.0052490234375,0.00469970703125,0.0029296875,0.0045166015625,0.0037841796875,0.007568359375,0.01702880859375,0.04425048828125,0.07550048828125,0.058349609375,0.0203857421875,0.01507568359375,0.01025390625,0.010009765625,0.0037841796875,0.00372314453125,0.00372314453125,0.00750732421875,0.01385498046875,0.03985595703125,0.044921875,0.5474853515625,116.95928143712575,27.21455263150157,129.94790419161677,1.2550419666792592,131.16646706586826,1.9114721660881475,/sessions/cool-youthful-allen/mnt/Research/color-histogram-analysis/dataset/segmented/bop1/002_particle0010.png,bop1,train
3.0252100840336134,0.8247097448689495,0.5247899159663866,0.3163929692943543,56.205,47.24751765131951,18.0,5.95,0.4881979269755039,1.1158509923045163,3.714045920482126,3.9858513128463215,7.83612228362643,4.675105619730487,-9.250171634575924,426.9078186029752,202.951956991129,0.274211679396662,0.0450626169459509,0.0650995005233133,0.0080085075413101,0.9377730645538436,0.0296555280746721,0.02606201171875,0.031982421875,0.01275634765625,0.01275634765625,0.01177978515625,0.00848388671875,0.00836181640625,0.01031494140625,0.01116943359375,0.01544189453125,0.01788330078125,0.02777099609375,0.030029296875,0.02813720703125,0.01641845703125,0.01226806640625,0.009521484375,0.00958251953125,0.00628662109375,0.00634765625,0.00506591796875,0.00518798828125,0.0069580078125,0.0223388671875,0.02777099609375,0.61932373046875,234.69916911045945,16.045471471254512,129.2212854349951,1.1318422899670046,129.6792521994135,1.5985482257478485,/sessions/cool-youthful-allen/mnt/Research/color-histogram-analysis/dataset/segmented/opa/7_particle0015.png,opa,train
1.3333333333333333,0.7312334412717103,0.2867036011080332,0.3523954850304886,3.105,10.52253954410553,3.8,2.85,0.3476292633181809,0.7779083898487851,2.058021668929084,2.3605407628361514,4.574649254500612,2.8001965211552746,-5.398757247729831,249.6289826422516,179.90070604373156,0.4668602484393553,0.0852091146326848,0.1131635903702995,0.0151035502386409,0.9661229103532584,0.0243299355490283,0.0196533203125,0.02490234375,0.01361083984375,0.012451171875,0.0103759765625,0.00921630859375,0.00732421875,0.00836181640625,0.011962890625,0.0205078125,0.03228759765625,0.0460205078125,0.0601806640625,0.0567626953125,0.03778076171875,0.033203125,0.017578125,0.01513671875,0.007568359375,0.007568359375,0.003662109375,0.00738525390625,0.0107421875,0.0233154296875,0.03070068359375,0.47174072265625,108.23959112440788,19.96318447075202,129.6115681874844,1.3977956821047477,127.23261032161555,2.00634586430986,/sessions/cool-youthful-allen/mnt/Research/color-histogram-analysis/dataset/segmented/bop1/001_particle0028.png,bop1,train
1.267515923566879,0.4623051948051948,0.2278750440098582,0.1058358950675075,17.79875,45.97091944813728,9.95,7.85,0.2633143540264046,0.8422083594713123,1.658701581399904,2.837215958371792,-5.7323153725398255,-3.4268979819680583,5.096491984035048,391.2752003381519,270.61557206695323,0.4865765814854825,0.0665781215994456,0.1336750544768568,0.01491403927931,0.9104399945177224,0.0617139736703317,0.01495361328125,0.0152587890625,0.00909423828125,0.00885009765625,0.00836181640625,0.0128173828125,0.01837158203125,0.0198974609375,0.0186767578125,0.0223388671875,0.03240966796875,0.05780029296875,0.077392578125,0.07110595703125,0.04022216796875,0.0316162109375,0.01824951171875,0.015380859375,0.005615234375,0.0086669921875,0.0054931640625,0.00933837890625,0.00909423828125,0.01666259765625,0.0234375,0.42889404296875,143.99264906071332,22.90981146465882,129.9616117615029,1.263488321458598,128.87258371903076,1.832814095588045,/sessions/cool-youthful-allen/mnt/Research/color-histogram-analysis/dataset/segmented/op/001_particle0023.png,op,train
2.6153846153846154,0.5902179422199696,0.4215384615384615,0.2569964171323086,11.645,23.86223641037941,8.5,3.25,0.3540811409496099,0.9061324124097124,1.6226032302913174,2.448979117444446,-5.278419134078617,-3.1261414260453004,-4.490460582557222,346.3476435656162,219.81919656703784,0.2953036579010877,0.073704716983438,0.0457741197965406,0.0082313668932674,0.9514433378739866,0.0307974829271092,0.02374267578125,0.02642822265625,0.01409912109375,0.018798828125,0.01416015625,0.0167236328125,0.01373291015625,0.01690673828125,0.0169677734375,0.01995849609375,0.0267333984375,0.03790283203125,0.05303955078125,0.04998779296875,0.02923583984375,0.0194091796875,0.0130615234375,0.01092529296875,0.01031494140625,0.0089111328125,0.00555419921875,0.0057373046875,0.005126953125,0.01531982421875,0.02252197265625,0.50469970703125,115.96830065359477,23.40953191958184,132.02728758169934,1.2267739572282124,132.51830065359476,2.2337265649859104,/sessions/cool-youthful-allen/mnt/Research/color-histogram-analysis/dataset/segmented/op/008_particle0022.png,op,train
1.5447154471544715,0.6107007109393744,0.2586756525459991,0.2291754025545139,60.4525,57.574220061302185,19.0,12.3,0.2000313681146115,0.4806929730330755,1.6065592075001944,2.552796251464146,-4.642819234967182,-2.7944346432592124,-5.298632650647527,499.6997364949968,254.01583648659312,0.3631811556501011,0.0490673293436206,0.0700165819152815,0.0073085687254466,0.9282682466679912,0.0362498248810239,0.0277099609375,0.02630615234375,0.010009765625,0.00628662109375,0.0054931640625,0.0064697265625,0.005859375,0.008056640625,0.0084228515625,0.01470947265625,0.02972412109375,0.04876708984375,0.05194091796875,0.04144287109375,0.0220947265625,0.01531982421875,0.01177978515625,0.00799560546875,0.00433349609375,0.00347900390625,0.0028076171875,0.00567626953125,0.0084228515625,0.020751953125,0.0234375,0.58270263671875,108.31912302070646,28.480640469791386,130.09476248477466,1.1704998977266046,134.23313032886725,3.09696697624542,/sessions/cool-youthful-allen/mnt/Research/color-histogram-analysis/dataset/segmented/opa/2_particle0002.png,opa,train
0.6089743589743589,0.432258064516129,0.1898785425101214,0.1802005975243674,7.035,22.149242067337035,7.8,4.75,-0.0052618352343721,0.1014160120675898,0.6513322682411843,1.3097304960417329,2.5302691778957653,1.8532685114081944,-2.3775877697980845,287.1872149463197,212.3838368656403,0.4691879782710018,0.0693360272945955,0.1226094647695038,0.0150883850571571,0.946248693628218,0.0396037971264948,0.0167236328125,0.021484375,0.012451171875,0.01104736328125,0.00860595703125,0.0084228515625,0.008544921875,0.0106201171875,0.00994873046875,0.01202392578125,0.01495361328125,0.04571533203125,0.078369140625,0.06011962890625,0.02239990234375,0.01422119140625,0.0089111328125,0.00946044921875,0.0062255859375,0.00799560546875,0.00518798828125,0.0079345703125,0.01116943359375,0.0252685546875,0.0281982421875,0.53399658203125,117.19209809264304,25.91879516893969,129.8773841961853,1.1724381182909522,130.04325613079018,1.6294616460423066,/sessions/cool-youthful-allen/mnt/Research/color-histogram-analysis/dataset/segmented/bop1/003_particle0038.png,bop1,train
1.07909604519774,0.6818181818181818,0.2418138255390895,0.2495927851953834,20.4375,32.0776691198349,9.55,8.85,0.3896553968745318,0.9224894411312844,1.765572208602474,2.3766891369683227,4.521362590177102,3.1556243847915915,-4.718661523312568,344.3982084382533,230.3706448062803,0.4536813370697451,0.0609372642996726,0.0908664369042925,0.0102501334316551,0.9525391361441004,0.0316098060997866,0.016357421875,0.02423095703125,0.01226806640625,0.011474609375,0.00909423828125,0.006591796875,0.0059814453125,0.0087890625,0.01171875,0.01837158203125,0.02886962890625,0.04815673828125,0.0616455078125,0.06341552734375,0.04278564453125,0.026611328125,0.01715087890625,0.013916015625,0.00616455078125,0.00665283203125,0.00421142578125,0.00714111328125,0.00665283203125,0.015869140625,0.01593017578125,0.50994873046875,107.81950965049556,26.35492221691245,130.80438184663538,1.3955819685822677,132.36854460093898,2.9746032677728778,/sessions/cool-youthful-allen/mnt/Research/color-histogram-analysis/dataset/segmented/op/004_particle0008.png,op,train
4.965517241379311,0.7959706334300837,0.5581896551724138,0.2804273033765816,5.8275,16.15979790687561,7.2,1.45,0.1724692374828859,0.377373097056191,2.221722229275388,3.099461109795576,-6.188913754023196,-3.505200609519594,-5.792491791648547,276.0554370017469,161.57556791633567,0.359201958002158,0.13173026206055,0.0740484149931187,0.015620844815067,0.968764442896351,0.0182580499286959,0.02569580078125,0.030029296875,0.0135498046875,0.009033203125,0.007568359375,0.007568359375,0.0069580078125,0.0107421875,0.0101318359375,0.01959228515625,0.02056884765625,0.03851318359375,0.0408935546875,0.05023193359375,0.02935791015625,0.02606201171875,0.01409912109375,0.0135498046875,0.00421142578125,0.00616455078125,0.0048828125,0.0057373046875,0.00909423828125,0.0152587890625,0.02410888671875,0.556396484375,115.01571980143407,20.16378813355797,129.17995035852178,1.6128348274568047,131.6238279095422,2.377784967932845,/sessions/cool-youthful-allen/mnt/Research/color-histogram-analysis/dataset/segmented/bop1/002_particle0013.png,bop1,train
0.4347826086956521,0.415359173960392,0.2238695652173913,0.1831478118905393,12.8725,29.719090539217,11.5,5.0,0.0814543594137891,0.2944920300570159,0.7244603812181641,1.4141667787592287,3.028761928889759,-2.0526620231428025,-2.5018646004011957,357.5154575231993,230.43641618745752,0.5446147307323307,0.0547293029522993,0.2018156366491739,0.0163680254317024,0.9340418292784792,0.0423404464370059,0.0155029296875,0.01214599609375,0.0078125,0.01092529296875,0.0096435546875,0.01287841796875,0.0106201171875,0.01300048828125,0.01025390625,0.01361083984375,0.0189208984375,0.0352783203125,0.083984375,0.06298828125,0.0269775390625,0.025146484375,0.015869140625,0.020263671875,0.00860595703125,0.011962890625,0.00830078125,0.0181884765625,0.0155029296875,0.02398681640625,0.05584716796875,0.4517822265625,130.95613785246368,23.02604153532398,128.54913130162348,1.1086355898629543,131.7835374537169,2.255755540275492,/sessions/cool-youthful-allen/mnt/Research/color-histogram-analysis/dataset/segmented/bop1/007_particle0021.png,bop1,train
0.3940677966101695,0.5123665286554805,0.2142564242755604,0.1749729109063388,11.75625,29.05721119642258,11.8,4.65,-0.0450311652479076,-0.0420409260738696,0.6616909852936935,1.0943624542272627,2.020742164920239,1.3083018905869002,-2.3222827183866226,308.77847805204726,206.40417564325756,0.433987547804222,0.0640630968584392,0.1003932903142885,0.0127800309535719,0.9498911204448665,0.0333334389988303,0.02288818359375,0.028076171875,0.00860595703125,0.008056640625,0.00811767578125,0.00909423828125,0.00634765625,0.0078125,0.00811767578125,0.01263427734375,0.021728515625,0.04217529296875,0.05987548828125,0.0517578125,0.02154541015625,0.0107421875,0.0076904296875,0.00787353515625,0.00396728515625,0.004150390625,0.00335693359375,0.00653076171875,0.0111083984375,0.02398681640625,0.02752685546875,0.57623291015625,109.53531030265974,22.6876742533608,130.44695811678386,1.684041959055647,129.67074289208193,2.644907088155404,/sessions/cool-youthful-allen/mnt/Research/color-histogram-analysis/dataset/segmented/bop1/003_particle0036.png,bop1,train
0.9247787610619468,0.4146987587042083,0.1159969513486048,0.1377078555678167,13.6975,35.35462449193001,11.3,10.45,-0.1093774742383874,-0.1706995528224721,1.0957534302133562,1.187735409823036,2.329517278282982,1.1053902005759602,-4.211158836019735,295.8008143775637,202.6309730397616,0.6149542433524002,0.0612262627437819,0.2073117116784552,0.017736539082963,0.9092846309583016,0.0617910184264134,0.01104736328125,0.01409912109375,0.008056640625,0.008544921875,0.01019287109375,0.00970458984375,0.00775146484375,0.0067138671875,0.009033203125,0.0142822265625,0.02874755859375,0.047119140625,0.083984375,0.104248046875,0.045166015625,0.0316162109375,0.0185546875,0.02178955078125,0.013427734375,0.01324462890625,0.00634765625,0.0146484375,0.01751708984375,0.027099609375,0.0428466796875,0.38421630859375,133.00614439324116,25.555717331135508,130.0215053763441,1.010213275681075,133.89605734767025,1.6035514287441086,/sessions/cool-youthful-allen/mnt/Research/color-histogram-analysis/dataset/segmented/bop1/005_particle0041.png,bop1,train
1.3208955223880596,0.8123133990771736,0.3785521544818281,0.3715146318595244,22.44625,27.554267382621767,8.85,6.7,0.4622023660536672,1.054661283304288,2.84071058332668,3.144123403586636,6.143446870566327,3.7074119933328897,-6.888733463434018,377.5666459348185,228.15925581532167,0.4031604347330909,0.060604482697817,0.1038327492653279,0.0132675903504622,0.9351930906718272,0.0390498691781513,0.02105712890625,0.0216064453125,0.01202392578125,0.01483154296875,0.01080322265625,0.0084228515625,0.00714111328125,0.009033203125,0.01287841796875,0.0206298828125,0.02801513671875,0.03924560546875,0.0426025390625,0.04583740234375,0.03472900390625,0.027099609375,0.01611328125,0.01422119140625,0.00811767578125,0.0054931640625,0.0067138671875,0.0086669921875,0.010498046875,0.01849365234375,0.0228271484375,0.53289794921875,143.71271666380642,28.11894947657621,130.07705508838168,1.2188386176988035,131.01664664492878,3.0906277072946344,/sessions/cool-youthful-allen/mnt/Research/color-histogram-analysis/dataset/segmented/op/001_particle0024.png,op,train
0.4514767932489451,0.7255962206158575,0.2513506053077802,0.2394579670007209,15.935,28.917871290445326,11.85,5.35,0.1200593085329877,0.2709290979857683,1.845397880475806,2.167160471753671,4.18932687269122,2.4616667650756736,4.749187967787304,296.95271181720216,205.79929775619712,0.3666746688738531,0.0579871414604334,0.0719964419600333,0.0079628563779624,0.9597386113271564,0.0277931851146922,0.02197265625,0.026611328125,0.01080322265625,0.007568359375,0.00689697265625,0.00634765625,0.0069580078125,0.00567626953125,0.00628662109375,0.01080322265625,0.03155517578125,0.0528564453125,0.0850830078125,0.0478515625,0.02325439453125,0.0145263671875,0.00909423828125,0.00689697265625,0.00323486328125,0.00384521484375,0.002685546875,0.004150390625,0.0068359375,0.02008056640625,0.0240478515625,0.5540771484375,99.06678841638404,22.80760912985046,130.25671797547614,1.386019937985176,131.1823636837986,2.122121308541803,/sessions/cool-youthful-allen/mnt/Research/color-histogram-analysis/dataset/segmented/bop1/004_particle0032.png,bop1,train
2.263157894736842,0.8135413108656875,0.5247490820073439,0.3780229418612602,26.795,29.84507907629013,10.75,4.75,0.4903452222109273,1.1442107315072212,2.986075936443037,3.4762331841466643,6.719729469320304,4.092728400724293,7.336218607900389,427.8487715038184,260.7859119355156,0.2404746978092525,0.0507468935986407,0.0424326508070427,0.0057314910511535,0.9529727980422572,0.0287118547235109,0.02947998046875,0.03240966796875,0.0179443359375,0.01495361328125,0.0118408203125,0.01092529296875,0.00836181640625,0.00909423828125,0.01239013671875,0.01495361328125,0.02001953125,0.03131103515625,0.03460693359375,0.0286865234375,0.0194091796875,0.0147705078125,0.010009765625,0.009521484375,0.00689697265625,0.00567626953125,0.0068359375,0.007080078125,0.01397705078125,0.0250244140625,0.02178955078125,0.58203125,104.09233766233766,26.896094796727567,130.66935064935066,1.5533861944966632,135.39506493506494,3.05580589552218,/sessions/cool-youthful-allen/mnt/Research/color-histogram-analysis/dataset/segmented/op/005_particle0019.png,op,train
1.6263736263736264,0.7048686366760057,0.165008415008415,0.1754452693179271,50.0025,59.84528782367706,22.2,13.65,0.1005882116688573,0.2315172182639512,1.392130248221851,1.741465366512827,3.326329061997108,2.0026310086231365,-3.857180995451965,369.0327184616722,240.77400187830943,0.5100308166734279,0.0594847780244809,0.2545384726693896,0.0112615685235112,0.9242384053095112,0.0494054892340274,0.0076904296875,0.0098876953125,0.0054931640625,0.0045166015625,0.008544921875,0.0068359375,0.0069580078125,0.00982666015625,0.01336669921875,0.0228271484375,0.0399169921875,0.0675048828125,0.10064697265625,0.08575439453125,0.0494384765625,0.03485107421875,0.01727294921875,0.015380859375,0.0059814453125,0.00640869140625,0.00360107421875,0.00604248046875,0.01275634765625,0.03790283203125,0.04058837890625,0.3800048828125,131.9485129517109,30.055766900013477,129.44995203070036,1.021032023790423,128.19571474256475,2.772254060068996,/sessions/cool-youthful-allen/mnt/Research/color-histogram-analysis/dataset/segmented/op/010_particle0024.png,op,train
0.6049382716049383,0.5691318327974276,0.2174036281179138,0.2226695648654134,8.62875,22.067261677980422,8.1,4.9,0.0917601729844728,0.2447158897843447,1.1395029790437188,1.6629147876934922,3.1660905556054,2.192012807366466,3.2772633039424024,391.3588173494183,271.22159659441667,0.4264676290277491,0.0776432337480979,0.0907907229116634,0.0143575312115069,0.9440864207460432,0.0385838627845326,0.01702880859375,0.01983642578125,0.0108642578125,0.01025390625,0.0068359375,0.0113525390625,0.015380859375,0.0196533203125,0.0174560546875,0.02178955078125,0.03558349609375,0.0518798828125,0.07318115234375,0.06536865234375,0.0404052734375,0.03204345703125,0.01605224609375,0.01226806640625,0.00885009765625,0.007080078125,0.00408935546875,0.00518798828125,0.0069580078125,0.01470947265625,0.01702880859375,0.4588623046875,99.000904159132,27.216382270983225,129.69107896323086,0.974719003620622,132.7528631705847,2.4426729077511458,/sessions/cool-youthful-allen/mnt/Research/color-histogram-analysis/dataset/segmented/bop1/005_particle0035.png,bop1,train
2.127450980392157,0.5201867119301649,0.1938420529502123,0.1871484696114278,10.72625,26.8371101975441,10.85,5.1,0.0683788606410572,0.2044931531814619,0.7672422014225064,1.1908482084465497,2.216572947019831,1.5945038104800984,2.52662913764525,246.81192832896747,182.42243580982023,0.4567939176648725,0.0676212148547351,0.128619916711664,0.015064363242369,0.958052705877698,0.0308603844216683,0.01837158203125,0.02734375,0.014892578125,0.00994873046875,0.0059814453125,0.0037841796875,0.00274658203125,0.0032958984375,0.00421142578125,0.0072021484375,0.01873779296875,0.06500244140625,0.11260986328125,0.07000732421875,0.02423095703125,0.01123046875,0.005126953125,0.0067138671875,0.00384521484375,0.002685546875,0.00140380859375,0.00408935546875,0.0074462890625,0.02386474609375,0.02783203125,0.51739501953125,108.62120211360634,28.759528424039797,129.30911492734478,1.0187587358922772,128.19550858652576,1.4214644100183191,/sessions/cool-youthful-allen/mnt/Research/color-histogram-analysis/dataset/segmented/bop1/003_particle0044.png,bop1,train
2.4107142857142856,0.6630027479390457,0.5265873015873016,0.3523205853854101,9.9525,18.84091610312462,6.75,2.8,0.3798679610616067,0.9295590020352614,1.9095415870338737,2.386570053128739,4.631461110806509,3.2087762952078918,-4.756607620502931,424.5623425669238,295.3732113620463,0.2675649510731863,0.0862981227835918,0.0377818134073474,0.0076075187436196,0.955254919629018,0.03109841916351,0.02294921875,0.0283203125,0.01654052734375,0.0093994140625,0.01007080078125,0.01239013671875,0.00970458984375,0.013916015625,0.01434326171875,0.0147705078125,0.01812744140625,0.0347900390625,0.0526123046875,0.0433349609375,0.02508544921875,0.01251220703125,0.0089111328125,0.0069580078125,0.0057373046875,0.0048828125,0.0037841796875,0.00616455078125,0.01104736328125,0.0216064453125,0.02301025390625,0.56903076171875,100.53801719505644,22.429177572984184,128.7267598065556,1.1703523127989717,130.1442772702848,2.381502417171191,/sessions/cool-youthful-allen/mnt/Research/color-histogram-analysis/dataset/segmented/bop1/007_particle0027.png,bop1,train
0.8439024390243902,0.6073336300912531,0.1538841110954462,0.1855961322041796,13.64375,30.393964219093323,10.25,8.65,0.0960952078990582,0.2314983739054402,1.3428173083306554,1.7995479925071698,3.4246096285578105,2.187136820823356,3.6997808505015057,340.5282832317628,260.11890555315244,0.4386591649825585,0.0693591139006543,0.1052482791386649,0.0098593927152699,0.9355130895738092,0.0490420216291369,0.02093505859375,0.02239990234375,0.00982666015625,0.00799560546875,0.00537109375,0.00482177734375,0.0040283203125,0.00592041015625,0.00701904296875,0.012939453125,0.03192138671875,0.0657958984375,0.098388671875,0.0816650390625,0.042236328125,0.02117919921875,0.009521484375,0.0069580078125,0.0029296875,0.00250244140625,0.00164794921875,0.003662109375,0.0062255859375,0.0194091796875,0.0198974609375,0.48480224609375,105.39537712895375,26.11911627361358,130.2875101378751,1.4152390562992094,131.06285482562853,2.2732316462715656,/sessions/cool-youthful-allen/mnt/Research/color-histogram-analysis/dataset/segmented/bop1/004_particle0005.png,bop1,train
1.89,0.6299613702933311,0.3925925925925926,0.2851122545492613,18.55,28.593607199192046,9.45,5.0,0.3599825166896176,0.8628781051819292,1.989910358523156,2.329617261351332,4.5256854781628135,2.9587845536001853,-4.895677916002495,317.7585861059048,197.04028429724053,0.2943580580692611,0.0578566458072017,0.0460507555734886,0.0065729098006758,0.9550270626797634,0.0278433544041845,0.02215576171875,0.03118896484375,0.01495361328125,0.0113525390625,0.00982666015625,0.01123046875,0.00927734375,0.0128173828125,0.01531982421875,0.02520751953125,0.027587890625,0.040771484375,0.0445556640625,0.04833984375,0.0306396484375,0.02044677734375,0.0140380859375,0.013427734375,0.00787353515625,0.0054931640625,0.00738525390625,0.00982666015625,0.01275634765625,0.01824951171875,0.019287109375,0.5159912109375,115.27194640096204,25.992679677416763,131.03264043978697,1.270210151363728,133.94227795911357,2.716919866999006,/sessions/cool-youthful-allen/mnt/Research/color-histogram-analysis/dataset/segmented/op/003_particle0013.png,op,train
0.3816091954022989,0.53890670211934,0.2385749896136269,0.1955225633882479,43.06875,52.61234077811241,21.75,8.3,0.0959847013388984,0.2498384625818649,1.0156993622374375,1.5799685052048884,3.0062176015240154,2.056864948333712,3.052923973063733,290.2975169867356,170.19235092052546,0.5011334580583724,0.0575466245716621,0.1567152173411808,0.0138827299151911,0.9526635501616092,0.0276242773511973,0.015625,0.01812744140625,0.0107421875,0.01263427734375,0.00872802734375,0.00738525390625,0.00384521484375,0.00628662109375,0.005126953125,0.01031494140625,0.02447509765625,0.06402587890625,0.096435546875,0.07843017578125,0.02569580078125,0.017578125,0.00927734375,0.01190185546875,0.0057373046875,0.00830078125,0.00604248046875,0.0107421875,0.01434326171875,0.028076171875,0.036376953125,0.4637451171875,126.42135416666666,28.571530524274788,130.009375,1.282460048516782,134.46119791666666,2.786136554142491,/sessions/cool-youthful-allen/mnt/Research/color-histogram-analysis/dataset/segmented/op/006_particle0029.png,op,train
2.682758620689655,0.3089466117883377,0.1390656856661643,0.1041224362680545,19.61,48.6487368285656,19.45,7.25,-0.2713658237970749,-0.4867219683055095,-0.1064236193734607,0.3403975520613168,0.5029474463437724,0.3849770480584562,0.8188391304351444,336.32372497197304,214.74274544961364,0.4491145610386183,0.0678332625722821,0.103324872171535,0.013412491856327,0.9223420772193164,0.0493832468810438,0.02166748046875,0.02154541015625,0.0155029296875,0.01141357421875,0.0096435546875,0.00946044921875,0.00799560546875,0.01043701171875,0.0113525390625,0.0179443359375,0.02606201171875,0.04638671875,0.06463623046875,0.0517578125,0.01959228515625,0.0123291015625,0.00677490234375,0.00946044921875,0.00433349609375,0.00537109375,0.00341796875,0.0048828125,0.00982666015625,0.02349853515625,0.02899169921875,0.54571533203125,111.99654874892148,31.88769099663115,129.14150129421915,0.931100913388504,132.8632441760138,2.0601029908618367,/sessions/cool-youthful-allen/mnt/Research/color-histogram-analysis/dataset/segmented/bop1/007_particle0037.png,bop1,train
0.9261744966442952,0.3840205006177641,0.2040657523587199,0.1838566567693183,10.49,26.77644991874695,7.45,6.9,0.0706888830394922,0.4057627888148913,0.7029183052598286,1.4059679074583298,3.211778921068692,-2.3687656520849893,-2.4673442061231143,268.4760516472052,167.43947199572813,0.4012750736103732,0.0617561492425008,0.0892060875169289,0.0091767943204531,0.953764838223293,0.028700691676719,0.0201416015625,0.03326416015625,0.01837158203125,0.0091552734375,0.0084228515625,0.0045166015625,0.00433349609375,0.00531005859375,0.00604248046875,0.01092529296875,0.0228271484375,0.05023193359375,0.07574462890625,0.064697265625,0.0335693359375,0.0162353515625,0.00811767578125,0.00665283203125,0.00372314453125,0.00341796875,0.0025634765625,0.0048828125,0.0087890625,0.022705078125,0.02606201171875,0.529296875,109.91433021806854,27.211044582904663,129.09065420560748,1.1851389794768628,130.18130841121496,1.6905895398085062,/sessions/cool-youthful-allen/mnt/Research/color-histogram-analysis/dataset/segmented/bop1/006_particle0032.png,bop1,train
2.140969162995595,0.5404831099028156,0.1567774333315204,0.1470662872449369,43.24,60.78427070379257,24.3,11.35,-0.0710374974040483,-0.1115131541044942,0.722143226892744,1.0300649693484625,1.9183715736341984,1.0599984830437756,-2.537394389781737,427.5525232498504,282.0074727837275,0.4117567919569292,0.0662212744846312,0.0781398776164864,0.0097840936443745,0.9245368905658096,0.0497732247070381,0.01922607421875,0.01385498046875,0.01025390625,0.0123291015625,0.0103759765625,0.0103759765625,0.0089111328125,0.01019287109375,0.01422119140625,0.02423095703125,0.03204345703125,0.0645751953125,0.1114501953125,0.08319091796875,0.0350341796875,0.0223388671875,0.01397705078125,0.01116943359375,0.0054931640625,0.00531005859375,0.00396728515625,0.0035400390625,0.00543212890625,0.01373291015625,0.01531982421875,0.439453125,117.2761877504293,26.736660614999806,130.5543789353177,1.4581716133582852,129.59559244419003,2.705311409726223,/sessions/cool-youthful-allen/mnt/Research/color-histogram-analysis/dataset/segmented/op/010_particle0020.png,op,train
1.0551181102362204,0.5364282676064897,0.2593724291926196,0.1991231317761784,11.035,26.389444214105605,6.7,6.35,0.2789625419837172,0.812836040537684,1.2093317365848613,2.117281422595364,4.314577666287043,-3.0261902832277974,-3.7999986978258815,398.56119453054544,249.0306576969772,0.4337175266940615,0.0648878915538521,0.1314057444345066,0.0141290921313198,0.9479082303253982,0.0324105467897404,0.01898193359375,0.022705078125,0.00872802734375,0.00634765625,0.0067138671875,0.00738525390625,0.0087890625,0.0147705078125,0.01788330078125,0.023681640625,0.03363037109375,0.04327392578125,0.05255126953125,0.0556640625,0.03778076171875,0.03338623046875,0.02191162109375,0.0155029296875,0.0086669921875,0.0067138671875,0.005126953125,0.00762939453125,0.0079345703125,0.01788330078125,0.02691650390625,0.48944091796875,107.63155241935485,25.155350638286787,130.1648185483871,1.8475278183713384,130.3555947580645,2.6101372532762075,/sessions/cool-youthful-allen/mnt/Research/color-histogram-analysis/dataset/segmented/bop1/002_particle0018.png,bop1,train
1.7373737373737377,0.7396319569120288,0.4838794926004228,0.3649322779694061,20.59875,26.63294709324837,8.6,4.95,0.4954947981593275,1.2505789578400646,2.254937988795126,3.0440904088924685,6.676897814716504,-4.074665812194239,-5.695962498377719,366.4176452523444,239.932405457958,0.3010814348992362,0.0674376705246112,0.0438955897291401,0.0079058807044551,0.9479637356099228,0.0341061776183806,0.02178955078125,0.03204345703125,0.01678466796875,0.01568603515625,0.0142822265625,0.01171875,0.01300048828125,0.0159912109375,0.0196533203125,0.0247802734375,0.0281982421875,0.043701171875,0.05926513671875,0.0533447265625,0.0269775390625,0.02191162109375,0.01287841796875,0.0086669921875,0.00543212890625,0.00579833984375,0.006591796875,0.0096435546875,0.0106201171875,0.02227783203125,0.02880859375,0.47015380859375,124.97161236190745,27.98258752314029,131.39616836806042,1.2575408127447636,132.71430569151167,3.0708623041833283,/sessions/cool-youthful-allen/mnt/Research/color-histogram-analysis/dataset/segmented/op/001_particle0010.png,op,train
0.4806201550387597,0.6084247595828254,0.2632689422355589,0.2117139984164481,84.225,70.70508597493172,25.8,12.4,0.2272317582939463,0.5402598950948969,1.7003947155193055,2.3268479756625053,4.510266066448716,3.7397535781042537,4.473275948479552,468.54699674248855,237.51301229681576,0.392426553569972,0.0534098230328078,0.0895744972298628,0.0094293270849577,0.9326898889495144,0.0339272024803351,0.01885986328125,0.0194091796875,0.012451171875,0.0133056640625,0.0089111328125,0.00775146484375,0.01055908203125,0.013427734375,0.01495361328125,0.02117919921875,0.0296630859375,0.0528564453125,0.06707763671875,0.0469970703125,0.025634765625,0.01885986328125,0.00823974609375,0.0068359375,0.00482177734375,0.0048828125,0.00335693359375,0.00421142578125,0.0048828125,0.02001953125,0.02142333984375,0.5394287109375,110.90200708382528,30.016832479445984,131.00637544273908,1.0564724738896103,134.10743801652893,3.281090170087591,/sessions/cool-youthful-allen/mnt/Research/color-histogram-analysis/dataset/segmented/opa/7_particle0004.png,opa,train
1.175324675324675,0.4408774450215493,0.1431262108057688,0.1597180037609457,9.97375,28.012846034765243,9.05,7.7,-0.06446093490471,-0.0391436004376926,0.3778991819985748,0.8637442316547257,1.543229141211811,1.081061081205343,1.79743187643423,323.8523951883866,220.2435792819388,0.5617448655697986,0.0612151607644272,0.2148063205250224,0.0186876708470938,0.9247455952778156,0.0508942140991424,0.015380859375,0.01934814453125,0.00933837890625,0.008544921875,0.00579833984375,0.00592041015625,0.0040283203125,0.006591796875,0.00537109375,0.01251220703125,0.02301025390625,0.04559326171875,0.0738525390625,0.06646728515625,0.02972412109375,0.01904296875,0.0078125,0.00927734375,0.0048828125,0.00494384765625,0.00347900390625,0.00537109375,0.01116943359375,0.0281982421875,0.0491943359375,0.525146484375,124.22990975504942,24.12864816658445,129.7009024495058,1.1132340805581031,131.92393639879674,1.7043558471491964,/sessions/cool-youthful-allen/mnt/Research/color-histogram-analysis/dataset/segmented/bop1/004_particle0020.png,bop1,train
2.2864864864864867,0.5739904012452438,0.3392818350265159,0.2492213563328635,66.37625,57.85203773379326,21.15,9.25,0.2561798327176376,0.6147498705267092,1.522714248928515,2.115951836813019,4.10823905292098,2.793183926145113,4.0654638460445645,458.876525905245,276.0513245754365,0.3606353980198596,0.0668703681610269,0.0611310825563467,0.0094134996772552,0.9360619939363126,0.0383591621388843,0.01641845703125,0.0330810546875,0.0118408203125,0.01055908203125,0.00927734375,0.0118408203125,0.0140380859375,0.019775390625,0.01898193359375,0.021728515625,0.029052734375,0.04913330078125,0.05889892578125,0.0460205078125,0.027587890625,0.01397705078125,0.00921630859375,0.0086669921875,0.00665283203125,0.0042724609375,0.0030517578125,0.005126953125,0.00921630859375,0.0194091796875,0.0216064453125,0.52056884765625,120.26979362101314,30.682566618992126,129.80356472795498,0.875273451794521,132.27560975609757,3.4343516083332117,/sessions/cool-youthful-allen/mnt/Research/color-histogram-analysis/dataset/segmented/opa/9_particle0009.png,opa,train
1.64,0.7299575536557661,0.3646590343454455,0.3498452871033943,45.7875,40.55462444424629,14.35,8.75,0.4576319027677631,1.0844177975266192,2.197607474264591,3.055208510081468,-6.170548796361828,-3.840438996266736,5.70576055043273,350.73223177071395,198.46338697624637,0.316565528473925,0.0589125959952447,0.0506241512850047,0.0071955050676599,0.9581905415655848,0.0235939435066224,0.02325439453125,0.029052734375,0.01141357421875,0.0113525390625,0.00933837890625,0.0093994140625,0.0096435546875,0.00921630859375,0.0108642578125,0.01898193359375,0.03363037109375,0.05242919921875,0.06488037109375,0.05230712890625,0.03045654296875,0.01934814453125,0.01300048828125,0.0098876953125,0.0057373046875,0.0048828125,0.00311279296875,0.0059814453125,0.01068115234375,0.01873779296875,0.01812744140625,0.5142822265625,102.48741580999643,24.36045344499603,130.59588798298475,1.0748836199259857,132.77401630627438,2.3995919683905087,/sessions/cool-youthful-allen/mnt/Research/color-histogram-analysis/dataset/segmented/opa/6_particle0003.png,opa,train
0.5548172757475083,0.5395675536889981,0.2926472636123102,0.2271259414275953,36.77625,45.10817776918411,15.05,8.35,0.2550346359617373,0.6999680339416058,1.1402413287925028,1.801210126136178,3.539893109186951,2.6354478217406525,-3.346652252912224,413.75615394362273,235.24084313975567,0.457046528443108,0.0592652817344251,0.1711912727448253,0.0187972169151282,0.93035750398701,0.0394118185520648,0.0191650390625,0.01983642578125,0.0123291015625,0.01214599609375,0.0087890625,0.01202392578125,0.00848388671875,0.01080322265625,0.0115966796875,0.02032470703125,0.02801513671875,0.0469970703125,0.05413818359375,0.052001953125,0.0252685546875,0.01788330078125,0.0089111328125,0.008544921875,0.00616455078125,0.00665283203125,0.0081787109375,0.0145263671875,0.01751708984375,0.03009033203125,0.04290771484375,0.4967041015625,135.73602080624187,29.9216303100654,129.9848287819679,0.887828648129269,131.8006068487213,3.061448356305112,/sessions/cool-youthful-allen/mnt/Research/color-histogram-analysis/dataset/segmented/opa/8_particle0016.png,opa,train
1.8548387096774197,0.8529696676151843,0.4939866760168303,0.4402900404410064,35.22125,31.705739253759383,11.5,6.2,0.5267672547429343,1.217434741235479,3.249055561173421,3.658080036420656,7.111685807450979,4.272915478202149,-8.990310908715347,298.38981063248093,192.8849180941955,0.3285859530134904,0.0580195763808128,0.0631408844493883,0.0072072121931328,0.9630332695273098,0.0238823969055029,0.01983642578125,0.0279541015625,0.01556396484375,0.01165771484375,0.00701904296875,0.006591796875,0.00518798828125,0.0084228515625,0.012451171875,0.01861572265625,0.02813720703125,0.049072265625,0.06610107421875,0.05633544921875,0.03570556640625,0.021484375,0.0111083984375,0.00787353515625,0.0054931640625,0.0050048828125,0.00335693359375,0.00390625,0.0106201171875,0.02142333984375,0.01910400390625,0.52197265625,118.09309834521729,21.101350555921396,130.1436835732544,1.3375807582773471,133.44934750437238,2.2180108405307646,/sessions/cool-youthful-allen/mnt/Research/color-histogram-analysis/dataset/segmented/op/004_particle0004.png,op,train
1.46875,0.803598525905051,0.3851188497340425,0.3919615308793916,23.16875,27.254267305135727,9.4,6.4,0.5677264951069183,1.4231393864316393,2.2540906801839005,3.0599091161306067,6.0343696522206525,4.756143494043224,5.774166626750881,232.6823213242193,152.85584855857547,0.3533504449446945,0.070819764695524,0.0663351144811225,0.0100540759489039,0.9657350319942164,0.0224652555911595,0.02362060546875,0.03009033203125,0.01434326171875,0.01019287109375,0.00830078125,0.0101318359375,0.009765625,0.01409912109375,0.01593017578125,0.0238037109375,0.03533935546875,0.05914306640625,0.07696533203125,0.06494140625,0.03594970703125,0.0247802734375,0.0142822265625,0.01104736328125,0.00421142578125,0.0054931640625,0.00640869140625,0.0087890625,0.01336669921875,0.0166015625,0.01983642578125,0.44256591796875,123.3094248094248,23.948487132031783,132.70980595980595,1.5556730612076286,132.42394317394317,2.986212573220523,/sessions/cool-youthful-allen/mnt/Research/color-histogram-analysis/dataset/segmented/op/001_particle0011.png,op,train
0.2065404475043029,0.6582008259681185,0.4731927710843373,0.206274527424701,82.4775,70.88427076339721,29.05,6.0,0.1658805044296428,0.3749592462826471,1.8207949377530768,2.3520519666890847,4.539137741985236,3.0554605930859413,-4.653809411243135,423.8515822943808,221.5479820565982,0.2725690061323622,0.0567110110334472,0.0428089623748531,0.007420344527862,0.9332219968693688,0.0349131620341096,0.02130126953125,0.0302734375,0.0196533203125,0.0115966796875,0.00726318359375,0.00750732421875,0.01031494140625,0.0123291015625,0.0164794921875,0.0220947265625,0.027587890625,0.04571533203125,0.05645751953125,0.04510498046875,0.030517578125,0.01837158203125,0.01123046875,0.0069580078125,0.0050048828125,0.0042724609375,0.0045166015625,0.00640869140625,0.0087890625,0.02008056640625,0.0218505859375,0.5283203125,131.2937636761488,25.52938141816291,130.21485229759298,0.7979276907265472,133.21115973741794,2.5849349294254207,/sessions/cool-youthful-allen/mnt/Research/color-histogram-analysis/dataset/segmented/opa/8_particle0010.png,opa,train
0.8509615384615384,0.510461984669567,0.2007822685788787,0.1682343154673665,18.48,37.15340508818626,10.4,8.85,0.2019819863217554,0.5273046760121278,1.341958823145934,1.3855141238945623,2.7495471569949483,1.6878600565488433,4.181720039068535,444.0870067353189,254.87376804984527,0.4694012093415975,0.0566608658440007,0.1418502493807459,0.0129397488972154,0.9201698695548196,0.0455224535414122,0.02386474609375,0.025146484375,0.01031494140625,0.009033203125,0.00762939453125,0.0076904296875,0.00726318359375,0.01104736328125,0.00970458984375,0.01641845703125,0.02508544921875,0.04119873046875,0.0540771484375,0.05511474609375,0.02960205078125,0.01751708984375,0.0078125,0.00689697265625,0.00335693359375,0.00482177734375,0.00347900390625,0.00531005859375,0.00714111328125,0.0263671875,0.027587890625,0.5565185546875,121.54952175254552,28.7325510241442,131.36778771983955,1.801949391626156,134.96667695155816,2.87475908120975,/sessions/cool-youthful-allen/mnt/Research/color-histogram-analysis/dataset/segmented/op/004_particle0016.png,op,train
3.392405063291139,0.3929505974337148,0.2943510296618175,0.1576350863668008,15.58,35.24213529825211,13.4,3.95,-0.0478668622523124,-0.0170839621024776,0.7902579441630588,1.5165748208468717,3.332266459579159,-2.03475825132563,-2.680527736361703,436.7147792513056,271.25896718847537,0.4417325678253774,0.064293339719182,0.147599083445929,0.0136151309149244,0.9398430621727007,0.0372164812087124,0.01312255859375,0.0206298828125,0.0126953125,0.01153564453125,0.0098876953125,0.008056640625,0.00640869140625,0.01177978515625,0.012451171875,0.02239990234375,0.03289794921875,0.05731201171875,0.09381103515625,0.06866455078125,0.0311279296875,0.02044677734375,0.01104736328125,0.0101318359375,0.00518798828125,0.00726318359375,0.004638671875,0.01007080078125,0.0128173828125,0.0286865234375,0.0303955078125,0.446533203125,119.17227635075288,24.791048704746533,130.4140832595217,1.4661567639535709,133.59898139946856,2.673673247562108,/sessions/cool-youthful-allen/mnt/Research/color-histogram-analysis/dataset/segmented/bop1/002_particle0016.png,bop1,train
1.152941176470588,0.8050474028575244,0.3618847539015606,0.4310924872764185,7.53625,14.82167729139328,4.9,4.25,0.4851003837405568,1.135249467188032,2.1399011013085243,2.5713041839479334,4.939633156752796,3.21127657645648,-5.549264479976771,340.69666040322915,249.08258835580412,0.375724559856859,0.0679858306529837,0.0905907782921044,0.0133391405319914,0.9652450185815186,0.0253376937173791,0.0281982421875,0.02740478515625,0.01556396484375,0.013916015625,0.00946044921875,0.0084228515625,0.00921630859375,0.0111083984375,0.01104736328125,0.017578125,0.01763916015625,0.03082275390625,0.04437255859375,0.03546142578125,0.019775390625,0.0146484375,0.0078125,0.00897216796875,0.00445556640625,0.005126953125,0.00323486328125,0.00665283203125,0.01171875,0.02520751953125,0.0343017578125,0.577880859375,94.59942252165544,23.769770751764657,129.0783445620789,1.018322401134973,132.5041385948027,2.884049294157148,/sessions/cool-youthful-allen/mnt/Research/color-histogram-analysis/dataset/segmented/bop1/005_particle0012.png,bop1,train
1.0078125,0.3716575146233735,0.1885522650193798,0.143774658432884,31.13375,52.16503182053566,12.9,12.8,0.2808056920295984,0.7817685409367952,1.0119103040204755,1.579633678795836,3.342424887465722,2.732838419493925,2.9022783820887392,327.6879890691887,203.996860539832,0.4972322746245032,0.0623437579118678,0.170954661941139,0.0119009340465684,0.939785194952503,0.0373269657541692,0.0118408203125,0.01751708984375,0.010986328125,0.0107421875,0.007080078125,0.0062255859375,0.0068359375,0.01043701171875,0.01263427734375,0.01806640625,0.03167724609375,0.05810546875,0.08221435546875,0.08642578125,0.04669189453125,0.0316162109375,0.0150146484375,0.0172119140625,0.0076904296875,0.00762939453125,0.00689697265625,0.0084228515625,0.01104736328125,0.0157470703125,0.02044677734375,0.4407958984375,127.75840563991324,23.98234470942538,131.7114967462039,1.9879676381293827,133.28823210412148,3.384786737199687,/sessions/cool-youthful-allen/mnt/Research/color-histogram-analysis/dataset/segmented/op/009_particle0000.png,op,train
2.4064516129032256,0.718131877476742,0.3651647496324483,0.2704337633166377,52.78,49.52325356006622,18.65,7.75,0.2564112733131939,0.5700366033166495,2.274152401362351,2.8569953921211435,5.52562271343016,3.4206194034404382,5.63390796642381,583.1376590885102,336.40652836576555,0.3235762968918428,0.0545285812687775,0.0590211029022568,0.0079814382097794,0.9104533118379872,0.0515143690121003,0.02679443359375,0.0374755859375,0.01324462890625,0.00994873046875,0.0067138671875,0.00640869140625,0.00531005859375,0.00689697265625,0.00823974609375,0.013916015625,0.01922607421875,0.02557373046875,0.03277587890625,0.0262451171875,0.01861572265625,0.01324462890625,0.007568359375,0.00689697265625,0.00335693359375,0.0037841796875,0.0020751953125,0.00439453125,0.00714111328125,0.02392578125,0.02227783203125,0.64794921875,132.3065387968614,34.22505418372387,129.80924149956408,1.1618244829247963,134.16059285091544,3.102298104343606,/sessions/cool-youthful-allen/mnt/Research/color-histogram-analysis/dataset/segmented/opa/6_particle0009.png,opa,train
0.4178571428571428,0.4669043559138118,0.2298534798534798,0.1759177684108293,18.825,36.670562422275545,14.0,5.85,0.1785068860403248,0.4219436426555928,1.6299385832480304,2.431188485441883,-5.42378412708391,-2.94891172495304,-4.464353912565721,470.7514733199847,273.1299203455121,0.5388849770513375,0.0443644090016952,0.2511728585621474,0.0143902244160471,0.9253627255548732,0.0431684672221265,0.01318359375,0.00860595703125,0.00946044921875,0.012451171875,0.01654052734375,0.0146484375,0.01287841796875,0.0152587890625,0.0123291015625,0.0172119140625,0.02264404296875,0.04803466796875,0.06549072265625,0.05706787109375,0.0277099609375,0.02471923828125,0.01519775390625,0.023681640625,0.00726318359375,0.01239013671875,0.0069580078125,0.02203369140625,0.02783203125,0.0318603515625,0.09613037109375,0.37841796875,129.24251182343667,37.27249489740076,128.41828691539675,1.539127721678278,131.60325801366264,2.187176571728893,/sessions/cool-youthful-allen/mnt/Research/color-histogram-analysis/dataset/segmented/bop1/005_particle0030.png,bop1,train
2.1346153846153846,0.3518747620860297,0.1601481288981289,0.1389274093474105,9.24375,28.91578980088234,11.1,5.2,-0.1262054041130454,-0.1739760637532684,0.2603378861210632,1.1852859520361307,-1.9081369878888008,-1.0987135751971542,3.780313071177808,283.37914621852394,183.54371993855048,0.5572686224617194,0.0593591017793029,0.2049254161900617,0.0195773099180494,0.9335690064784482,0.0428235694166634,0.01141357421875,0.02008056640625,0.00823974609375,0.00640869140625,0.0047607421875,0.004150390625,0.00421142578125,0.0087890625,0.00836181640625,0.0140380859375,0.0263671875,0.06646728515625,0.074951171875,0.06329345703125,0.02850341796875,0.0184326171875,0.01055908203125,0.0108642578125,0.00537109375,0.00567626953125,0.00335693359375,0.0084228515625,0.01422119140625,0.03228759765625,0.0418701171875,0.4989013671875,129.40975422427036,22.445682791496026,131.13018433179724,1.3205319867108674,131.72619047619048,1.7182241092706394,/sessions/cool-youthful-allen/mnt/Research/color-histogram-analysis/dataset/segmented/bop1/001_particle0015.png,bop1,train
0.5446428571428571,0.8730515587529976,0.4263026932084309,0.4002537812010198,29.125,30.23919163942337,11.2,6.1,0.4742584655248796,1.0686686764391513,3.519290572871244,3.8354822284965966,7.517158878628517,4.414248763635284,-8.367146107853603,360.9570669103827,233.41731342736185,0.362804296722579,0.0572624817378476,0.0970173593243732,0.0117079763712899,0.9605976057030938,0.025417215430765,0.02130126953125,0.025146484375,0.01177978515625,0.00830078125,0.00634765625,0.00665283203125,0.0064697265625,0.01080322265625,0.01263427734375,0.021240234375,0.0302734375,0.0537109375,0.06756591796875,0.0635986328125,0.02880859375,0.01727294921875,0.0101318359375,0.0118408203125,0.00811767578125,0.00787353515625,0.00567626953125,0.00726318359375,0.01055908203125,0.0198974609375,0.02392578125,0.5028076171875,112.73033707865169,26.123119152389336,129.9388948745575,2.204377431901078,132.27674311220562,3.27246185625196,/sessions/cool-youthful-allen/mnt/Research/color-histogram-analysis/dataset/segmented/op/007_particle0025.png,op,train
0.7722772277227723,0.927003670847354,0.3846629855293221,0.4449298938963316,30.30375,29.25548661351204,10.1,7.8,0.4961934579258867,1.124639161595803,3.008054973851371,3.498287098491549,6.783609325800098,4.2144668046742,-7.182114042280867,279.48877451101635,200.08871049448703,0.3664559535615684,0.0588786528149798,0.1038404676745207,0.0112400587137161,0.9691915658691844,0.0220103810796549,0.02435302734375,0.0255126953125,0.0164794921875,0.0140380859375,0.010009765625,0.00677490234375,0.007080078125,0.00537109375,0.00567626953125,0.0091552734375,0.0140380859375,0.05401611328125,0.08056640625,0.07073974609375,0.02191162109375,0.01214599609375,0.00726318359375,0.00994873046875,0.00494384765625,0.00634765625,0.00860595703125,0.01129150390625,0.01190185546875,0.01910400390625,0.0257568359375,0.5169677734375,104.50221013260796,21.430785259271687,130.13787827269635,1.5946389230609697,133.29054743284598,2.6483991571175567,/sessions/cool-youthful-allen/mnt/Research/color-histogram-analysis/dataset/segmented/op/005_particle0021.png,op,train
0.8394160583941606,0.8374729890499429,0.2736670898127578,0.2920105959422251,43.11625,43.07508245110512,13.7,11.5,0.3744139649673639,0.8252922464968501,2.8030266852973247,3.693949107184544,-7.571559171356101,-4.353301888066597,-6.954761704344733,377.6944952905984,260.8223207368797,0.4443021577131531,0.0585041517792041,0.1037358400172426,0.0101458118351792,0.9477698389907968,0.0359251709717567,0.01531982421875,0.02056884765625,0.00970458984375,0.0076904296875,0.00970458984375,0.012939453125,0.00811767578125,0.0086669921875,0.008056640625,0.0169677734375,0.0333251953125,0.0645751953125,0.08282470703125,0.07275390625,0.0435791015625,0.0245361328125,0.01605224609375,0.010498046875,0.00579833984375,0.0050048828125,0.0028076171875,0.0050048828125,0.0086669921875,0.01837158203125,0.02166748046875,0.466796875,115.80292818963514,27.34065185836213,130.244248198931,1.8117477013712524,133.70230072042762,3.539611746837751,/sessions/cool-youthful-allen/mnt/Research/color-histogram-analysis/dataset/segmented/op/007_particle0008.png,op,train
0.8873626373626373,0.5074110399700252,0.1958119280100704,0.1359841339628619,57.555,72.92934973835945,18.2,16.15,0.1496235198919356,0.3679522629351676,1.500604006288722,2.204051904975369,4.30851866599911,3.0859427205671754,4.137942064716706,527.5165959285464,289.6808813607107,0.4577873403890912,0.061779916547029,0.1551862062426787,0.0110176979990509,0.907286366528433,0.0508042870304074,0.01513671875,0.0172119140625,0.0064697265625,0.00689697265625,0.00567626953125,0.00836181640625,0.0091552734375,0.01531982421875,0.0177001953125,0.0263671875,0.0477294921875,0.0732421875,0.0814208984375,0.071533203125,0.03436279296875,0.02569580078125,0.014892578125,0.0111083984375,0.00604248046875,0.0037841796875,0.00335693359375,0.00482177734375,0.0091552734375,0.0303955078125,0.029296875,0.42486572265625,124.79740904079382,28.17299730575196,131.26764057331863,1.2192322537865956,129.8415104740904,2.452743470062533,/sessions/cool-youthful-allen/mnt/Research/color-histogram-analysis/dataset/segmented/opa/3_particle0005.png,opa,train
4.095541401273885,0.5429772689895819,0.3761082109142059,0.18428333093866,94.92125,80.4532568514347,32.15,7.85,0.0569636900284198,0.1602700549204095,0.8686963212473279,0.889088747074683,1.7680364229150838,0.983541168093028,-3.565646014885999,536.8133248268587,299.2006218672841,0.2883632596840557,0.0596761215705707,0.0464871481950184,0.007235571644478,0.9326180683100558,0.0375051858476593,0.0177001953125,0.02655029296875,0.0130615234375,0.01239013671875,0.01251220703125,0.01470947265625,0.0113525390625,0.01513671875,0.01885986328125,0.0262451171875,0.03521728515625,0.05169677734375,0.07574462890625,0.05517578125,0.0347900390625,0.0244140625,0.01470947265625,0.01068115234375,0.00531005859375,0.0029296875,0.002197265625,0.00439453125,0.0089111328125,0.0181884765625,0.0174560546875,0.46966552734375,107.20057500422796,30.11596651065891,130.03788263148994,0.8281691116848261,133.59022492812448,3.5491312538423787,/sessions/cool-youthful-allen/mnt/Research/color-histogram-analysis/dataset/segmented/opa/10_particle0001.png,opa,train
1.3251533742331287,0.7822709281030307,0.376093501476937,0.4064284008882761,33.10375,31.99274500608444,10.8,8.15,0.4795737457922641,1.1073501359266822,2.8853907495645927,3.474824121099528,6.8023443154392575,4.351534994124861,6.808593755848505,382.03151310930986,235.41293342597044,0.3893796035907467,0.0557291299978968,0.09831518712808,0.0121238501641754,0.9449514954306611,0.0338142905836095,0.021484375,0.0240478515625,0.01177978515625,0.0087890625,0.00640869140625,0.006591796875,0.00750732421875,0.0101318359375,0.01190185546875,0.01806640625,0.02325439453125,0.03814697265625,0.05316162109375,0.0401611328125,0.0203857421875,0.0130615234375,0.0074462890625,0.0081787109375,0.00372314453125,0.00531005859375,0.002685546875,0.00604248046875,0.013427734375,0.02740478515625,0.02886962890625,0.58203125,128.66615646258504,25.364799867179123,129.89557823129252,0.9873248603850135,130.29795918367347,1.6967343338585954,/sessions/cool-youthful-allen/mnt/Research/color-histogram-analysis/dataset/segmented/op/010_particle0021.png,op,train
1.5526315789473684,0.7634119476480498,0.3284595227475468,0.3374239685672461,29.45625,33.121172004938124,11.8,7.6,0.3684637040851989,0.8351718796416077,2.1120515063137564,2.639738120900386,5.106224595352957,3.321474501557586,-5.249189342221715,356.628708209303,235.60011844694623,0.348992882834747,0.0570074649350389,0.0582911289760316,0.0072503324808013,0.956121946179506,0.0289066630999884,0.017822265625,0.029052734375,0.01190185546875,0.0091552734375,0.00714111328125,0.0069580078125,0.00628662109375,0.00701904296875,0.0118408203125,0.021728515625,0.03497314453125,0.05596923828125,0.060546875,0.054931640625,0.03839111328125,0.0272216796875,0.01409912109375,0.00799560546875,0.00372314453125,0.00360107421875,0.0025634765625,0.00445556640625,0.00732421875,0.01531982421875,0.0155029296875,0.52447509765625,107.75988924050633,27.20097242049709,131.892207278481,1.817975305167864,135.47745253164558,3.486792144618327,/sessions/cool-youthful-allen/mnt/Research/color-histogram-analysis/dataset/segmented/op/002_particle0007.png,op,train
2.369565217391304,0.4650119331742243,0.2428699641005185,0.1898690693063197,12.1775,28.389444214105605,10.9,4.6,0.0129364490381035,0.0789038250201659,0.998197819017416,1.9282688682366431,-3.406572081421794,-1.9858608187204545,3.978315983020234,276.8847092042939,167.78292075377058,0.5384286710766535,0.0511639655967134,0.191521640965403,0.0165159429470047,0.953733204404358,0.0278809675072061,0.01104736328125,0.0186767578125,0.01312255859375,0.01361083984375,0.00762939453125,0.0087890625,0.0037841796875,0.004638671875,0.00665283203125,0.01031494140625,0.02178955078125,0.04608154296875,0.06640625,0.0546875,0.02532958984375,0.02099609375,0.00982666015625,0.0137939453125,0.00665283203125,0.0087890625,0.00439453125,0.0126953125,0.01629638671875,0.037841796875,0.07904052734375,0.47711181640625,128.2628676470588,22.727814174591263,129.9185924369748,1.4464136007659136,129.9314600840336,2.069505931600034,/sessions/cool-youthful-allen/mnt/Research/color-histogram-analysis/dataset/segmented/bop1/001_particle0016.png,bop1,train
0.5744125326370757,0.4880597238670604,0.193193686209352,0.1639476414749617,40.69625,55.85081843137741,19.15,11.0,0.0642056899477894,0.2148611732958155,0.8950219469187196,1.7897873428399014,-3.452361231634335,-2.0770633199555832,3.1886389693670574,441.7320895657349,245.0134530724118,0.5185234491181338,0.0600995153023279,0.1811942087397453,0.0141354639088421,0.918644173453153,0.044827408418882,0.01312255859375,0.01190185546875,0.0078125,0.0093994140625,0.008056640625,0.010498046875,0.006103515625,0.00994873046875,0.00927734375,0.01983642578125,0.031982421875,0.06097412109375,0.080078125,0.0728759765625,0.03594970703125,0.0216064453125,0.01116943359375,0.010009765625,0.00347900390625,0.00604248046875,0.0030517578125,0.01007080078125,0.01214599609375,0.028076171875,0.03265380859375,0.473876953125,122.7063492063492,28.80322608152517,129.4911111111111,0.9976561597319722,131.42253968253968,2.637254445503895,/sessions/cool-youthful-allen/mnt/Research/color-histogram-analysis/dataset/segmented/op/010_particle0009.png,op,train
1.073446327683616,0.7947771036665787,0.313574189711567,0.379263298924897,26.36375,29.55548668503761,9.5,8.85,0.4292587924303908,0.9737582701006432,2.687112721452655,3.2391058467126626,6.2449637342039575,3.824536897783493,-6.576155084419061,349.81142079714004,239.8845488287208,0.4281003581376205,0.0598531758983654,0.1342511195293803,0.0126658098453039,0.9549482562816904,0.0307829528186938,0.01898193359375,0.02899169921875,0.0130615234375,0.010498046875,0.006103515625,0.0069580078125,0.006103515625,0.00946044921875,0.00958251953125,0.0133056640625,0.0233154296875,0.0526123046875,0.0667724609375,0.06463623046875,0.0284423828125,0.0162353515625,0.0076904296875,0.00970458984375,0.00439453125,0.00567626953125,0.00286865234375,0.00628662109375,0.009765625,0.02783203125,0.03106689453125,0.5196533203125,116.69775510204082,22.72623843331272,130.815306122449,1.9219384369091117,133.05714285714285,2.6217302278753056,/sessions/cool-youthful-allen/mnt/Research/color-histogram-analysis/dataset/segmented/op/007_particle0011.png,op,train
0.4860557768924303,0.3603456804492682,0.2022075631898635,0.1270245849138211,15.48,39.13330411911011,12.55,6.1,-0.0161240299933623,0.0786374051245596,1.18824972811831,1.7504479560990684,3.460867656240018,2.461846784471424,3.306598111084076,549.6349520776638,338.97208030854785,0.4689227401687187,0.0698327529801546,0.1180378572698723,0.0139357230253621,0.9103216674062238,0.0550775403211203,0.01995849609375,0.02032470703125,0.0103759765625,0.01141357421875,0.010986328125,0.011474609375,0.0142822265625,0.01531982421875,0.01470947265625,0.01824951171875,0.02215576171875,0.0447998046875,0.0615234375,0.05621337890625,0.0284423828125,0.0184326171875,0.010986328125,0.01116943359375,0.00823974609375,0.01019287109375,0.0079345703125,0.0111083984375,0.01507568359375,0.022705078125,0.0274658203125,0.4964599609375,111.80172679617638,25.487280209168382,129.7604070305273,1.340886284965072,133.44064138143693,2.222951195009732,/sessions/cool-youthful-allen/mnt/Research/color-histogram-analysis/dataset/segmented/bop1/005_particle0007.png,bop1,train
0.5674603174603174,0.2902723910886624,0.1786130536130536,0.125681117598437,16.09125,40.11112161278725,12.6,7.15,0.0053692511384318,0.4573267201435817,0.2026899842472568,1.0388643656696894,-1.8068298525889068,-1.467256467405122,-1.813534982976031,406.01443260214097,260.1599670076501,0.5475530354162541,0.0595463694046521,0.1871904179297783,0.0163320207476238,0.9152184459507952,0.0540914844319106,0.00946044921875,0.01751708984375,0.00787353515625,0.0093994140625,0.010009765625,0.01031494140625,0.01068115234375,0.011962890625,0.011474609375,0.017333984375,0.03082275390625,0.05804443359375,0.0887451171875,0.0736083984375,0.042236328125,0.03125,0.01727294921875,0.0145263671875,0.00616455078125,0.007568359375,0.0050048828125,0.0086669921875,0.01605224609375,0.02386474609375,0.03778076171875,0.42236328125,129.2455661664393,24.575503783390136,131.09583901773533,1.6804863962474796,133.74351978171896,2.437284770352348,/sessions/cool-youthful-allen/mnt/Research/color-histogram-analysis/dataset/segmented/bop1/002_particle0027.png,bop1,train
0.4449760765550239,0.755985233378413,0.532052271441066,0.3501341144842988,25.85375,30.461374139785768,10.45,4.65,0.5115147124248499,1.2564842958594002,2.2266060403353283,2.925923942214165,5.6987418598566,3.8713680195206734,5.614739771223688,468.60531903588577,284.5712258689556,0.2527075470948883,0.0569505745314427,0.0438447733770877,0.0066397917495908,0.9268379517208108,0.0444637565520175,0.0225830078125,0.03363037109375,0.023681640625,0.01776123046875,0.0123291015625,0.0106201171875,0.0096435546875,0.009765625,0.011474609375,0.0145263671875,0.01806640625,0.03375244140625,0.046630859375,0.05169677734375,0.037353515625,0.02508544921875,0.0137939453125,0.00860595703125,0.00469970703125,0.00469970703125,0.00445556640625,0.0067138671875,0.01239013671875,0.02557373046875,0.0257568359375,0.51470947265625,136.33943925233646,28.511442458904657,130.85806853582554,1.5906792397906535,134.5689719626168,2.615364952373735,/sessions/cool-youthful-allen/mnt/Research/color-histogram-analysis/dataset/segmented/op/006_particle0023.png,op,train
0.8875,0.7306433131445409,0.1964568661971831,0.2564698391117593,11.15875,23.382694536447524,8.0,7.1,0.1666484930068072,0.3726726276988685,1.2726919532584824,1.402945067222516,2.741188794774993,1.5992825217355695,-4.09504784036815,246.46233602468067,202.57560350061013,0.5870920436358946,0.055180417117761,0.28118862442558,0.0210183374820192,0.952009051262587,0.0392818075069282,0.0106201171875,0.015869140625,0.00750732421875,0.00927734375,0.00927734375,0.0089111328125,0.00592041015625,0.0076904296875,0.0047607421875,0.00872802734375,0.01385498046875,0.05267333984375,0.09686279296875,0.07574462890625,0.026123046875,0.0233154296875,0.01165771484375,0.02362060546875,0.0062255859375,0.0135498046875,0.00537109375,0.0155029296875,0.0189208984375,0.04364013671875,0.08245849609375,0.40191650390625,131.08612903225807,27.44808591686276,129.2890322580645,1.1901513995278614,127.9532258064516,1.6735338062388672,/sessions/cool-youthful-allen/mnt/Research/color-histogram-analysis/dataset/segmented/bop1/001_particle0031.png,bop1,train
0.8620689655172413,0.5908889217571365,0.2204137931034482,0.2593925366091275,9.9875,21.996551007032394,7.25,6.25,0.2101350386787254,0.5204221220680209,1.1763439845745052,2.0412611820841264,-4.109060550311339,-2.5681806928607136,3.678015769476236,331.8140501460115,224.74841557106564,0.3722543335510334,0.0723822635197635,0.0813330506395731,0.0122639548525693,0.9537678253994368,0.0312312014764261,0.01934814453125,0.0242919921875,0.013671875,0.01043701171875,0.0115966796875,0.012451171875,0.0137939453125,0.0111083984375,0.01019287109375,0.01409912109375,0.01800537109375,0.0489501953125,0.06640625,0.0538330078125,0.02911376953125,0.0164794921875,0.00970458984375,0.00640869140625,0.005859375,0.010009765625,0.00604248046875,0.0059814453125,0.00604248046875,0.0167236328125,0.02459716796875,0.53485107421875,98.55335324463752,25.48325365205413,128.9579147434157,0.9041006507894592,132.06516426825957,2.0791010150008846,/sessions/cool-youthful-allen/mnt/Research/color-histogram-analysis/dataset/segmented/bop1/007_particle0033.png,bop1,train
1.0,0.7795160617438465,0.3071170282708744,0.3514045139492712,4.67125,12.924621081352234,3.9,3.9,0.3837098314050666,0.8601557922812433,2.556536165913849,3.46178463320975,-6.794048684307265,-4.083118947899654,6.526528477339072,146.04157726077648,96.83531973509004,0.4591535283016489,0.0698642494424278,0.1514732491486736,0.0152255491860801,0.9682101636738646,0.021020145081526,0.017578125,0.01519775390625,0.01165771484375,0.013671875,0.00836181640625,0.0107421875,0.00994873046875,0.01123046875,0.012939453125,0.0189208984375,0.0301513671875,0.0721435546875,0.0916748046875,0.08349609375,0.044921875,0.038330078125,0.02288818359375,0.0225830078125,0.0074462890625,0.0120849609375,0.00897216796875,0.01690673828125,0.01739501953125,0.0189208984375,0.029296875,0.3525390625,150.9747881793759,26.441273088436517,129.7141971481711,1.230572077165213,136.11427980987807,2.98594223940534,/sessions/cool-youthful-allen/mnt/Research/color-histogram-analysis/dataset/segmented/op/004_particle0029.png,op,train
0.9916666666666668,0.5607452997217772,0.2328781512605042,0.2735422841859277,8.31375,19.542997562885283,6.0,5.95,0.2473470881003947,0.6095416234939218,1.2270172246282272,1.6393212097566343,3.108288939238998,2.062911127086453,-3.481588503925696,227.5860101302638,152.30746663428965,0.4623825312063989,0.0686825003572983,0.1214629189846599,0.0143461812802776,0.9525900091836278,0.0316007993334845,0.0159912109375,0.0211181640625,0.01275634765625,0.0123291015625,0.0086669921875,0.0069580078125,0.00634765625,0.0074462890625,0.01104736328125,0.01739501953125,0.03717041015625,0.0595703125,0.08087158203125,0.061767578125,0.0430908203125,0.0252685546875,0.01409912109375,0.00927734375,0.00537109375,0.0050048828125,0.00274658203125,0.00628662109375,0.00927734375,0.01983642578125,0.02496337890625,0.475341796875,132.09214922048997,21.55174858557359,130.49526726057906,1.4998069236753515,134.13641425389756,1.945610459475263,/sessions/cool-youthful-allen/mnt/Research/color-histogram-analysis/dataset/segmented/bop1/002_particle0040.png,bop1,train
0.3472584856396867,1.0,0.9898898682738178,0.5995990399726405,126.06,51.4,19.15,6.65,0.5687047187353079,1.3458308249957405,29.99509853482969,29.999452652994137,30.0,-29.999984560752388,30.0,499.7091227611421,267.5973267270016,0.2448648854145233,0.0496835482234071,0.0471240278795609,0.0068606901547733,0.9382422676691164,0.0330899148288178,0.01983642578125,0.02801513671875,0.02191162109375,0.02069091796875,0.016845703125,0.0169677734375,0.0113525390625,0.0089111328125,0.0125732421875,0.018798828125,0.024169921875,0.04132080078125,0.0562744140625,0.04638671875,0.02618408203125,0.01202392578125,0.00634765625,0.00506591796875,0.00201416015625,0.002685546875,0.00323486328125,0.0050048828125,0.00848388671875,0.026611328125,0.0279541015625,0.53033447265625,234.60592553749345,13.87568132638286,128.7035920293655,0.9001559599760837,128.93786051389617,1.186057012970328,/sessions/cool-youthful-allen/mnt/Research/color-histogram-analysis/dataset/segmented/op/010_particle0004.png,op,train
1.0201342281879195,0.8889471270392453,0.299540798304486,0.3489960319381712,16.96,24.711983847618104,7.6,7.45,0.40232491190532,0.8875670336032527,3.343803556764558,3.4979651269831065,6.918850524604693,3.942036518409157,9.575447071318964,314.9391479221378,252.6779693700111,0.4723811191674334,0.0735669056811714,0.1187744512041659,0.0132827822682693,0.9557013746978597,0.0354277612419955,0.0098876953125,0.01995849609375,0.01177978515625,0.01434326171875,0.01116943359375,0.0096435546875,0.00579833984375,0.00970458984375,0.00982666015625,0.01910400390625,0.0347900390625,0.06024169921875,0.09259033203125,0.08868408203125,0.0523681640625,0.0350341796875,0.0164794921875,0.01165771484375,0.006591796875,0.006103515625,0.0029296875,0.00579833984375,0.00714111328125,0.01727294921875,0.02423095703125,0.4168701171875,120.71608763000664,27.7895417038505,130.63553883602566,1.3952098101926051,127.8466474883824,2.652589440335545,/sessions/cool-youthful-allen/mnt/Research/color-histogram-analysis/dataset/segmented/op/001_particle0014.png,op,train
0.7428571428571429,0.5199713485706844,0.362601035328308,0.2430860847657968,99.815,71.83279882073403,19.25,14.3,0.3765050556819405,1.1575505474487868,1.5148841983432677,2.13582397074258,-6.367532998537048,-3.141137714032627,-3.9611813976035313,509.13151307992814,266.830196391139,0.3929458034782121,0.0484058904945816,0.0970199189379795,0.009854859974641,0.9328871277376738,0.0349832905395944,0.01727294921875,0.02484130859375,0.0179443359375,0.01251220703125,0.00897216796875,0.00677490234375,0.00860595703125,0.009521484375,0.01190185546875,0.01959228515625,0.0274658203125,0.04376220703125,0.06005859375,0.04656982421875,0.02947998046875,0.019287109375,0.009521484375,0.0081787109375,0.004150390625,0.004638671875,0.00360107421875,0.0048828125,0.00970458984375,0.0283203125,0.0318603515625,0.53057861328125,123.1790166204986,24.6274066445441,130.45065789473685,0.93411206857004,132.2255886426593,2.726862434992348,/sessions/cool-youthful-allen/mnt/Research/color-histogram-analysis/dataset/segmented/opa/7_particle0011.png,opa,train
2.4732142857142856,0.4201421533601595,0.1800541516245487,0.1537209421602735,13.965,33.78771974444389,13.85,5.6,-0.1175828340531204,-0.1948392306216644,0.5548947709703098,0.919080533504897,1.684230875496835,1.0433499009037388,-2.11353745549684,348.41958506288165,211.4790632253116,0.3287751702381448,0.0511967958187195,0.0795758188061233,0.0074300259595218,0.940205339816214,0.0360893964530437,0.0283203125,0.03192138671875,0.01593017578125,0.0115966796875,0.005859375,0.00408935546875,0.002685546875,0.00372314453125,0.00665283203125,0.01300048828125,0.02386474609375,0.0445556640625,0.0601806640625,0.04583740234375,0.0242919921875,0.01446533203125,0.0067138671875,0.0059814453125,0.002685546875,0.003662109375,0.001953125,0.00201416015625,0.00445556640625,0.02362060546875,0.0264892578125,0.58544921875,95.73713685684284,24.04368027883603,131.57612880644032,1.6442102560129068,132.34441722086103,2.4057373272532985,/sessions/cool-youthful-allen/mnt/Research/color-histogram-analysis/dataset/segmented/bop1/004_particle0002.png,bop1,train
1.475,0.6137551325121314,0.1548258003766478,0.1786570303841539,8.22125,24.04716060757637,8.85,6.0,0.0906331190844437,0.2368178284970276,0.7453809430600646,0.9283592036930988,1.7674316092856843,1.1066302289435033,2.763265254440302,432.9664340245014,328.6029673142454,0.5376159002187356,0.0606818231019225,0.2339013666763016,0.0239104720281145,0.9304012342864084,0.0525628769294492,0.02313232421875,0.01849365234375,0.00830078125,0.00872802734375,0.0068359375,0.0064697265625,0.004638671875,0.0069580078125,0.00555419921875,0.0113525390625,0.01995849609375,0.0435791015625,0.0570068359375,0.0543212890625,0.02716064453125,0.020263671875,0.01031494140625,0.01519775390625,0.00457763671875,0.00872802734375,0.0040283203125,0.01287841796875,0.01513671875,0.0277099609375,0.03997802734375,0.5386962890625,98.4292107404394,29.95918149763904,128.74979658258746,1.4209757386220068,131.3319772172498,2.4002565118144763,/sessions/cool-youthful-allen/mnt/Research/color-histogram-analysis/dataset/segmented/bop1/005_particle0022.png,bop1,train
1.6310679611650485,0.5444540821858398,0.2901930189551548,0.2847587395626527,12.55375,23.537110102176666,8.4,5.15,0.3032809110078726,0.8855821232944385,1.1694578844427657,2.0844533931138707,-3.712067354587498,-2.5339084400255425,4.9708958541933,315.3340536028694,198.10189109595336,0.3958471706022665,0.0642989311954655,0.0901684413008621,0.0109845455229837,0.9529971415546384,0.0294123836708489,0.015625,0.02130126953125,0.01019287109375,0.01031494140625,0.0120849609375,0.0103759765625,0.006591796875,0.00909423828125,0.0106201171875,0.0189208984375,0.035888671875,0.0543212890625,0.06903076171875,0.0582275390625,0.0302734375,0.02197265625,0.0126953125,0.0093994140625,0.00439453125,0.00506591796875,0.00262451171875,0.00469970703125,0.004638671875,0.0194091796875,0.01934814453125,0.52288818359375,115.38007295941632,19.849935295371296,131.5218878248974,1.6113764758787654,134.48426812585498,1.9449453060839528,/sessions/cool-youthful-allen/mnt/Research/color-histogram-analysis/dataset/segmented/bop1/004_particle0003.png,bop1,train
1.5957446808510638,0.6163557708073203,0.2772709219858156,0.2272113076697015,61.08625,58.12482977509499,18.75,11.75,0.3058237330117511,0.7388483716080573,1.784111710841447,2.240516811561004,4.295446592374648,2.656606035896273,4.627383734364386,488.2888473429565,242.929025535502,0.3682248823767706,0.0520678710367912,0.0673684688284636,0.007720499369184,0.9312923407023738,0.0340053967575011,0.0159912109375,0.024169921875,0.0140380859375,0.00897216796875,0.007568359375,0.00811767578125,0.0084228515625,0.0115966796875,0.01446533203125,0.02142333984375,0.0341796875,0.048583984375,0.0543212890625,0.04888916015625,0.03338623046875,0.02276611328125,0.0118408203125,0.01165771484375,0.0045166015625,0.00518798828125,0.00341796875,0.00445556640625,0.00787353515625,0.014892578125,0.01654052734375,0.542724609375,111.95824870232452,30.9441998799212,129.670503272399,1.06448958080278,132.11487248928006,3.248822500889069,/sessions/cool-youthful-allen/mnt/Research/color-histogram-analysis/dataset/segmented/opa/10_particle0007.png,opa,train
1.3675675675675676,0.7177694830901482,0.338948830253178,0.3054522364998835,39.66125,40.39396419525146,12.65,9.25,0.4828288452480076,1.1590553756429405,2.2726403606722734,2.9577609119723496,5.606695054145408,3.653220844804016,5.993956411407215,420.22448607018384,240.6806876131796,0.3738653767248168,0.0572822469877589,0.0880054974510685,0.0100153192835006,0.9489349414457448,0.0291334240671222,0.0230712890625,0.03106689453125,0.01568603515625,0.013427734375,0.00665283203125,0.00628662109375,0.00653076171875,0.00860595703125,0.0120849609375,0.01885986328125,0.02886962890625,0.0390625,0.04193115234375,0.03704833984375,0.02264404296875,0.01654052734375,0.009521484375,0.00823974609375,0.00445556640625,0.004638671875,0.0062255859375,0.00933837890625,0.01263427734375,0.0230712890625,0.02972412109375,0.56378173828125,109.474111866969,26.2821032620226,130.64758125472412,1.038173420681614,131.41855631141345,2.374988473943436,/sessions/cool-youthful-allen/mnt/Research/color-histogram-analysis/dataset/segmented/opa/9_particle0013.png,opa,train
0.78099173553719,0.2656861154671137,0.1611351611351611,0.1095299782865893,18.425,45.97716402411461,12.1,9.45,-0.0126336529742384,0.7577433383453664,0.1451005834615226,0.937572801960519,-1.7511160810469018,-1.7289413617261886,1.5519045252099617,438.7253835741655,288.30879543103373,0.5605621572612622,0.0609036656548958,0.1892916473509115,0.0172879509853147,0.9024578240534308,0.0638429715478093,0.01007080078125,0.0159912109375,0.00604248046875,0.00823974609375,0.00927734375,0.0118408203125,0.009521484375,0.013671875,0.010986328125,0.0115966796875,0.0198974609375,0.049072265625,0.090087890625,0.06402587890625,0.03192138671875,0.02203369140625,0.0108642578125,0.0113525390625,0.005615234375,0.007080078125,0.005615234375,0.00701904296875,0.01165771484375,0.02850341796875,0.03692626953125,0.4910888671875,128.47438330170775,22.656757505715905,130.71423149905124,1.368362547083258,131.41859582542693,1.9804824517693291,/sessions/cool-youthful-allen/mnt/Research/color-histogram-analysis/dataset/segmented/bop1/003_particle0023.png,bop1,train
0.4933920704845815,0.5294092674746874,0.2452505506607929,0.2037136004391508,62.3525,62.01858528256416,22.7,11.2,0.1341485108607279,0.4000103500532474,0.9811259952509545,1.9374417274117448,-3.418815693293888,-2.1440232314624983,3.9039552880049766,421.5777137490613,232.98718312896267,0.4142425487183333,0.0588011815632113,0.1050738924255268,0.009288717779464,0.9367906208193788,0.0347405860822285,0.01800537109375,0.0235595703125,0.00970458984375,0.009765625,0.00933837890625,0.0106201171875,0.01031494140625,0.01141357421875,0.01165771484375,0.01806640625,0.03948974609375,0.07391357421875,0.082763671875,0.06353759765625,0.0333251953125,0.019775390625,0.00634765625,0.0078125,0.00274658203125,0.00372314453125,0.004638671875,0.00665283203125,0.008544921875,0.020263671875,0.0225830078125,0.471435546875,109.89685314685316,28.03355524844369,130.54195804195805,1.1167992307107155,133.69505494505495,2.99235882050722,/sessions/cool-youthful-allen/mnt/Research/color-histogram-analysis/dataset/segmented/opa/2_particle0007.png,opa,train
1.4933920704845816,0.7538393158201269,0.3195781840863904,0.1939683762465265,61.48125,63.11183552742004,16.95,11.35,0.3958522069564373,0.9471964653545782,1.4921221656841783,1.6712072099640023,3.253428000611892,2.1466094388806565,4.548949497499306,477.4738940795695,278.9672029219727,0.3825179215301152,0.0501837808759286,0.1084165230625404,0.0089168841237147,0.9304398351062226,0.0404842841516473,0.01922607421875,0.0250244140625,0.017333984375,0.01422119140625,0.011962890625,0.0113525390625,0.0086669921875,0.00946044921875,0.00811767578125,0.01214599609375,0.01873779296875,0.04266357421875,0.05841064453125,0.0518798828125,0.0263671875,0.0152587890625,0.0078125,0.0069580078125,0.0050048828125,0.00469970703125,0.0035400390625,0.00457763671875,0.00762939453125,0.02569580078125,0.029296875,0.553955078125,125.6948499594485,33.53191380685085,130.4403892944039,1.3329891931604212,137.02291159772912,3.3528144533523467,/sessions/cool-youthful-allen/mnt/Research/color-histogram-analysis/dataset/segmented/op/002_particle0024.png,op,train
1.1288888888888888,0.7749179478320953,0.1569903762029746,0.2069586118130256,22.43,36.90437183976174,12.7,11.25,0.0999579074412104,0.2203687835699557,2.902014616446492,3.410377825175675,6.644253206537208,3.8308302768080833,-6.827481927935506,331.02463045215654,259.5081344988465,0.4946770796304743,0.0585648865709527,0.1330578791549349,0.0101820026408232,0.9393436336682764,0.0473213354882764,0.02001953125,0.01873779296875,0.00640869140625,0.007568359375,0.00433349609375,0.00433349609375,0.0037841796875,0.006591796875,0.00634765625,0.01312255859375,0.02703857421875,0.06488037109375,0.097900390625,0.072509765625,0.03424072265625,0.01947021484375,0.00921630859375,0.00927734375,0.00347900390625,0.00408935546875,0.00152587890625,0.00335693359375,0.00439453125,0.02239990234375,0.02532958984375,0.5096435546875,104.31816367265468,23.925394884523783,129.11576846307386,1.044026281532401,128.61516966067865,1.7542675144154662,/sessions/cool-youthful-allen/mnt/Research/color-histogram-analysis/dataset/segmented/bop1/003_particle0042.png,bop1,train
0.478021978021978,0.5890889545821015,0.1384362763673108,0.1406026880756448,5.48,22.13086553215981,9.1,4.35,-0.1464706690962011,-0.2778642788036006,0.938160655764702,1.4059541021054691,2.63531123942867,1.571436684344408,-2.8953324886130054,268.24238165044943,204.9770404030235,0.5048768184929104,0.0694041643470438,0.1795219730864429,0.0171709011668684,0.9316969999963582,0.0519411164273827,0.020751953125,0.0230712890625,0.0111083984375,0.00994873046875,0.0093994140625,0.00494384765625,0.00482177734375,0.00592041015625,0.00775146484375,0.01300048828125,0.022216796875,0.04327392578125,0.06683349609375,0.06036376953125,0.0286865234375,0.0216064453125,0.0130615234375,0.0113525390625,0.00555419921875,0.00628662109375,0.0035400390625,0.00787353515625,0.01123046875,0.02069091796875,0.02880859375,0.53790283203125,124.7832422586521,24.660784479150355,130.60701275045537,1.196886520217446,133.9075591985428,1.7996450921747855,/sessions/cool-youthful-allen/mnt/Research/color-histogram-analysis/dataset/segmented/bop1/002_particle0020.png,bop1,train
1.082051282051282,0.2898159437960866,0.1213148620731559,0.1167351433009624,12.47875,36.65132365226746,10.55,9.75,-0.149307863190233,-0.1425767805813112,-0.0422248715952527,0.8596071596404695,-1.284331258696738,-0.804190271511984,-1.842135829593729,299.8534529361615,194.20260395540305,0.4169926891118544,0.0520021357873283,0.0967481852034963,0.0064607401657904,0.9191946171838372,0.052016963566331,0.0283203125,0.03375244140625,0.0113525390625,0.0076904296875,0.00579833984375,0.005859375,0.00555419921875,0.005615234375,0.00482177734375,0.00970458984375,0.0166015625,0.04339599609375,0.06072998046875,0.05279541015625,0.02227783203125,0.011962890625,0.00689697265625,0.00469970703125,0.0029296875,0.0032958984375,0.0018310546875,0.00421142578125,0.007568359375,0.02508544921875,0.0242919921875,0.59295654296875,114.88,29.977426303885363,131.7068292682927,1.2195169756003863,132.72439024390243,1.6949394532397672,/sessions/cool-youthful-allen/mnt/Research/color-histogram-analysis/dataset/segmented/bop1/006_particle0033.png,bop1,train
0.971264367816092,0.7813943593484075,0.4371726858464259,0.4322063375710988,32.13875,30.568480920791625,8.7,8.45,0.638494420295737,1.70272445754107,2.6307827315866983,3.630535499178399,-6.809343496454443,-4.532088592839044,-7.1119084491197295,409.22502502798807,231.68425348352065,0.2673238752025894,0.0519521970843972,0.0387567059472151,0.0054900015667885,0.9456926023426404,0.0307073381412142,0.03289794921875,0.0341796875,0.01226806640625,0.0106201171875,0.008544921875,0.00762939453125,0.00506591796875,0.0068359375,0.00921630859375,0.0128173828125,0.01788330078125,0.026611328125,0.0361328125,0.03076171875,0.02264404296875,0.01556396484375,0.01092529296875,0.00823974609375,0.0037841796875,0.00518798828125,0.0052490234375,0.00653076171875,0.01068115234375,0.0201416015625,0.0181884765625,0.62139892578125,111.36508893578537,25.382891679647745,130.88981006933977,1.3810188332860525,134.80298462466084,2.682795623639646,/sessions/cool-youthful-allen/mnt/Research/color-histogram-analysis/dataset/segmented/opa/6_particle0004.png,opa,train
0.8669354838709677,0.7266595258084128,0.235380720180045,0.281073566313649,31.37625,37.45376216173172,12.4,10.75,0.3005981046759904,0.693411234248155,1.5386842463157269,2.1017466645583527,4.010070660952416,2.753048938543363,4.160396979150159,436.5274452264749,280.2103885442442,0.4937848928596166,0.059600517952913,0.1525631940425071,0.013771989323501,0.9260258275598064,0.0472500230943204,0.0118408203125,0.017333984375,0.0086669921875,0.008056640625,0.00494384765625,0.00335693359375,0.00341796875,0.00494384765625,0.00628662109375,0.01556396484375,0.0299072265625,0.06170654296875,0.08026123046875,0.07928466796875,0.04241943359375,0.03125,0.0128173828125,0.01324462890625,0.00238037109375,0.00543212890625,0.00146484375,0.00531005859375,0.00689697265625,0.01904296875,0.029541015625,0.49462890625,127.78823529411764,30.36440131040441,130.6951871657754,1.7972433859937793,134.68903743315508,3.2506416698828,/sessions/cool-youthful-allen/mnt/Research/color-histogram-analysis/dataset/segmented/op/006_particle0011.png,op,train
2.2816901408450705,0.8462542417123466,0.4227960354720918,0.3693949131827448,12.1575,20.336753088235856,8.1,3.55,0.3177024575772172,0.6963833625442503,3.4539402038655327,4.090781635096448,8.044903238539304,4.972310279741966,7.986347487779552,252.1110187876353,177.204666748779,0.3899112449889372,0.064396392690136,0.093327035802858,0.0117298147933255,0.972460418944534,0.0193153641828847,0.02117919921875,0.024169921875,0.01324462890625,0.0115966796875,0.01019287109375,0.010986328125,0.0078125,0.0086669921875,0.00970458984375,0.01483154296875,0.0321044921875,0.0509033203125,0.07476806640625,0.0648193359375,0.038330078125,0.0216064453125,0.0133056640625,0.009521484375,0.00537109375,0.004150390625,0.00347900390625,0.00555419921875,0.0087890625,0.0216064453125,0.0233154296875,0.489990234375,109.21374918354016,19.525967913991884,130.1796211626388,1.4344151488504593,130.45999346832136,1.915473722589246,/sessions/cool-youthful-allen/mnt/Research/color-histogram-analysis/dataset/segmented/bop1/003_particle0008.png,bop1,train
1.396694214876033,0.3584606514845777,0.1824294586532348,0.1570347591548745,9.32625,27.31873353719711,8.45,6.05,0.036685882243161,0.2560168723836532,0.5164534948517354,1.1458677056789068,2.4970684476315794,2.624041867174113,-1.9977903778086343,339.1477547858231,210.691329364714,0.595118044590536,0.0486498246153501,0.2565772687169207,0.0181803496958578,0.9361252370852644,0.0394717967784778,0.02032470703125,0.0172119140625,0.009765625,0.01202392578125,0.01019287109375,0.01104736328125,0.0059814453125,0.0069580078125,0.00469970703125,0.009765625,0.0159912109375,0.04046630859375,0.06256103515625,0.06195068359375,0.0240478515625,0.01531982421875,0.00897216796875,0.013916015625,0.0045166015625,0.01190185546875,0.01043701171875,0.02117919921875,0.020751953125,0.02764892578125,0.12542724609375,0.42694091796875,127.35399403380842,33.19252072394089,128.30129267484256,1.2980091022876212,132.2906861120318,2.020943399499388,/sessions/cool-youthful-allen/mnt/Research/color-histogram-analysis/dataset/segmented/bop1/007_particle0013.png,bop1,train
1.4230769230769231,0.786460299484082,0.3609378609378609,0.4063330496054509,7.8125,15.5438599050045,5.55,3.9,0.4201826158393752,0.9543529067989128,2.5110482456542225,3.3351315915882203,-7.301435995788792,-4.232179788507477,6.26000845470704,202.4213837273061,145.00172715327312,0.4991454519887991,0.0574388007685119,0.1947769650002264,0.0160157048072185,0.9694218479903768,0.0218429805926728,0.012939453125,0.0155029296875,0.01068115234375,0.01300048828125,0.00799560546875,0.00787353515625,0.006103515625,0.00872802734375,0.00714111328125,0.01202392578125,0.01934814453125,0.03997802734375,0.08660888671875,0.07635498046875,0.0303955078125,0.0242919921875,0.01629638671875,0.01904296875,0.00970458984375,0.0133056640625,0.0093994140625,0.0140380859375,0.015380859375,0.02447509765625,0.04888916015625,0.45050048828125,133.9534443603331,19.10682818501196,130.31056018168056,1.487353370775612,131.0866767600303,2.060786234020633,/sessions/cool-youthful-allen/mnt/Research/color-histogram-analysis/dataset/segmented/bop1/001_particle0026.png,bop1,train
3.1578947368421053,0.6061405161047279,0.3528508771929824,0.2516056317810229,4.0225,14.1740114569664,6.0,1.9,0.1332466579830443,0.3275624049621243,1.22460304196652,1.6641957999394543,3.159410780559496,2.1394574041728243,3.4488865459149225,197.9692891438324,121.80932962698256,0.3394292286881764,0.117125116889778,0.0584183180684624,0.0133947524362504,0.9663628314187892,0.0206030449721919,0.027099609375,0.02838134765625,0.015625,0.0113525390625,0.00921630859375,0.00579833984375,0.00518798828125,0.005615234375,0.00921630859375,0.0140380859375,0.0230712890625,0.03570556640625,0.05279541015625,0.04296875,0.02484130859375,0.0155029296875,0.0086669921875,0.00860595703125,0.0052490234375,0.00579833984375,0.00390625,0.0079345703125,0.00933837890625,0.01861572265625,0.0244140625,0.5810546875,120.39803754266212,21.74187925536577,130.64142491467578,1.295686865820521,132.24402730375428,2.369946247127046,/sessions/cool-youthful-allen/mnt/Research/color-histogram-analysis/dataset/segmented/bop1/001_particle0000.png,bop1,train
1.2099447513812154,0.789049919484702,0.2904967330154646,0.3121937676328957,28.7875,34.04041084051132,10.95,9.05,0.3731629325362738,0.8445988307333085,2.069464845381363,2.784099746204886,5.478824302030034,3.7989403851544776,-5.285604600192931,327.8740962959947,200.907573745779,0.4592714704837978,0.0563407993005054,0.1230334974875558,0.0113775115234242,0.9506246002434652,0.0301216264343745,0.01324462890625,0.019287109375,0.009521484375,0.009521484375,0.00885009765625,0.0093994140625,0.00738525390625,0.00958251953125,0.01202392578125,0.0157470703125,0.0234375,0.0472412109375,0.0654296875,0.0643310546875,0.02960205078125,0.01922607421875,0.01055908203125,0.0091552734375,0.0054931640625,0.00518798828125,0.0029296875,0.00469970703125,0.00836181640625,0.0213623046875,0.0220947265625,0.54632568359375,123.42618261826182,20.863343319048813,131.6061606160616,1.4741653119449512,135.82156215621563,2.353953531749289,/sessions/cool-youthful-allen/mnt/Research/color-histogram-analysis/dataset/segmented/op/004_particle0005.png,op,train
0.5196850393700787,0.393097067460477,0.1457289429730374,0.1351902758126718,12.215,33.696045863628385,12.7,6.6,0.0394914927716888,0.2437632763816849,0.3269455660134984,1.024485928772067,2.015628033558303,2.1891681427826457,-1.7580768186067044,308.8590346472964,213.1766912532105,0.4018723050439585,0.0619868025641104,0.0812257823968185,0.0078552534185206,0.932673174893196,0.0462800758727834,0.02630615234375,0.0286865234375,0.00933837890625,0.00665283203125,0.00653076171875,0.01214599609375,0.015380859375,0.01336669921875,0.01556396484375,0.01788330078125,0.0262451171875,0.0479736328125,0.0770263671875,0.06158447265625,0.03204345703125,0.01934814453125,0.01092529296875,0.00775146484375,0.00360107421875,0.00689697265625,0.00775146484375,0.00958251953125,0.00860595703125,0.01983642578125,0.0205078125,0.48846435546875,106.4980694980695,27.30673864966561,129.53067353067354,1.2616776439674924,130.9099099099099,1.9289259976835005,/sessions/cool-youthful-allen/mnt/Research/color-histogram-analysis/dataset/segmented/bop1/002_particle0047.png,bop1,train
0.803921568627451,0.4561668122039639,0.2576368962219034,0.1581134540711908,21.54875,41.3839137494564,10.2,8.2,0.3311635008947598,1.672395823174137,1.0225760681398033,1.7478681385874195,3.1337432736845026,2.644946666197212,-4.394326690845148,281.8090922982802,187.81100501212043,0.4841910162812824,0.0635548457605267,0.1328399590955408,0.0132571948903996,0.9436148823163096,0.0374441511423417,0.01165771484375,0.01593017578125,0.01446533203125,0.02032470703125,0.0093994140625,0.0081787109375,0.00689697265625,0.0113525390625,0.01690673828125,0.02862548828125,0.0394287109375,0.06085205078125,0.08074951171875,0.06939697265625,0.03387451171875,0.02581787109375,0.013671875,0.01226806640625,0.00726318359375,0.00946044921875,0.00616455078125,0.008544921875,0.0096435546875,0.0220947265625,0.03466796875,0.42236328125,137.8150768480117,20.421120406002363,130.58233715540376,1.1838715695366486,129.46303976579654,1.6198294378689442,/sessions/cool-youthful-allen/mnt/Research/color-histogram-analysis/dataset/segmented/op/001_particle0016.png,op,train
0.7718446601941747,0.7851759207451535,0.3641692617695549,0.371251056458815,29.82,31.77056238055229,10.3,7.95,0.4636422712052526,1.0844336791191411,2.2776696236759,2.43339950858646,4.791762796274515,2.9938493223878577,5.732928957888643,328.1677267910923,215.71800640345012,0.4028330052085221,0.0600298002372974,0.0977046774041234,0.0101961926699416,0.9585558248440996,0.0271550634747373,0.0164794921875,0.02569580078125,0.013427734375,0.010498046875,0.00750732421875,0.0062255859375,0.00537109375,0.006591796875,0.00714111328125,0.01324462890625,0.02728271484375,0.054443359375,0.09759521484375,0.07122802734375,0.03302001953125,0.01934814453125,0.01251220703125,0.01104736328125,0.0048828125,0.00518798828125,0.00408935546875,0.00714111328125,0.01043701171875,0.02301025390625,0.02099609375,0.485595703125,118.84945287680904,25.262897903182616,131.22785033533356,1.529152250036537,134.3210377691493,2.608771496669467,/sessions/cool-youthful-allen/mnt/Research/color-histogram-analysis/dataset/segmented/op/007_particle0003.png,op,train
0.9734513274336284,0.8697392923649907,0.3757441673370877,0.4648065630674912,11.67625,17.76726167798042,5.65,5.5,0.5091210039442362,1.1798822007389649,2.7866515425958056,3.725610522369983,-8.101438916666758,-4.72629352569475,-6.9829964686711055,274.8307942968652,194.4880189346932,0.4381567526192668,0.0584560437035296,0.1765782328593151,0.0167931509870427,0.9718062942160816,0.0199044265084489,0.013427734375,0.02056884765625,0.011962890625,0.01171875,0.007568359375,0.00714111328125,0.00616455078125,0.007080078125,0.00811767578125,0.01177978515625,0.01947021484375,0.05499267578125,0.10198974609375,0.0732421875,0.03179931640625,0.01910400390625,0.011474609375,0.01458740234375,0.00567626953125,0.009521484375,0.0062255859375,0.01263427734375,0.01446533203125,0.02642822265625,0.0316162109375,0.46124267578125,105.72742081447964,24.35352556355961,129.2718552036199,1.2882815720556828,130.51529411764704,2.429455654616524,/sessions/cool-youthful-allen/mnt/Research/color-histogram-analysis/dataset/segmented/bop1/002_particle0029.png,bop1,train
2.5454545454545454,1.0,0.9842228084415584,0.6342355782757084,48.5025,31.0,11.2,4.4,0.6088658986322284,1.4842095190198277,0.0,0.0,0.0,0.0,0.0,309.6640040322609,182.0010643488007,0.2522755432758185,0.058808992419253,0.0361527107900704,0.0062923501672967,0.9635217892802684,0.0214877176107337,0.02685546875,0.03533935546875,0.01458740234375,0.01116943359375,0.0081787109375,0.00830078125,0.00830078125,0.01220703125,0.01483154296875,0.01470947265625,0.02166748046875,0.0411376953125,0.04595947265625,0.04486083984375,0.0213623046875,0.0126953125,0.00982666015625,0.00726318359375,0.0072021484375,0.0084228515625,0.008056640625,0.00897216796875,0.01104736328125,0.01800537109375,0.0242919921875,0.55474853515625,230.13657113872685,13.605692782611248,129.61082931777835,0.9055465781262674,132.04108546791784,1.1737625516121903,/sessions/cool-youthful-allen/mnt/Research/color-histogram-analysis/dataset/segmented/op/006_particle0013.png,op,train
1.304635761589404,1.0,0.98833495814704,0.771516121617327,73.5,34.6,9.85,7.55,0.7627971984563412,2.691389291970863,0.0,0.0,0.0,0.0,0.0,461.598668266757,264.6982602336671,0.230851960820458,0.0516715296902289,0.0342965442633033,0.0056083833907871,0.9367311495676772,0.03638305620026,0.03521728515625,0.03436279296875,0.01507568359375,0.01251220703125,0.00970458984375,0.0107421875,0.0096435546875,0.01068115234375,0.01019287109375,0.013671875,0.02032470703125,0.02423095703125,0.0341796875,0.03131103515625,0.0225830078125,0.01495361328125,0.00909423828125,0.00531005859375,0.00360107421875,0.0035400390625,0.0054931640625,0.0069580078125,0.011474609375,0.02264404296875,0.0274658203125,0.59503173828125,228.9187849517031,12.73354827215916,129.20297407219115,0.7605260673870634,130.5775292323335,1.1560778124872204,/sessions/cool-youthful-allen/mnt/Research/color-histogram-analysis/dataset/segmented/op/008_particle0002.png,op,train
2.0693069306930694,0.6941354394219459,0.4892226064711734,0.2635201080313967,25.8175,35.087719696760175,10.45,5.05,0.4416032271553099,1.0612100019629502,2.3242741065804187,2.9221448077831558,5.545381868201934,3.4569518679079083,7.4932652171836285,458.90473450309935,272.8178969734805,0.2629007052738075,0.0569819338742714,0.0453921940755398,0.0079022864059409,0.9348519077928036,0.0387469643973446,0.02642822265625,0.033447265625,0.01568603515625,0.01214599609375,0.0093994140625,0.0137939453125,0.014404296875,0.01666259765625,0.0140380859375,0.01507568359375,0.02252197265625,0.02392578125,0.03253173828125,0.02716064453125,0.01806640625,0.012451171875,0.0087890625,0.00750732421875,0.005126953125,0.00555419921875,0.00531005859375,0.0064697265625,0.01043701171875,0.02386474609375,0.0235595703125,0.59564208984375,127.62316102038062,27.999570657798348,130.17276285598595,0.926715671643342,132.05574301525172,2.633607000433171,/sessions/cool-youthful-allen/mnt/Research/color-histogram-analysis/dataset/segmented/op/010_particle0018.png,op,train
1.4184397163120568,0.5240286947689182,0.2927127659574468,0.2579674295078563,20.63625,31.70573928952217,10.0,7.05,0.3574090112016403,0.9999551491453708,1.4807240247493958,2.0196727686380256,4.007018824153495,2.9581361152091827,3.8586267419512703,256.42090261284727,157.71559936829416,0.3827730953413023,0.07296211329432,0.0781767694156409,0.0109980432064784,0.9524031277658408,0.0291956461866055,0.01177978515625,0.02099609375,0.01458740234375,0.0201416015625,0.0166015625,0.01409912109375,0.01025390625,0.01318359375,0.0146484375,0.02166748046875,0.03533935546875,0.080078125,0.0947265625,0.0712890625,0.029541015625,0.01910400390625,0.00811767578125,0.0084228515625,0.00579833984375,0.00518798828125,0.00390625,0.00408935546875,0.00872802734375,0.0177001953125,0.01788330078125,0.43212890625,130.65712412587413,21.43683306855442,130.80113636363637,1.1968630774487965,129.43356643356643,2.326017908040186,/sessions/cool-youthful-allen/mnt/Research/color-histogram-analysis/dataset/segmented/op/001_particle0037.png,op,train
0.8157894736842105,0.3860857413784498,0.0912092058102244,0.102285430736912,9.67,34.4676186978817,11.4,9.3,-0.3059913079988702,-0.5987016153998225,0.5275204665595395,0.4591489452042095,0.9524866834501396,0.1598408075536833,3.379971655079315,351.46146048195993,256.3370593959842,0.6223293622001169,0.0583612097726031,0.2386723067322663,0.01821112460405,0.889867189622123,0.079879772396052,0.01885986328125,0.02008056640625,0.00604248046875,0.00689697265625,0.00701904296875,0.0079345703125,0.0068359375,0.0087890625,0.00689697265625,0.01348876953125,0.02410888671875,0.04339599609375,0.0509033203125,0.0550537109375,0.0322265625,0.02789306640625,0.015625,0.020263671875,0.00848388671875,0.01373291015625,0.007080078125,0.01153564453125,0.01080322265625,0.02197265625,0.04193115234375,0.51214599609375,121.94212218649518,29.484126101333697,130.59228295819935,1.3067983003310657,130.5909967845659,1.7037643125699895,/sessions/cool-youthful-allen/mnt/Research/color-histogram-analysis/dataset/segmented/bop1/002_particle0034.png,bop1,train
0.8793103448275862,0.6277345998848589,0.1638306663661633,0.2139468223745698,10.90375,25.30695859193802,8.7,7.65,0.0464625926724565,0.1215918173053023,1.3273925708466752,1.487376300861697,2.896248370932722,1.5774588253811026,-3.9776332075268463,191.5731659765184,141.350345240517,0.4759496165682435,0.066877992227429,0.1402077007946736,0.011979028104101,0.9488884636678788,0.0375336525772831,0.0211181640625,0.014404296875,0.00604248046875,0.00933837890625,0.01080322265625,0.0069580078125,0.0052490234375,0.00982666015625,0.00897216796875,0.01611328125,0.0322265625,0.0721435546875,0.1092529296875,0.07830810546875,0.02947998046875,0.017822265625,0.00958251953125,0.0069580078125,0.00372314453125,0.0029296875,0.00201416015625,0.0047607421875,0.00579833984375,0.01971435546875,0.02996826171875,0.46649169921875,131.08859784283513,21.12932172855626,130.07434514637904,1.1438607123492366,133.72727272727272,1.452762775069467,/sessions/cool-youthful-allen/mnt/Research/color-histogram-analysis/dataset/segmented/bop1/002_particle0045.png,bop1,train
1.132867132867133,0.6216309367891363,0.1946386946386946,0.2084151597252984,11.2725,26.07056247591972,8.1,7.15,0.1968107613797335,0.4643651698567723,0.9875714601484736,1.1184709024127877,2.1717084251572194,1.3826010889240563,-3.672407521318986,374.25366394444666,285.4971829276093,0.4498881375880477,0.0679196116227382,0.1160051725481307,0.0130161809499838,0.9404333865707396,0.045246689979898,0.0201416015625,0.02081298828125,0.009521484375,0.00927734375,0.0087890625,0.008056640625,0.006591796875,0.0068359375,0.0072021484375,0.01409912109375,0.02838134765625,0.04827880859375,0.07049560546875,0.0557861328125,0.03399658203125,0.02191162109375,0.0101318359375,0.00885009765625,0.00421142578125,0.0048828125,0.00372314453125,0.0084228515625,0.00762939453125,0.018798828125,0.02276611328125,0.5404052734375,104.06184210526315,27.26454448694004,131.24473684210523,1.3990029096732568,131.77730263157895,2.450042553442141,/sessions/cool-youthful-allen/mnt/Research/color-histogram-analysis/dataset/segmented/bop1/006_particle0006.png,bop1,train
2.9473684210526314,0.664235391628678,0.4707471804511278,0.2792213734877088,20.035,30.02792177796364,11.2,3.8,0.4330169583553639,1.038519502001804,1.91729838017406,1.9400036437541364,3.870249626953729,2.4754896691849866,-4.936452383428789,304.5977932406389,195.6813370118651,0.3389044168359148,0.0682033096624626,0.0616388587068201,0.0099918221024035,0.9582718427415556,0.0267955516165422,0.02032470703125,0.0382080078125,0.01251220703125,0.01177978515625,0.00787353515625,0.01123046875,0.01141357421875,0.0140380859375,0.0147705078125,0.022216796875,0.02825927734375,0.046875,0.0638427734375,0.0550537109375,0.0341796875,0.024169921875,0.01422119140625,0.01324462890625,0.00750732421875,0.0079345703125,0.0089111328125,0.00927734375,0.01300048828125,0.02056884765625,0.0174560546875,0.47113037109375,126.79643216803338,27.99050579812652,129.69328154222413,1.2929473627158337,130.44008056394765,3.184554725683843,/sessions/cool-youthful-allen/mnt/Research/color-histogram-analysis/dataset/segmented/op/009_particle0011.png,op,train
3.321428571428572,0.3656429121396184,0.2051651305683563,0.1351817792895848,5.3425,22.285281187295915,9.3,2.8,-0.1647148508921717,-0.2803959792430505,0.3981554231262436,1.0831316881437203,2.2110484562657824,-2.001228675992935,-1.8637281516161264,413.74666641439234,261.04556320429583,0.4656841819982386,0.0808745864357151,0.1485617455189358,0.0225312652261518,0.9383408834263668,0.0387088011667918,0.024658203125,0.02716064453125,0.01007080078125,0.0123291015625,0.0120849609375,0.00823974609375,0.00579833984375,0.00604248046875,0.00555419921875,0.0106201171875,0.019775390625,0.040771484375,0.05072021484375,0.0443115234375,0.01739501953125,0.01629638671875,0.00640869140625,0.00946044921875,0.0048828125,0.00848388671875,0.0068359375,0.01373291015625,0.01361083984375,0.0260009765625,0.03521728515625,0.56353759765625,105.15787781350484,27.617573754083484,130.0154340836013,1.2176699012541543,134.22765273311896,2.1982762806557816,/sessions/cool-youthful-allen/mnt/Research/color-histogram-analysis/dataset/segmented/bop1/005_particle0025.png,bop1,train
0.8801261829652997,0.6869191252401929,0.2970839976029759,0.181555897116678,65.6875,67.42813051939011,15.85,13.95,0.3852390313296159,0.9366920227036716,1.9993707712855464,2.4599397614608822,4.697348940958749,2.934332986328432,-5.417077140360558,464.4938831607536,231.7401652494829,0.5079003508316484,0.0470081437272354,0.2340980510003244,0.0189779179308146,0.916255359096926,0.0415370834231585,0.01031494140625,0.01409912109375,0.00994873046875,0.0125732421875,0.010498046875,0.00970458984375,0.00592041015625,0.0084228515625,0.011962890625,0.02252197265625,0.02593994140625,0.04034423828125,0.05084228515625,0.0650634765625,0.02899169921875,0.02435302734375,0.01123046875,0.02239990234375,0.0087890625,0.01507568359375,0.00946044921875,0.01556396484375,0.01531982421875,0.0328369140625,0.071533203125,0.4462890625,147.25593502707204,31.246045833470653,129.5368596418159,1.2212521690255291,133.9133694294044,3.0356743843247083,/sessions/cool-youthful-allen/mnt/Research/color-histogram-analysis/dataset/segmented/opa/6_particle0019.png,opa,train
1.5629139072847682,0.6602791235808808,0.256229655404647,0.2632236878703476,22.8275,33.01198377609253,11.8,7.55,0.2354866682913077,0.541983896805077,1.787823925779659,2.703474257971753,-5.010965557397884,-3.0144343264166067,5.252045769696299,356.79614471120607,234.66740896629332,0.4293576564766236,0.0614321214419028,0.1022007669883156,0.0104161838873491,0.945219181340932,0.0358844642789914,0.0130615234375,0.01763916015625,0.007080078125,0.0057373046875,0.0076904296875,0.01068115234375,0.0081787109375,0.01165771484375,0.011962890625,0.01947021484375,0.03643798828125,0.072509765625,0.0911865234375,0.07733154296875,0.03570556640625,0.02227783203125,0.01202392578125,0.00823974609375,0.00494384765625,0.0045166015625,0.0032958984375,0.00421142578125,0.00927734375,0.0169677734375,0.01593017578125,0.47198486328125,119.39731476877176,29.18467361974901,132.01069119840875,1.862673490093813,134.19318746892094,2.8984509201659336,/sessions/cool-youthful-allen/mnt/Research/color-histogram-analysis/dataset/segmented/op/003_particle0004.png,op,train
0.3868613138686131,0.6845445890193589,0.297066519763118,0.2533709332817948,5.3925,16.35391037464142,6.85,2.65,0.2056641065486191,0.46097255431606,1.369013861719807,1.6118950135439585,3.107212495095196,1.900125230551012,3.92969949721208,327.29249333716587,219.97571969405016,0.4114189455187552,0.083955663907092,0.0861797461638452,0.0150969146066317,0.9537096955314606,0.0309935960133685,0.02716064453125,0.03411865234375,0.01165771484375,0.00750732421875,0.0050048828125,0.00634765625,0.0087890625,0.0107421875,0.01190185546875,0.01483154296875,0.01934814453125,0.0303955078125,0.040283203125,0.0380859375,0.01971435546875,0.01416015625,0.01312255859375,0.011962890625,0.00897216796875,0.0076904296875,0.00634765625,0.00933837890625,0.01654052734375,0.01971435546875,0.027099609375,0.57916259765625,114.874531835206,24.30647960161073,128.8448033707865,1.0716495382691735,128.8937265917603,1.985537118286731,/sessions/cool-youthful-allen/mnt/Research/color-histogram-analysis/dataset/segmented/bop1/001_particle0029.png,bop1,train
0.6756756756756757,0.8878455462922334,0.3417905405405405,0.3797333761235437,12.64625,20.45721117258072,7.4,5.0,0.4749766664058027,1.0771891577158017,3.0049348709748767,4.065203006175875,-7.610759694655261,-4.60775044405352,8.263530711060579,408.5209884010642,296.96486247890675,0.3728385005423014,0.0669179654304125,0.0797779652175416,0.0110267349680395,0.9504359517455448,0.0359366978178547,0.023193359375,0.03009033203125,0.01312255859375,0.01458740234375,0.00958251953125,0.00634765625,0.00592041015625,0.00885009765625,0.0087890625,0.01287841796875,0.02142333984375,0.0323486328125,0.04833984375,0.04254150390625,0.0269775390625,0.0206298828125,0.01318359375,0.00970458984375,0.0045166015625,0.00592041015625,0.00262451171875,0.0047607421875,0.0068359375,0.0186767578125,0.02685546875,0.581298828125,107.31629268292684,19.07503176897767,129.4599024390244,1.0474601058793052,131.82868292682926,2.2985715016603447,/sessions/cool-youthful-allen/mnt/Research/color-histogram-analysis/dataset/segmented/bop1/007_particle0020.png,bop1,train
0.4796747967479675,0.6269836673230627,0.3729330301777594,0.2904576351515353,27.06375,34.21822833418846,12.3,5.9,0.430613304290555,1.1725120722194242,1.4711852740644964,1.8483648886231463,3.53569014618219,2.6178231298631287,-3.970084404068289,395.5775425000511,222.12605143210916,0.249430291736149,0.0470892176101921,0.0399840024777293,0.0046152407386313,0.9501444490918666,0.0279035935227747,0.0252685546875,0.0291748046875,0.01239013671875,0.01177978515625,0.011474609375,0.0107421875,0.009033203125,0.0086669921875,0.01153564453125,0.0146484375,0.02423095703125,0.04083251953125,0.05316162109375,0.0394287109375,0.02044677734375,0.01361083984375,0.00640869140625,0.0059814453125,0.002685546875,0.00244140625,0.001953125,0.00286865234375,0.0084228515625,0.0201416015625,0.020751953125,0.5919189453125,103.31686302092491,21.822263531949837,131.57376472656938,1.374285030619536,135.29013539651837,2.1973686885598207,/sessions/cool-youthful-allen/mnt/Research/color-histogram-analysis/dataset/segmented/op/007_particle0013.png,op,train
0.6607142857142857,0.5169217503772364,0.1085002413127413,0.1239097514329424,8.9925,30.198989588022236,11.2,7.4,-0.1308896495848218,-0.2427491673203854,1.0594703174930364,1.3649187536809153,2.589045675596481,1.3825279267545545,3.213065667491309,315.44567658808205,235.87087400646485,0.5158217001840274,0.061742966403962,0.1629199825417974,0.0142351295011164,0.908294226154266,0.0682208056193362,0.019775390625,0.016845703125,0.00653076171875,0.006103515625,0.00726318359375,0.00457763671875,0.00653076171875,0.0098876953125,0.01092529296875,0.01824951171875,0.0279541015625,0.05340576171875,0.067626953125,0.06256103515625,0.02984619140625,0.0225830078125,0.01092529296875,0.01025390625,0.00347900390625,0.0042724609375,0.00274658203125,0.0047607421875,0.0084228515625,0.02154541015625,0.0262451171875,0.53668212890625,120.74847307051638,28.114810408361937,132.0072182121044,1.8214140742859704,132.80732926152135,2.41779255760478,/sessions/cool-youthful-allen/mnt/Research/color-histogram-analysis/dataset/segmented/bop1/003_particle0003.png,bop1,train
0.7255813953488373,0.5369206244172406,0.2661150864639237,0.2025508564604112,22.31375,37.2069586455822,10.75,7.8,0.2855405465645202,0.7157112655561585,1.3471501191656687,1.6272208513530908,3.114855076182824,2.0190575364060788,4.457010641681408,337.351927732138,200.90550935502432,0.3940496625104831,0.0562277488202244,0.0936762211321222,0.0089772651231949,0.9507820269839652,0.0291836147348196,0.0159912109375,0.0179443359375,0.0089111328125,0.00732421875,0.009521484375,0.01165771484375,0.01214599609375,0.016357421875,0.01922607421875,0.028076171875,0.03741455078125,0.07275390625,0.086669921875,0.0631103515625,0.03558349609375,0.01995849609375,0.01080322265625,0.009765625,0.00390625,0.0052490234375,0.00262451171875,0.00433349609375,0.0057373046875,0.020751953125,0.01654052734375,0.4576416015625,112.55141080822573,27.522281077072325,129.21616451458632,1.0802991330355634,131.61286465805836,2.517952180922591,/sessions/cool-youthful-allen/mnt/Research/color-histogram-analysis/dataset/segmented/op/007_particle0010.png,op,train
3.730769230769231,0.5197103519937655,0.3525641025641026,0.2006664745236711,20.00625,35.395688742399216,14.55,3.9,0.0448162785034195,0.147200061591386,0.8517020575586027,1.2252048719003166,2.2953112862373,1.4608009172449825,-2.697462661671997,543.8923092986846,304.2360577229845,0.3502248378100709,0.0649165479664368,0.0982388519535986,0.0154393948274566,0.93784044996603,0.0346660394725492,0.02587890625,0.02716064453125,0.01220703125,0.00927734375,0.00762939453125,0.00592041015625,0.004150390625,0.00592041015625,0.00848388671875,0.015869140625,0.0263671875,0.0421142578125,0.0540771484375,0.0435791015625,0.02197265625,0.0147705078125,0.00531005859375,0.007568359375,0.00421142578125,0.0057373046875,0.00250244140625,0.00494384765625,0.00830078125,0.02435302734375,0.028076171875,0.5836181640625,105.49637819290888,24.45258637447959,128.17384674037362,1.0190196387542507,132.41650781547847,2.111499767068981,/sessions/cool-youthful-allen/mnt/Research/color-histogram-analysis/dataset/segmented/bop1/005_particle0031.png,bop1,train
3.1338028169014085,0.8807088726443565,0.4156432979901883,0.2822224137921316,65.66125,54.07091938853264,22.25,7.1,0.331324569401342,0.7244431819160232,2.5537618544070244,3.385165584074242,7.679798984375733,-4.209168697142957,6.355115599832149,534.0587865763196,315.82007499029595,0.3424598907081453,0.0522098817993541,0.0716844834274296,0.0081811583895271,0.930572635278868,0.0409923241732933,0.02410888671875,0.0301513671875,0.0106201171875,0.00946044921875,0.0078125,0.0054931640625,0.00616455078125,0.00604248046875,0.00958251953125,0.01434326171875,0.02142333984375,0.03814697265625,0.050537109375,0.05230712890625,0.03472900390625,0.02203369140625,0.01068115234375,0.00921630859375,0.0057373046875,0.00592041015625,0.00482177734375,0.00823974609375,0.0118408203125,0.02508544921875,0.0228271484375,0.55267333984375,125.6413612565445,32.269036062208656,130.15337234370188,1.568438770376524,134.4722821065599,3.329611403793875,/sessions/cool-youthful-allen/mnt/Research/color-histogram-analysis/dataset/segmented/op/004_particle0002.png,op,train
1.6833333333333331,0.7236254276810425,0.3044096076274294,0.2874367863934823,41.50625,42.59812723994255,15.15,9.0,0.3425577699078305,0.7785633879364641,1.9523838190835323,2.099313286710432,4.125265290405292,2.488622286222092,-5.786223798485473,492.4768847527076,278.503681667814,0.3480594825367317,0.0480343367448077,0.0586328687164975,0.0063353733923627,0.9370328794905468,0.0354586226975274,0.0169677734375,0.02349853515625,0.01177978515625,0.0093994140625,0.00927734375,0.0107421875,0.0125732421875,0.0172119140625,0.01873779296875,0.0277099609375,0.0380859375,0.04913330078125,0.05621337890625,0.04571533203125,0.0347900390625,0.0235595703125,0.01519775390625,0.00994873046875,0.0054931640625,0.00482177734375,0.00299072265625,0.004150390625,0.005859375,0.01580810546875,0.0152587890625,0.51507568359375,107.41201353637902,29.04194774410612,130.58629441624365,1.7143018315031484,133.7692470389171,3.276888268735113,/sessions/cool-youthful-allen/mnt/Research/color-histogram-analysis/dataset/segmented/op/003_particle0006.png,op,train
0.3774834437086092,0.7261442656979761,0.5080457766933891,0.3509296525016369,43.7275,39.57056242823601,15.1,5.7,0.4149538743611479,0.9733096709144402,2.0979889427341853,2.849588666232852,5.837177221851778,-3.861995954245124,5.344775674140707,361.14182947805466,195.34350786878392,0.2339040084707663,0.0477001809560832,0.0317809624814309,0.0041090897270854,0.9547071071790698,0.0244886367538749,0.025634765625,0.02923583984375,0.01654052734375,0.0115966796875,0.01080322265625,0.0087890625,0.00799560546875,0.01019287109375,0.01019287109375,0.01708984375,0.02490234375,0.044677734375,0.0576171875,0.0423583984375,0.031005859375,0.01800537109375,0.01055908203125,0.007568359375,0.00335693359375,0.0037841796875,0.0035400390625,0.005615234375,0.01007080078125,0.01715087890625,0.01971435546875,0.552001953125,111.33979829325058,25.03719242778241,131.68192397207136,1.9417937160519745,135.7093354021205,3.8670126265955824,/sessions/cool-youthful-allen/mnt/Research/color-histogram-analysis/dataset/segmented/op/007_particle0014.png,op,train
0.8283582089552238,0.4244356940824136,0.2572609923356192,0.1980210069226512,9.56625,24.638834643363957,6.7,5.55,0.1889463445498417,0.791315037491965,0.7922636919010078,1.558319760249537,-3.7378398881398502,-2.627693187983839,2.735751595175996,308.6117296861049,187.0830442470091,0.474623056428414,0.0601515192088829,0.1509501275533059,0.0171335539608911,0.945323559068426,0.0329722541902921,0.01885986328125,0.02911376953125,0.0137939453125,0.008056640625,0.00494384765625,0.0064697265625,0.005859375,0.0098876953125,0.01214599609375,0.016357421875,0.019775390625,0.03076171875,0.04815673828125,0.0345458984375,0.02069091796875,0.01776123046875,0.0118408203125,0.01116943359375,0.00653076171875,0.00830078125,0.00567626953125,0.01141357421875,0.01885986328125,0.02423095703125,0.03765869140625,0.567138671875,131.65704063378482,26.92428047797123,128.50753897265523,1.326760445179378,132.48147201635572,3.346155424668401,/sessions/cool-youthful-allen/mnt/Research/color-histogram-analysis/dataset/segmented/bop1/002_particle0023.png,bop1,train
4.5,0.5995976920226563,0.3741247192495706,0.1944001071486585,14.15875,30.25304816365242,13.05,2.9,0.0123699484644951,0.0548882584261851,1.6192735417288957,2.2318915354026645,4.326396543623187,3.297759078043803,-4.291020787789076,387.9440356847588,226.4634988957672,0.3418303209807009,0.0788716140896383,0.0828963180107432,0.0136854927169355,0.9567987287271836,0.0251128030834919,0.0233154296875,0.027099609375,0.0140380859375,0.008056640625,0.0067138671875,0.00726318359375,0.005126953125,0.009765625,0.01470947265625,0.0233154296875,0.03033447265625,0.04998779296875,0.0535888671875,0.05059814453125,0.0272216796875,0.0198974609375,0.00927734375,0.00830078125,0.0040283203125,0.00457763671875,0.00579833984375,0.00762939453125,0.010009765625,0.02069091796875,0.0186767578125,0.53997802734375,105.19663435156392,22.367205090446333,131.25443570513994,1.9747389486093163,130.05359429303093,2.477234811729792,/sessions/cool-youthful-allen/mnt/Research/color-histogram-analysis/dataset/segmented/bop1/003_particle0010.png,bop1,train
2.419354838709677,0.7319915660341192,0.4562485065710872,0.350098976472346,23.8675,29.2693432033062,11.25,4.65,0.493176018085207,1.2143083034487692,2.0049209602736595,2.267514123679046,4.416870161766709,2.932854243301512,-5.01937212140928,373.9870434261693,226.47917196575835,0.327588228213071,0.0645808922422762,0.0550037771086934,0.0095744087372262,0.9537406134151208,0.0279790155066009,0.02093505859375,0.02911376953125,0.0142822265625,0.011474609375,0.0084228515625,0.0113525390625,0.0123291015625,0.01116943359375,0.0150146484375,0.0225830078125,0.03167724609375,0.04180908203125,0.0506591796875,0.0484619140625,0.03076171875,0.01654052734375,0.01007080078125,0.00714111328125,0.00469970703125,0.0048828125,0.00372314453125,0.00628662109375,0.00994873046875,0.02191162109375,0.02154541015625,0.533203125,122.3179866765359,31.893431367827613,130.5480384900074,1.2949347033766865,128.30051813471502,2.85877687288822,/sessions/cool-youthful-allen/mnt/Research/color-histogram-analysis/dataset/segmented/op/001_particle0018.png,op,train
1.1325757575757576,0.6481054137628652,0.3557945677510895,0.2483666060716994,70.2125,59.602647215127945,14.95,13.2,0.4606621791814962,1.2382232333448744,1.929129459851544,2.688364923020316,5.730358584834764,-4.029198384024363,5.004659329609383,375.0090129354611,195.3485611502925,0.3648213929492926,0.0577055073525469,0.1052530236741208,0.0121005093701493,0.941785222408068,0.0302386559995171,0.02117919921875,0.019775390625,0.01654052734375,0.0150146484375,0.01153564453125,0.009033203125,0.0062255859375,0.00714111328125,0.01055908203125,0.01910400390625,0.02978515625,0.04901123046875,0.07220458984375,0.087646484375,0.040283203125,0.01959228515625,0.0087890625,0.0059814453125,0.00396728515625,0.00445556640625,0.00347900390625,0.00482177734375,0.00701904296875,0.025146484375,0.021484375,0.480224609375,131.92868518846225,28.802853397755293,129.62502211997875,1.0532135916433054,133.85754733675455,2.644056101496689,/sessions/cool-youthful-allen/mnt/Research/color-histogram-analysis/dataset/segmented/opa/2_particle0018.png,opa,train
1.287719298245614,0.5789849769704275,0.3214876428127539,0.1622537802819884,84.065,80.68914779424668,18.35,14.25,0.3122568757704019,0.8678629089592187,1.7619436689119994,2.657754853994521,5.441980820819127,3.469835423626262,-4.88359580909164,656.1687354205635,346.43096413646225,0.3843625622245077,0.0549179163803103,0.0849004959295954,0.0097293736097514,0.9077438943010848,0.048498170064452,0.01910400390625,0.02447509765625,0.012451171875,0.0091552734375,0.0087890625,0.00970458984375,0.00982666015625,0.01226806640625,0.0155029296875,0.0216064453125,0.02972412109375,0.045654296875,0.04669189453125,0.0465087890625,0.031005859375,0.0255126953125,0.0155029296875,0.011474609375,0.00445556640625,0.00482177734375,0.0032958984375,0.00341796875,0.00634765625,0.0198974609375,0.0235595703125,0.53924560546875,123.8962300816168,28.518731228287056,129.8247182277497,1.0783434923128952,130.73416245627672,2.227113346766269,/sessions/cool-youthful-allen/mnt/Research/color-histogram-analysis/dataset/segmented/opa/4_particle0000.png,opa,train
0.6342182890855457,0.7449928298279158,0.42766687247033,0.3402425306293372,77.92625,53.64787458181381,16.95,10.75,0.5372251247868465,1.3483844728582688,2.153040330282937,3.199456343445185,-5.900764109078019,-3.8819469275703806,-6.357005485230946,529.900856402016,256.9781272964221,0.3420025327258938,0.0503884806175753,0.0822992039438773,0.0091193226703136,0.942499082946778,0.0277810740200264,0.026611328125,0.030517578125,0.01470947265625,0.01226806640625,0.0072021484375,0.0062255859375,0.00579833984375,0.0079345703125,0.0106201171875,0.01727294921875,0.0224609375,0.031005859375,0.03228759765625,0.0350341796875,0.02056884765625,0.0159912109375,0.0091552734375,0.00732421875,0.00518798828125,0.00421142578125,0.00439453125,0.00787353515625,0.01116943359375,0.02703857421875,0.03369140625,0.59344482421875,111.22438585979629,29.107540809771518,130.31575793888555,1.2708643535158792,132.81156381066506,3.454032370376781,/sessions/cool-youthful-allen/mnt/Research/color-histogram-analysis/dataset/segmented/opa/2_particle0015.png,opa,train
0.4692874692874693,0.5403668210460905,0.3579633893770019,0.2412140912570113,69.5675,60.20142799019813,20.35,9.55,0.2918038611567098,0.7661873596810744,1.3164961907586126,1.8881640200272176,3.692762441088719,2.7357967848493168,3.599247134014996,598.8391585542144,289.64249361194743,0.4233084558771845,0.0461131614431996,0.1583991378305517,0.0098003202766539,0.9170718652629072,0.0398928366231908,0.02032470703125,0.0216064453125,0.01129150390625,0.01416015625,0.01080322265625,0.0079345703125,0.00775146484375,0.00933837890625,0.01263427734375,0.01776123046875,0.02618408203125,0.03887939453125,0.048583984375,0.0457763671875,0.0255126953125,0.01873779296875,0.008544921875,0.0107421875,0.00396728515625,0.0068359375,0.005859375,0.0084228515625,0.01702880859375,0.03631591796875,0.04644775390625,0.5185546875,132.10604732690624,30.878498262197315,130.22401402278703,1.0740921673803074,128.82208588957056,3.479460634406264,/sessions/cool-youthful-allen/mnt/Research/color-histogram-analysis/dataset/segmented/opa/5_particle0013.png,opa,train
2.8916256157635467,0.4776077261670334,0.2768145618113309,0.1648400406245292,82.46375,79.28757143616676,29.35,10.15,0.1173907162339654,0.2969703306800453,0.8297277392393752,0.955442165331183,1.849919959594612,1.160833060485074,2.878792829501567,300.7393379836024,171.35340997267662,0.5318033190686452,0.0488241557025345,0.1766887696939853,0.0100858692162923,0.9374092420927816,0.0355042984118811,0.014404296875,0.0284423828125,0.01312255859375,0.01385498046875,0.0101318359375,0.00836181640625,0.00689697265625,0.008056640625,0.00946044921875,0.01348876953125,0.01995849609375,0.02752685546875,0.03448486328125,0.03582763671875,0.0194091796875,0.0177001953125,0.0128173828125,0.01617431640625,0.010009765625,0.0128173828125,0.007568359375,0.01300048828125,0.02130126953125,0.0438232421875,0.0660400390625,0.51531982421875,148.7741059302852,28.194381857708077,131.20755998189225,2.164817422288436,133.4583521955636,3.607460355106853,/sessions/cool-youthful-allen/mnt/Research/color-histogram-analysis/dataset/segmented/op/009_particle0024.png,op,train
1.5913043478260869,0.744928486537437,0.4318602993585174,0.3826613158909366,22.72125,27.315789783000945,9.15,5.75,0.48792925248277,1.1838935036262963,2.143663425876081,3.0999090192447363,-6.1589221455731895,-4.051015135367358,-5.752815960282879,269.2953301467617,180.02267079872257,0.3507130025412924,0.0686144217015684,0.0522074897681588,0.0083035374080709,0.963464594638209,0.0244074583750408,0.0208740234375,0.03076171875,0.014892578125,0.01336669921875,0.01025390625,0.01123046875,0.010986328125,0.01312255859375,0.015869140625,0.02105712890625,0.0277099609375,0.0435791015625,0.05450439453125,0.0538330078125,0.03106689453125,0.02154541015625,0.0177001953125,0.01263427734375,0.01092529296875,0.00909423828125,0.00689697265625,0.00762939453125,0.0157470703125,0.01654052734375,0.01837158203125,0.48980712890625,120.96692546583851,25.766841429544957,131.75077639751552,1.6881481326304844,128.37360248447206,2.354693753820132,/sessions/cool-youthful-allen/mnt/Research/color-histogram-analysis/dataset/segmented/op/001_particle0022.png,op,train
0.686411149825784,0.6750366905155017,0.2603247316011956,0.2820714493841886,36.79625,40.48807673454285,14.35,9.85,0.3309689651710522,0.7647881238440208,1.467666012765218,1.6535935222394984,3.2154274319653675,2.041437810642114,-4.342863347804728,407.966430077902,233.54501769416945,0.4152249107265547,0.0637096164608176,0.0974902201927228,0.0123245039324192,0.9461223986873468,0.0306847704100126,0.01495361328125,0.0179443359375,0.01202392578125,0.0093994140625,0.00677490234375,0.009521484375,0.0086669921875,0.01043701171875,0.01177978515625,0.02105712890625,0.034423828125,0.065185546875,0.08343505859375,0.0716552734375,0.03387451171875,0.0201416015625,0.01031494140625,0.007080078125,0.00372314453125,0.0050048828125,0.003173828125,0.00469970703125,0.009033203125,0.0196533203125,0.01995849609375,0.486083984375,105.14523634582416,30.12987998812282,129.7425912319373,0.8492066552769517,132.4227283859907,3.759171030895625,/sessions/cool-youthful-allen/mnt/Research/color-histogram-analysis/dataset/segmented/opa/10_particle0006.png,opa,train
4.297872340425532,0.7207907956571058,0.4685064251105961,0.2378025969153176,11.12,24.240916138887407,10.1,2.35,0.2112570935964329,0.4624789004220537,1.9492426270764045,2.018823536264796,4.002912216362246,2.259327917004489,-5.7987303226514975,375.13567348219766,241.6246331484989,0.3209277417323854,0.0961671479668955,0.0635274094005164,0.0108719620428535,0.9572248755984633,0.0275129053237573,0.02227783203125,0.02667236328125,0.01544189453125,0.01849365234375,0.016845703125,0.01422119140625,0.010498046875,0.01190185546875,0.01373291015625,0.02093505859375,0.0281982421875,0.04290771484375,0.0560302734375,0.05023193359375,0.0364990234375,0.02252197265625,0.01190185546875,0.009765625,0.0062255859375,0.006103515625,0.00775146484375,0.00885009765625,0.01080322265625,0.01947021484375,0.0206298828125,0.4910888671875,111.14821428571427,22.833912418484797,129.52083333333334,1.1743211902782424,129.44851190476192,2.213398899957815,/sessions/cool-youthful-allen/mnt/Research/color-histogram-analysis/dataset/segmented/bop1/001_particle0038.png,bop1,train
0.4,0.5034490621971381,0.20867202268431,0.1682241065170784,11.03875,28.715789806842803,11.5,4.6,0.0826820284922683,0.2346597755087287,0.8953322411523876,1.834859423043239,-3.288889038787708,-2.033574145689113,3.436750398451359,361.89536758466977,236.2477099198511,0.4637752861465806,0.0606241251720656,0.1551488715216503,0.0170018393629178,0.9399665107426328,0.0389931069770221,0.01971435546875,0.02166748046875,0.0126953125,0.00762939453125,0.00567626953125,0.00811767578125,0.00933837890625,0.0086669921875,0.0091552734375,0.0128173828125,0.01544189453125,0.03424072265625,0.04937744140625,0.04022216796875,0.018310546875,0.0123291015625,0.00726318359375,0.0081787109375,0.00518798828125,0.00732421875,0.0045166015625,0.0079345703125,0.01153564453125,0.029052734375,0.0322265625,0.60137939453125,116.34018404907977,26.3816475988039,130.92852760736196,1.4668470142957182,131.37791411042946,2.268780503754842,/sessions/cool-youthful-allen/mnt/Research/color-histogram-analysis/dataset/segmented/bop1/003_particle0020.png,bop1,train
0.9244791666666666,0.5304772060004966,0.1332049589201878,0.1546026674976482,45.39625,60.74442564845085,19.2,17.75,-0.0200175734890887,-0.0106326536208052,1.0597713901666046,1.9438958003042843,-3.798203324650877,-2.1206291123007763,-3.493443554659119,412.9459453453564,250.4189282881452,0.5743744280568202,0.0581060723704239,0.2120598281130267,0.0175878109159786,0.9091614172927152,0.0548872701383246,0.00665283203125,0.0096435546875,0.00628662109375,0.00579833984375,0.00592041015625,0.00909423828125,0.00958251953125,0.01214599609375,0.01092529296875,0.01739501953125,0.02685546875,0.06744384765625,0.112060546875,0.08087158203125,0.04840087890625,0.03399658203125,0.022216796875,0.020751953125,0.0108642578125,0.01055908203125,0.0067138671875,0.00732421875,0.00830078125,0.0238037109375,0.04620361328125,0.38018798828125,128.86325439266616,28.945914140097088,130.29793735676088,0.9323178238796294,128.7429335370512,2.100601451797897,/sessions/cool-youthful-allen/mnt/Research/color-histogram-analysis/dataset/segmented/op/010_particle0026.png,op,train
0.5753968253968254,0.4396867009742046,0.1858921729611384,0.181307213983145,16.98125,34.30695853829384,12.6,7.25,0.0228278496231388,0.1412394934265091,0.6476873469524268,1.511416695627101,-3.035840687317397,-1.786159057809264,2.620934942503606,270.62884755400336,187.12589978366287,0.5141481089824502,0.0587440364230268,0.1469854281738519,0.0142346350941686,0.950545069894064,0.0340315459531579,0.0206298828125,0.016845703125,0.012939453125,0.00897216796875,0.0079345703125,0.0084228515625,0.0057373046875,0.00408935546875,0.00482177734375,0.01165771484375,0.02032470703125,0.0545654296875,0.077880859375,0.07073974609375,0.021240234375,0.01409912109375,0.007080078125,0.00897216796875,0.00396728515625,0.00469970703125,0.0032958984375,0.00506591796875,0.00927734375,0.0321044921875,0.04266357421875,0.52197265625,122.46767169179228,35.72165393106268,129.67370184254605,1.5057884510036044,132.15745393634842,2.3485265097803603,/sessions/cool-youthful-allen/mnt/Research/color-histogram-analysis/dataset/segmented/bop1/002_particle0039.png,bop1,train
1.5114503816793894,0.6033524752659549,0.3124084355000385,0.2537701132978848,81.0325,63.34528787732124,19.8,13.1,0.4237177208784028,1.193743684687678,1.5944618438989446,2.4965860714948347,-4.818824360624068,-3.608866281288525,4.613329808483184,447.36151085732,235.5970355400126,0.4357084692278524,0.053951839265338,0.1275038199284643,0.0141981135047837,0.937013682769928,0.0330390967255131,0.0159912109375,0.01690673828125,0.0089111328125,0.01177978515625,0.009521484375,0.00628662109375,0.00872802734375,0.01214599609375,0.015869140625,0.0223388671875,0.03228759765625,0.0548095703125,0.07049560546875,0.0621337890625,0.03125,0.02435302734375,0.0162353515625,0.01971435546875,0.00872802734375,0.00933837890625,0.00396728515625,0.005859375,0.00726318359375,0.0234375,0.0244140625,0.47723388671875,125.7506524794218,28.134055116417255,130.56755671551898,1.427531874462169,129.49789198956032,2.9074331651985474,/sessions/cool-youthful-allen/mnt/Research/color-histogram-analysis/dataset/segmented/opa/5_particle0001.png,opa,train
0.6929133858267716,0.8092867718384643,0.3545879563350035,0.3495129597924535,39.62875,37.74665545225143,12.7,8.8,0.4237364445891756,0.963200955623405,2.817418656611826,3.5444594908566347,6.939139907819877,4.3680348371968885,6.827005633071371,402.44612951211536,266.32839919912584,0.4306375239587102,0.0595335833513007,0.1492952994833702,0.0117895995366355,0.9513600756711956,0.0320960227237517,0.0133056640625,0.01983642578125,0.01202392578125,0.01007080078125,0.009765625,0.00689697265625,0.00653076171875,0.0147705078125,0.01568603515625,0.018310546875,0.02490234375,0.057373046875,0.08746337890625,0.07745361328125,0.03424072265625,0.02630615234375,0.0123291015625,0.0164794921875,0.009521484375,0.0101318359375,0.0057373046875,0.01080322265625,0.0128173828125,0.02587890625,0.0426025390625,0.41876220703125,118.74851911685516,30.27782761891772,129.54945252198888,0.9949726284463298,130.30856219709207,2.5807574519671177,/sessions/cool-youthful-allen/mnt/Research/color-histogram-analysis/dataset/segmented/op/010_particle0001.png,op,train
2.134020618556701,0.7110012508189886,0.2972508591065292,0.2700538618886138,14.92125,26.350104343891143,10.35,4.85,0.2638735063761773,0.5854028881354957,1.6727408548570866,1.9677959586852092,3.798334003002071,2.3680553573024183,-4.455778547504746,382.335421524221,257.8392039399075,0.3209078441576714,0.0686022663159063,0.0631858415855352,0.0103844397815144,0.9589978998061932,0.0275424140532408,0.02630615234375,0.03179931640625,0.0172119140625,0.00830078125,0.00592041015625,0.00408935546875,0.005126953125,0.005126953125,0.00823974609375,0.012451171875,0.020263671875,0.03436279296875,0.04083251953125,0.03546142578125,0.02349853515625,0.01690673828125,0.00823974609375,0.00726318359375,0.0029296875,0.0047607421875,0.0029296875,0.0029296875,0.00726318359375,0.0206298828125,0.022216796875,0.62493896484375,81.02592178770949,23.147074060410503,129.81340782122905,1.221702770929774,131.60156424581007,2.092849707815581,/sessions/cool-youthful-allen/mnt/Research/color-histogram-analysis/dataset/segmented/bop1/005_particle0001.png,bop1,train
2.36697247706422,0.3375207566240704,0.1662399544840338,0.1386172221930422,11.6875,32.5504613339901,12.9,5.45,-0.1548411718470954,-0.2240033351057865,0.2201208883614282,1.0814338088689142,-2.022976504958701,-1.1708136529300088,-1.7982128079667363,361.50813589689255,216.7077269066475,0.4595235691476913,0.0631978963023412,0.1387942339525082,0.0154090445668612,0.9269080208970496,0.0436258600948676,0.01873779296875,0.023681640625,0.01617431640625,0.0126953125,0.0076904296875,0.00946044921875,0.0076904296875,0.00762939453125,0.00653076171875,0.01019287109375,0.02215576171875,0.04339599609375,0.07354736328125,0.0506591796875,0.02178955078125,0.01300048828125,0.00518798828125,0.00421142578125,0.0018310546875,0.0029296875,0.00164794921875,0.00531005859375,0.00836181640625,0.026123046875,0.03558349609375,0.56378173828125,117.90973782771536,27.236275427859116,129.5943820224719,1.4463845835123266,129.98014981273408,2.0661302862062247,/sessions/cool-youthful-allen/mnt/Research/color-histogram-analysis/dataset/segmented/bop1/003_particle0004.png,bop1,train
1.0867768595041325,0.8081101430569001,0.2951088835119253,0.3162515197987127,46.95625,43.195183616876605,13.15,12.1,0.4124711610400376,0.9328981631529296,2.080065796647933,2.2985996846730123,4.488040145463627,2.7680231334436622,-6.140215006274301,404.27512751532817,218.7552514412003,0.4224801272367876,0.0566218048422141,0.1106167418965276,0.0127029183577542,0.9302845559007072,0.0375404701626463,0.01934814453125,0.01910400390625,0.0084228515625,0.01123046875,0.01055908203125,0.010498046875,0.00872802734375,0.010498046875,0.0135498046875,0.02008056640625,0.03082275390625,0.0419921875,0.05450439453125,0.056884765625,0.03515625,0.0206298828125,0.011474609375,0.0098876953125,0.00604248046875,0.00506591796875,0.00372314453125,0.00592041015625,0.0087890625,0.0216064453125,0.022705078125,0.53277587890625,133.8046343537415,27.214291412678637,130.4704506802721,1.0910789927021158,133.6139455782313,2.5290373683762986,/sessions/cool-youthful-allen/mnt/Research/color-histogram-analysis/dataset/segmented/opa/1_particle0001.png,opa,train
1.0081967213114753,0.7820524705664226,0.2186236616464525,0.2666446340448942,73.815,58.98082185983658,18.45,18.3,0.2237113750210951,0.4882797151294448,2.446092416840203,2.7624501329611526,5.38268151931962,3.150758281934866,5.941511786448045,338.3823749476414,229.7959250363825,0.4684082511439653,0.0628581584325289,0.1188355176143045,0.0099906584605495,0.9427070480806244,0.0387292126697755,0.014892578125,0.01824951171875,0.0103759765625,0.0081787109375,0.0086669921875,0.01141357421875,0.00897216796875,0.010498046875,0.01019287109375,0.0157470703125,0.029541015625,0.06103515625,0.0914306640625,0.0672607421875,0.030029296875,0.01806640625,0.0101318359375,0.008544921875,0.00213623046875,0.0040283203125,0.00213623046875,0.00518798828125,0.0072021484375,0.025634765625,0.03125,0.48919677734375,119.86704225352112,26.110422310325944,129.6881690140845,1.1938578841263217,129.92957746478874,1.6572839111959865,/sessions/cool-youthful-allen/mnt/Research/color-histogram-analysis/dataset/segmented/opa/10_particle0014.png,opa,train
0.95,0.4153166057492838,0.1828729882557633,0.173729520986095,21.02125,38.993964278697966,11.0,10.45,0.0677469004359736,0.2289296274405626,1.0686452629263714,1.331839205665066,2.549052989938056,1.6755417658013458,3.0940283534268693,329.4582131743446,205.7344286616062,0.5292874375410495,0.0593630313686263,0.1597934051172204,0.0125832576951276,0.9299934652560524,0.0434818015094122,0.0150146484375,0.0164794921875,0.009765625,0.00927734375,0.00732421875,0.00469970703125,0.004150390625,0.00677490234375,0.00701904296875,0.01629638671875,0.031005859375,0.07012939453125,0.0936279296875,0.071044921875,0.02899169921875,0.01763916015625,0.010986328125,0.01031494140625,0.00762939453125,0.00897216796875,0.0067138671875,0.009033203125,0.009033203125,0.02197265625,0.03070068359375,0.47540283203125,128.11651816312542,24.655810130864317,132.01507882111034,1.745388178716727,136.33104866346812,2.8720848671769,/sessions/cool-youthful-allen/mnt/Research/color-histogram-analysis/dataset/segmented/op/005_particle0008.png,op,train
0.4076086956521739,0.5218474829705931,0.3414130434782608,0.2433401588048518,11.77875,24.663098675012588,9.2,3.75,0.2253552576022485,0.6166504901412597,0.9604458086961908,1.2751691643388918,2.416256686399446,1.6757217321870213,2.8893980244554758,394.6099460191693,233.5588532242392,0.3247742545789452,0.0645817907108131,0.0605178378428953,0.0088117154625578,0.9507780391208768,0.0290471911753394,0.02764892578125,0.03717041015625,0.01416015625,0.00970458984375,0.0062255859375,0.00787353515625,0.00738525390625,0.00958251953125,0.010498046875,0.0118408203125,0.0174560546875,0.024169921875,0.03216552734375,0.02703857421875,0.01544189453125,0.01300048828125,0.00726318359375,0.00701904296875,0.00347900390625,0.003662109375,0.00347900390625,0.00738525390625,0.00982666015625,0.0233154296875,0.02520751953125,0.63800048828125,105.14631705364292,19.962073939436458,130.22177742193756,1.5915025691593312,130.14811849479582,2.042894318492133,/sessions/cool-youthful-allen/mnt/Research/color-histogram-analysis/dataset/segmented/bop1/006_particle0014.png,bop1,train
2.8701298701298703,0.6236626809314034,0.3202973497091144,0.2385565380919433,13.62625,26.791525721549988,11.05,3.85,0.1181984651771854,0.2858031869905472,1.4231611876626982,2.094997586169121,4.146630026012522,3.6717088651309817,3.919447156840252,377.4406894104983,235.24459094489708,0.3298520151370026,0.0658847090929289,0.0731561183375023,0.0101029962688288,0.9547284121314148,0.0281026813272293,0.0269775390625,0.02923583984375,0.01495361328125,0.01202392578125,0.00830078125,0.005615234375,0.0047607421875,0.007568359375,0.01123046875,0.01617431640625,0.02398681640625,0.0362548828125,0.05108642578125,0.03289794921875,0.017333984375,0.01129150390625,0.0059814453125,0.00604248046875,0.00390625,0.00616455078125,0.00421142578125,0.00469970703125,0.00726318359375,0.0228271484375,0.02874755859375,0.6004638671875,98.94198664440736,20.18873733674071,130.16715358931552,1.6665413821485684,131.84244574290483,2.47128950442251,/sessions/cool-youthful-allen/mnt/Research/color-histogram-analysis/dataset/segmented/bop1/004_particle0001.png,bop1,train
1.564102564102564,0.452487074344803,0.2667087011349306,0.2047479841650564,6.345,19.733809340000157,6.1,3.9,0.3039008650457532,1.1493175560400763,0.8958946566907278,1.8528730970955167,-3.2789905446862013,-2.479399652195424,-3.5641013864195887,292.207887847816,194.7977281822422,0.4817830542375355,0.0571432226328587,0.1837753484052517,0.0155573080193195,0.9549728737881408,0.0299027178628938,0.01409912109375,0.0211181640625,0.013427734375,0.01446533203125,0.00726318359375,0.009033203125,0.007568359375,0.0101318359375,0.00982666015625,0.0145263671875,0.0208740234375,0.0438232421875,0.07037353515625,0.0733642578125,0.02777099609375,0.0234375,0.0140380859375,0.02069091796875,0.00750732421875,0.0126953125,0.00921630859375,0.0186767578125,0.020751953125,0.0240478515625,0.05853271484375,0.4327392578125,123.61386879521078,24.286075987657423,128.84459965078574,1.0058677414575643,126.90521327014218,1.8312427469256036,/sessions/cool-youthful-allen/mnt/Research/color-histogram-analysis/dataset/segmented/bop1/001_particle0022.png,bop1,train
0.3279678068410462,0.5821600731950457,0.2631185888336151,0.1927858559117019,53.28875,58.936604940891264,24.85,8.15,0.0983925418298186,0.2517385626956474,0.8246442558916279,1.0770171499906682,2.0355244276756133,1.3049398634149627,2.7574682492505675,330.85970756304306,197.4982019834051,0.441802041762641,0.0527421349044842,0.1091486205911044,0.0088382983499218,0.942071068066914,0.0344210383879609,0.01727294921875,0.01995849609375,0.01116943359375,0.01043701171875,0.00732421875,0.00732421875,0.00665283203125,0.0078125,0.00653076171875,0.01153564453125,0.02752685546875,0.05859375,0.0797119140625,0.05133056640625,0.0225830078125,0.01165771484375,0.00579833984375,0.0068359375,0.0028076171875,0.004150390625,0.0018310546875,0.0047607421875,0.0059814453125,0.026123046875,0.03070068359375,0.5535888671875,127.795762913592,21.19700928689814,131.14782194715545,1.3282138398913956,137.1459176386575,2.239713851268432,/sessions/cool-youthful-allen/mnt/Research/color-histogram-analysis/dataset/segmented/op/005_particle0006.png,op,train
0.8461538461538461,0.9281437125748504,0.541958041958042,0.7356515567355908,0.19375,1.819238793849945,0.65,0.55,0.7559851185492029,2.791639797393476,2.956597798027705,5.412676563200568,-9.90342343271788,-6.984485984247887,-9.658115948554196,140.67755800265826,76.18698987361927,0.6407101166589096,0.116839743398613,0.1042337024797265,0.0181132178604327,0.9790932144602564,0.0112518203484473,0.04583740234375,0.006591796875,0.01055908203125,0.05511474609375,0.0262451171875,0.0145263671875,0.0164794921875,0.02691650390625,0.01715087890625,0.032958984375,0.0467529296875,0.03375244140625,0.06805419921875,0.0660400390625,0.06024169921875,0.05413818359375,0.02777099609375,0.03741455078125,0.0113525390625,0.011962890625,0.013427734375,0.02813720703125,0.00592041015625,0.00494384765625,0.05133056640625,0.22637939453125,107.32163892445584,32.21494718930884,132.69705505761843,1.5357970260719098,134.4527528809219,1.0558698687097718,/sessions/cool-youthful-allen/mnt/Research/color-histogram-analysis/dataset/segmented/op/008_particle0012.png,op,train
0.78,0.550330759926531,0.1889948717948718,0.2101443112228288,92.135,74.22640607357025,25.0,19.5,0.0923481529421432,0.2549261447266265,1.012027396220763,1.4832498743957874,2.7852121040631657,1.793396015802079,3.058367256718008,398.1339349558321,228.1107821777333,0.5928487034326505,0.0562148257266612,0.2151071422156304,0.0136476369330526,0.9241306635997846,0.0432183893661691,0.00848388671875,0.01226806640625,0.00775146484375,0.010498046875,0.0079345703125,0.0064697265625,0.00457763671875,0.00592041015625,0.00665283203125,0.0146484375,0.02374267578125,0.0477294921875,0.08270263671875,0.0914306640625,0.03814697265625,0.03118896484375,0.017333984375,0.017333984375,0.00616455078125,0.00799560546875,0.00445556640625,0.01025390625,0.010498046875,0.0367431640625,0.04400634765625,0.445068359375,128.4067576348278,30.655300988586674,130.4298245614035,1.0657924818863522,133.33723196881093,3.8607988521289,/sessions/cool-youthful-allen/mnt/Research/color-histogram-analysis/dataset/segmented/opa/8_particle0004.png,opa,train
2.271929824561404,0.584870848708487,0.2415667547246494,0.1903037324287125,17.83125,34.3140653014183,12.95,5.7,0.1407397296897404,0.3359701525439556,1.2119723894020384,1.158787920479107,2.344171370826261,1.3303848737737252,4.753592378536373,440.5743592690432,265.6079249767676,0.3522016663794376,0.0660155810129245,0.0938007462829637,0.0136246322523511,0.9412330925967934,0.035254336836685,0.02978515625,0.02740478515625,0.00885009765625,0.00787353515625,0.006103515625,0.0084228515625,0.0081787109375,0.00982666015625,0.01092529296875,0.011962890625,0.021484375,0.04058837890625,0.0565185546875,0.04583740234375,0.0194091796875,0.0078125,0.0037841796875,0.00543212890625,0.002197265625,0.00299072265625,0.0023193359375,0.0062255859375,0.010986328125,0.02496337890625,0.02880859375,0.59130859375,99.03755620206294,29.30003600278384,128.90214229039935,1.3171696559385186,132.36921449352025,2.485109133883612,/sessions/cool-youthful-allen/mnt/Research/color-histogram-analysis/dataset/segmented/bop1/007_particle0004.png,bop1,train
0.8606060606060606,0.4387938368465828,0.2971830985915493,0.1673857864635176,17.4075,36.15046145319938,8.25,7.1,0.3297223327542527,1.3112963081576945,1.4112617128232123,2.101490664611608,-3.944899621874929,-2.757791020728345,-4.098467486952157,532.795846841371,299.11537738266344,0.419552920803247,0.0566664585686032,0.1254431393444328,0.0110794142985831,0.9279951342664658,0.0402428871284643,0.0150146484375,0.0189208984375,0.00799560546875,0.00848388671875,0.0081787109375,0.01092529296875,0.01129150390625,0.01336669921875,0.01605224609375,0.02783203125,0.0400390625,0.06201171875,0.063232421875,0.0614013671875,0.029296875,0.0216064453125,0.01129150390625,0.013427734375,0.00494384765625,0.0067138671875,0.003662109375,0.00567626953125,0.0087890625,0.02593994140625,0.052490234375,0.451416015625,118.65787197231832,29.32526527939334,130.1792820069204,1.4294522519277448,133.15787197231833,3.495757236263581,/sessions/cool-youthful-allen/mnt/Research/color-histogram-analysis/dataset/segmented/op/006_particle0014.png,op,train
0.4644670050761421,0.7062491322402716,0.388019749798896,0.2859730806387748,69.9425,55.43868634700775,19.7,9.15,0.309445884224794,0.6898468287552048,2.746976645209944,2.912761892219577,5.743397399830923,3.268241150669572,6.969209228393742,456.20631042597256,226.94635274243277,0.3876270985158166,0.0541221461231154,0.1164927282325863,0.0139452419223415,0.9291394379364888,0.0351024321553483,0.020751953125,0.0242919921875,0.0118408203125,0.0098876953125,0.00848388671875,0.01165771484375,0.009033203125,0.0107421875,0.0120849609375,0.02020263671875,0.030517578125,0.04376220703125,0.05401611328125,0.053466796875,0.0269775390625,0.020263671875,0.00823974609375,0.0086669921875,0.00189208984375,0.00341796875,0.00390625,0.007080078125,0.01068115234375,0.02642822265625,0.02801513671875,0.53369140625,138.37132173630303,27.94452985261762,130.44919525280443,1.2838094576459205,135.70199967484962,3.1858583790628843,/sessions/cool-youthful-allen/mnt/Research/color-histogram-analysis/dataset/segmented/opa/6_particle0018.png,opa,train
1.235632183908046,0.3643480088263108,0.1853782411120021,0.165767248597992,17.3375,36.25340514779091,10.75,8.7,0.0861299319082292,0.4680177608390864,0.510718829159957,1.209860078176087,2.9567144410980664,-1.9966817932641272,-2.0738419569054387,436.27328357257113,263.3448326953489,0.4583008192093967,0.0619771201708396,0.1152912164327921,0.0132606527786184,0.9280503257518448,0.043182291644416,0.0252685546875,0.022705078125,0.01092529296875,0.01153564453125,0.0067138671875,0.0087890625,0.00762939453125,0.009033203125,0.00885009765625,0.01470947265625,0.02197265625,0.04656982421875,0.0577392578125,0.05377197265625,0.02325439453125,0.0177001953125,0.00921630859375,0.00799560546875,0.00494384765625,0.00457763671875,0.003173828125,0.00457763671875,0.00738525390625,0.0220947265625,0.0283203125,0.560546875,100.00472494093825,24.7182021050422,128.72460344245698,1.0381316470401007,131.3341208234897,1.5682493861866442,/sessions/cool-youthful-allen/mnt/Research/color-histogram-analysis/dataset/segmented/bop1/005_particle0048.png,bop1,train
1.0980392156862746,0.5342197714234891,0.2336795829442888,0.2293867790158366,15.01625,28.68147522807121,8.4,7.65,0.2188051541730823,0.6082295914164569,1.0364253265032422,1.946275446707411,-3.603227335597414,-2.360901539890287,-3.574034729721621,342.9300026393851,225.34662481534,0.4351047176783413,0.064126672328082,0.1239824377577993,0.0122383120254005,0.9513484917722804,0.0318216625157394,0.02044677734375,0.0257568359375,0.01092529296875,0.0067138671875,0.00274658203125,0.00323486328125,0.00384521484375,0.00738525390625,0.008544921875,0.02044677734375,0.03521728515625,0.06475830078125,0.07708740234375,0.0633544921875,0.033203125,0.01641845703125,0.008056640625,0.00799560546875,0.0035400390625,0.00531005859375,0.00299072265625,0.0064697265625,0.0093994140625,0.0294189453125,0.0347900390625,0.491943359375,105.27073036792972,23.63556746482281,129.07440966501923,1.197062460353161,130.6059857221307,2.040204730123317,/sessions/cool-youthful-allen/mnt/Research/color-histogram-analysis/dataset/segmented/bop1/002_particle0038.png,bop1,train
3.3857142857142857,0.7872057054476714,0.5522302591922845,0.2757053349773574,22.90375,32.309902268648145,11.85,3.5,0.4172498134718103,0.936061597391314,3.1608805388380863,3.953901035983755,7.7505306437915475,5.497261701848582,7.598999149051957,533.7713695131745,341.0709694652682,0.2896558842368765,0.0605099146532664,0.0651825668995846,0.0099229553809959,0.9347581252762528,0.0417603007839139,0.0255126953125,0.03369140625,0.01580810546875,0.01324462890625,0.0101318359375,0.0128173828125,0.0111083984375,0.01177978515625,0.013427734375,0.01611328125,0.01898193359375,0.02325439453125,0.0357666015625,0.035400390625,0.01995849609375,0.01629638671875,0.0093994140625,0.00933837890625,0.00726318359375,0.0118408203125,0.010009765625,0.0147705078125,0.016357421875,0.0235595703125,0.02459716796875,0.5595703125,123.39602616314946,28.8256174719438,131.79217573738123,2.2341084950899086,133.62421325435025,3.427547896230954,/sessions/cool-youthful-allen/mnt/Research/color-histogram-analysis/dataset/segmented/op/003_particle0005.png,op,train
1.2767857142857142,0.6749126109169131,0.2350774225774226,0.2719500003572659,9.4125,20.85512968301773,7.15,5.6,0.2957746279824375,0.6604530058786687,2.0034012185196466,2.078808648220389,4.120383376565896,2.409312111288676,-5.452571410727801,257.02905270967875,192.10931210922476,0.413325476993881,0.0725765743198798,0.11190078095804,0.0156846196424404,0.9631048621218744,0.0274681190387087,0.02911376953125,0.0220947265625,0.01129150390625,0.0079345703125,0.00555419921875,0.0076904296875,0.007080078125,0.0059814453125,0.00750732421875,0.0150146484375,0.02947998046875,0.05609130859375,0.06256103515625,0.06085205078125,0.03350830078125,0.025146484375,0.01422119140625,0.01080322265625,0.00555419921875,0.00604248046875,0.00311279296875,0.0040283203125,0.00726318359375,0.019775390625,0.01959228515625,0.522705078125,93.48296254576177,27.062797728710574,128.83159673331457,1.3516258289364231,130.27231765699804,1.7833730034438258,/sessions/cool-youthful-allen/mnt/Research/color-histogram-analysis/dataset/segmented/bop1/007_particle0042.png,bop1,train
2.985074626865672,0.7573640483383686,0.4489925373134328,0.2915219684981343,15.04125,25.463098669052123,10.0,3.35,0.2757621334961641,0.6073483583975466,2.8852462606476617,3.784663133363262,-7.246988563342829,-4.147317492766265,7.296041446112305,344.8190143038437,208.3035776937432,0.3403923108471335,0.0635320236669572,0.0848319417474576,0.0120687641259229,0.9601884614780448,0.0239910685124974,0.03253173828125,0.02716064453125,0.013916015625,0.01507568359375,0.00909423828125,0.009521484375,0.0072021484375,0.0089111328125,0.00921630859375,0.01580810546875,0.02606201171875,0.03082275390625,0.03912353515625,0.03680419921875,0.024658203125,0.02178955078125,0.01275634765625,0.0111083984375,0.00665283203125,0.00579833984375,0.004150390625,0.00799560546875,0.01165771484375,0.023681640625,0.0260009765625,0.5625,112.88349063902211,21.42459680018796,130.62277580071174,1.5851863069519576,130.81572025375212,2.3449117230821805,/sessions/cool-youthful-allen/mnt/Research/color-histogram-analysis/dataset/segmented/bop1/001_particle0010.png,bop1,train
0.3103448275862069,0.4656876126003166,0.2017406934392885,0.1453454345067633,10.6625,30.362236362695693,13.05,4.05,-0.175654427659667,-0.3213537484243318,0.6867259397600588,1.5687335930762178,-3.065846389467213,-1.5541433458029088,2.7402162499109832,303.9048534874692,195.86610794338716,0.4278122452649263,0.0682385814490322,0.0952269695461272,0.0125677919627351,0.9435922496090436,0.0362000854013125,0.01910400390625,0.0230712890625,0.01141357421875,0.00787353515625,0.00634765625,0.00677490234375,0.00799560546875,0.0120849609375,0.0142822265625,0.02520751953125,0.04095458984375,0.0657958984375,0.07354736328125,0.0631103515625,0.034912109375,0.02337646484375,0.01116943359375,0.01068115234375,0.005126953125,0.0050048828125,0.0032958984375,0.0054931640625,0.006591796875,0.01654052734375,0.0185546875,0.481689453125,116.10556807209528,22.30609955011132,129.72384937238493,1.275788094785224,131.02896684905053,2.1821903247242367,/sessions/cool-youthful-allen/mnt/Research/color-histogram-analysis/dataset/segmented/bop1/002_particle0036.png,bop1,train
1.0767263427109974,0.6979569245110796,0.2183238058209961,0.2417272088540346,89.84625,68.34270134568214,21.05,19.55,0.2185080621176167,0.4850290305012269,1.3344741483669458,1.4157808401646994,2.7909968161932257,1.663233228757699,4.485902848670433,405.0246849993027,248.6573249587363,0.4380868416249306,0.0572870531293522,0.1350774613287035,0.0129355050524526,0.9351453966178742,0.0396756744753777,0.0184326171875,0.01678466796875,0.00994873046875,0.01116943359375,0.01025390625,0.008544921875,0.007080078125,0.00775146484375,0.0078125,0.01202392578125,0.02349853515625,0.05767822265625,0.07623291015625,0.06414794921875,0.02606201171875,0.01580810546875,0.0101318359375,0.00970458984375,0.006591796875,0.00689697265625,0.0042724609375,0.00616455078125,0.00726318359375,0.0228271484375,0.0225830078125,0.53033447265625,123.082948125321,29.04095459164737,130.35567539804828,1.1028735839587065,130.135593220339,3.344168577846708,/sessions/cool-youthful-allen/mnt/Research/color-histogram-analysis/dataset/segmented/opa/4_particle0013.png,opa,train
0.6790697674418604,0.8505326429804202,0.4552883083784644,0.4407408572401678,35.72875,31.917009079456328,10.75,7.3,0.5319373983641466,1.234136006527426,3.426843377985193,4.41520517205931,-8.44658903692931,-5.149527730280725,-8.536049392759004,346.3834618542664,213.80299497179715,0.3818968329524455,0.0506212010975582,0.1364041701473733,0.0139040479835785,0.9628334703118062,0.0229028531299794,0.02142333984375,0.02362060546875,0.01605224609375,0.01312255859375,0.00677490234375,0.00555419921875,0.0057373046875,0.00677490234375,0.00537109375,0.00738525390625,0.01165771484375,0.03253173828125,0.06805419921875,0.051025390625,0.01629638671875,0.013427734375,0.00921630859375,0.00958251953125,0.00537109375,0.006103515625,0.00433349609375,0.00775146484375,0.01202392578125,0.02880859375,0.03350830078125,0.5784912109375,114.89447236180904,23.991083044341245,128.95147164393396,1.2347910307175516,133.8875807609476,2.8479782311568216,/sessions/cool-youthful-allen/mnt/Research/color-histogram-analysis/dataset/segmented/op/005_particle0025.png,op,train
1.887931034482759,0.5307929014037011,0.2478349866162809,0.214341218910601,15.74,30.377669161558156,10.95,5.8,0.1463794754693427,0.3786577152037602,1.4496184260558094,2.111285683153468,4.027014816502675,2.504639892560112,-4.058641192996354,377.959296209487,239.71500258677352,0.399494185524901,0.0563950340466536,0.0949670303550653,0.0097551537794059,0.9465244958550562,0.0337526910698426,0.02313232421875,0.028564453125,0.01104736328125,0.007080078125,0.007080078125,0.0072021484375,0.008056640625,0.008544921875,0.01025390625,0.01470947265625,0.01983642578125,0.039306640625,0.0535888671875,0.0487060546875,0.019287109375,0.01544189453125,0.007568359375,0.00543212890625,0.0025634765625,0.004150390625,0.00335693359375,0.00506591796875,0.0079345703125,0.026123046875,0.02838134765625,0.58758544921875,105.51551189245087,21.0357827146362,130.54395036194416,1.5053788803966714,132.43433298862462,1.9020970696676127,/sessions/cool-youthful-allen/mnt/Research/color-histogram-analysis/dataset/segmented/bop1/004_particle0016.png,bop1,train
0.3719912472647702,0.6142162749471035,0.3456300682198481,0.213160814209311,67.13,62.90853483080864,22.85,8.5,0.2048779423684027,0.4777174413889953,1.5377744742545014,1.7433773371992962,3.389168397310373,2.02118380179231,-4.196299174499513,459.34324566614407,263.2230861506438,0.3901371563593708,0.0616070141017661,0.10005284631757,0.0129850817913306,0.9354972813358328,0.0368127366518756,0.0150146484375,0.02069091796875,0.01593017578125,0.013671875,0.00946044921875,0.007568359375,0.01031494140625,0.01177978515625,0.01483154296875,0.0257568359375,0.03973388671875,0.06005859375,0.07843017578125,0.06884765625,0.03192138671875,0.01739501953125,0.0096435546875,0.01361083984375,0.00469970703125,0.00616455078125,0.0047607421875,0.0084228515625,0.009521484375,0.02203369140625,0.02386474609375,0.45587158203125,125.38651644557514,29.8058862610996,131.38560785026348,0.9761595882115977,133.9938215518808,3.3077585416179285,/sessions/cool-youthful-allen/mnt/Research/color-histogram-analysis/dataset/segmented/opa/7_particle0013.png,opa,train
1.4976303317535544,0.6843881856540084,0.2675925370448137,0.249827113352291,44.605,47.36711336970329,15.8,10.55,0.3269543544171204,0.774365017796676,1.33497696344363,1.5936732255164303,3.0589386161035743,1.991279751192037,-4.240213137161931,391.9028130358615,228.36456353953403,0.4505525069484997,0.055900026439075,0.1307199977831455,0.0119823934990706,0.9393496936350562,0.0351993742028968,0.0126953125,0.0262451171875,0.01336669921875,0.01251220703125,0.0107421875,0.0101318359375,0.0081787109375,0.00848388671875,0.00677490234375,0.0157470703125,0.02618408203125,0.05401611328125,0.07183837890625,0.05963134765625,0.03289794921875,0.01971435546875,0.01123046875,0.0111083984375,0.0062255859375,0.005859375,0.0048828125,0.00640869140625,0.00762939453125,0.0235595703125,0.02337646484375,0.51055908203125,124.84903891233004,28.03022605477097,130.7515236755743,1.660227723473544,134.52180028129396,2.93971594053348,/sessions/cool-youthful-allen/mnt/Research/color-histogram-analysis/dataset/segmented/op/007_particle0002.png,op,train
0.6638655462184874,0.6256084023567586,0.1948329964897351,0.2095071993437054,18.31625,33.1454361140728,11.9,7.9,0.1436508175837188,0.3319366774178863,1.603728417001152,2.555194736533822,-4.651476001729693,-2.7346215838716725,5.198480060950961,397.6380603212082,263.7699970122514,0.4833752785340225,0.058578995878244,0.1576975808767391,0.01513312599979,0.939030589709592,0.0402421703724297,0.0225830078125,0.018798828125,0.0111083984375,0.0101318359375,0.00927734375,0.0101318359375,0.0091552734375,0.00933837890625,0.010009765625,0.013916015625,0.017578125,0.0347900390625,0.05743408203125,0.0523681640625,0.025634765625,0.01568603515625,0.00982666015625,0.01025390625,0.00445556640625,0.00628662109375,0.00445556640625,0.00762939453125,0.01092529296875,0.025390625,0.03729248046875,0.5555419921875,107.82352941176472,29.359640085917697,129.8604950176792,1.6472466959047165,133.2632594021215,2.374012207220709,/sessions/cool-youthful-allen/mnt/Research/color-histogram-analysis/dataset/segmented/bop1/005_particle0014.png,bop1,train
0.7671232876712328,0.3031220086886091,0.1398639649923896,0.1205038051787462,51.45875,73.25447627305985,21.9,16.8,-0.0269506093090667,0.0997953821799626,0.3564106499508756,0.9059867156760066,1.826442640195021,1.3721326941415328,-1.603725258627138,611.006231503351,316.8664535975583,0.4415968175921932,0.0638251556052774,0.1388428209115195,0.0110431806206395,0.884758936822707,0.0595390634125504,0.01971435546875,0.02239990234375,0.0115966796875,0.01361083984375,0.01031494140625,0.00933837890625,0.0081787109375,0.00933837890625,0.0115966796875,0.018310546875,0.03692626953125,0.0758056640625,0.10693359375,0.0714111328125,0.030517578125,0.01678466796875,0.00921630859375,0.0067138671875,0.00390625,0.00421142578125,0.0028076171875,0.00537109375,0.009765625,0.02886962890625,0.029541015625,0.42681884765625,131.3565912117177,26.90982883596057,131.602396804261,1.1928971356469904,130.18162450066578,2.290147489452951,/sessions/cool-youthful-allen/mnt/Research/color-histogram-analysis/dataset/segmented/opa/3_particle0007.png,opa,train
0.8782894736842105,0.5395126612517916,0.2434580130100532,0.2305887299189757,49.4025,51.88721450567245,15.2,13.35,0.2155750423877335,0.5861421410551934,1.1764567493433806,2.089066657497597,-3.782358239358461,-2.442026819265852,-4.028782981444647,460.8028306679822,239.15418321768672,0.3640344166999746,0.0454458219732315,0.0925995448692605,0.0066230997014292,0.9330345269614286,0.0345335902844923,0.02301025390625,0.02972412109375,0.01092529296875,0.00726318359375,0.00567626953125,0.00616455078125,0.005126953125,0.00885009765625,0.01171875,0.01611328125,0.0277099609375,0.0443115234375,0.0582275390625,0.052978515625,0.02740478515625,0.012939453125,0.00494384765625,0.00457763671875,0.0020751953125,0.0023193359375,0.0018310546875,0.00408935546875,0.00634765625,0.02093505859375,0.02398681640625,0.58074951171875,102.63456090651556,27.502414577705785,130.08215297450425,0.8761575913828027,133.21684264743757,2.213287111509749,/sessions/cool-youthful-allen/mnt/Research/color-histogram-analysis/dataset/segmented/op/008_particle0004.png,op,train
1.21875,0.7380280448011288,0.4190955528846153,0.3625139121278539,20.92125,26.930003356933597,7.8,6.4,0.6096434397958205,1.6087012772550071,3.1041806733334405,4.014522285524787,-7.806356797165783,-5.327845506025433,-7.665023193872937,412.8876560844564,255.4843459335124,0.3561578736181215,0.0579383033358379,0.0895881875522945,0.0115576798545598,0.9558461004767108,0.027298158101853,0.02337646484375,0.0306396484375,0.01776123046875,0.009033203125,0.0069580078125,0.0101318359375,0.00836181640625,0.0093994140625,0.01092529296875,0.01318359375,0.01654052734375,0.04193115234375,0.05078125,0.04638671875,0.02490234375,0.018310546875,0.01165771484375,0.00933837890625,0.00616455078125,0.00811767578125,0.008056640625,0.00994873046875,0.01348876953125,0.02069091796875,0.0218505859375,0.55206298828125,107.77984838913456,26.79954456439296,130.68445988629185,2.25944884982871,133.45135818066962,3.3501684912428984,/sessions/cool-youthful-allen/mnt/Research/color-histogram-analysis/dataset/segmented/op/005_particle0020.png,op,train
0.2717948717948718,0.7041996902614558,0.3739719400096759,0.2341707155500279,9.6625,22.77106767296791,9.75,2.65,0.1001036465368143,0.2292768867572863,1.1711639867796344,1.2611548574236793,2.4776007921098766,1.3979532896775748,-3.917262826728204,220.08730546541295,136.39475949692192,0.3992502320663949,0.0849832174472276,0.0794516019333599,0.0137474548345908,0.964406959487184,0.0219964574890427,0.01812744140625,0.027587890625,0.00958251953125,0.010009765625,0.0074462890625,0.01141357421875,0.01031494140625,0.01226806640625,0.01446533203125,0.017333984375,0.03106689453125,0.04644775390625,0.06317138671875,0.0589599609375,0.03448486328125,0.02392578125,0.01519775390625,0.01287841796875,0.006103515625,0.00506591796875,0.00421142578125,0.00726318359375,0.01123046875,0.01654052734375,0.02044677734375,0.50445556640625,130.20359725570182,18.479883923105863,131.32356758761358,1.623600657505346,131.73799369553123,1.8981475296884556,/sessions/cool-youthful-allen/mnt/Research/color-histogram-analysis/dataset/segmented/bop1/003_particle0032.png,bop1,train
3.031007751937985,0.5439209752873863,0.3100378675231467,0.1846871581189361,39.095,51.57594468593597,19.55,6.45,0.1141832486646318,0.278213719442026,1.4663348201766235,1.5064170038847116,2.992804422132368,1.7135619147830676,5.130709546892653,487.6224467088937,287.4738498563507,0.3836555379622237,0.0658097309171896,0.0730357852451149,0.0113681930368542,0.9324459101639908,0.0396733641606558,0.0205078125,0.03070068359375,0.0115966796875,0.010986328125,0.0079345703125,0.009033203125,0.0118408203125,0.01348876953125,0.0123291015625,0.01751708984375,0.02410888671875,0.04071044921875,0.052001953125,0.046875,0.03021240234375,0.02239990234375,0.01397705078125,0.00994873046875,0.0068359375,0.0078125,0.005859375,0.006591796875,0.00830078125,0.01824951171875,0.02069091796875,0.53948974609375,120.11201163757272,31.949287752470145,131.52285951787198,1.8544550754820976,129.53865336658353,2.8242290701669863,/sessions/cool-youthful-allen/mnt/Research/color-histogram-analysis/dataset/segmented/op/010_particle0011.png,op,train
2.142857142857143,0.5930328432046172,0.3396694214876033,0.2614175931992461,10.78875,22.773149168491365,8.25,3.85,0.2864062747959842,0.7236745608342525,1.1992991170783325,1.6224928228758857,3.0754300079262333,2.159752799506909,3.410609889690058,406.7484884451062,246.722945424096,0.4102431991875215,0.0636206115857765,0.1227550947484376,0.0148330321243155,0.951915177668846,0.0290542294142163,0.0211181640625,0.02020263671875,0.00860595703125,0.01202392578125,0.007568359375,0.00762939453125,0.00506591796875,0.0072021484375,0.01068115234375,0.01519775390625,0.03118896484375,0.05242919921875,0.04913330078125,0.0498046875,0.03204345703125,0.019287109375,0.008544921875,0.00860595703125,0.003173828125,0.0032958984375,0.0020751953125,0.00469970703125,0.0081787109375,0.0277099609375,0.0364990234375,0.54803466796875,110.84353473725643,21.27970727633735,129.13461916945482,1.2597910568059627,128.43928360558945,2.213710786937617,/sessions/cool-youthful-allen/mnt/Research/color-histogram-analysis/dataset/segmented/bop1/003_particle0021.png,bop1,train
0.321608040201005,0.6692018072289156,0.3488929020100502,0.2245046198914909,11.10875,24.93589079976082,9.95,3.2,0.2130514095395231,0.4887949985015751,0.9921558315933188,1.093859493442539,2.1369989678283035,1.3425305185237095,3.745332959264092,441.8122348991715,270.6773874611306,0.3024781351847109,0.0782756835565982,0.0451738533367602,0.0085407632541783,0.9473701541243348,0.032173254269757,0.02935791015625,0.03778076171875,0.01593017578125,0.0130615234375,0.0086669921875,0.009521484375,0.0118408203125,0.009765625,0.01025390625,0.01043701171875,0.01727294921875,0.0284423828125,0.03424072265625,0.0318603515625,0.01544189453125,0.0107421875,0.009033203125,0.00579833984375,0.004638671875,0.00689697265625,0.0050048828125,0.006103515625,0.008544921875,0.02117919921875,0.02337646484375,0.61480712890625,100.44027504911593,23.40839414036835,128.79115913555992,0.980056748397063,131.3165029469548,2.623721084371732,/sessions/cool-youthful-allen/mnt/Research/color-histogram-analysis/dataset/segmented/bop1/007_particle0015.png,bop1,train
1.6794871794871795,1.0,0.979643765903308,0.7339107671692182,25.025,20.7,6.55,3.9,0.721128435426707,2.0787382169384734,29.998329812348096,29.99992324516218,30.0,-29.99999579346821,30.0,164.3450843466252,111.62751161842613,0.3135520450430493,0.0764311865984043,0.0530533834206264,0.0067427683328704,0.977943859168672,0.0150262540903354,0.01593017578125,0.023681640625,0.0184326171875,0.01385498046875,0.0145263671875,0.0177001953125,0.01934814453125,0.02398681640625,0.019775390625,0.02294921875,0.03009033203125,0.06048583984375,0.06915283203125,0.060302734375,0.0301513671875,0.0234375,0.0145263671875,0.01397705078125,0.0147705078125,0.01416015625,0.0128173828125,0.011962890625,0.01153564453125,0.0120849609375,0.01806640625,0.41229248046875,231.88594164456237,16.069234148886714,129.20487558418594,1.1325944624182214,128.4384236453202,0.913820424913982,/sessions/cool-youthful-allen/mnt/Research/color-histogram-analysis/dataset/segmented/op/001_particle0008.png,op,train
2.1610169491525424,0.7805287350730842,0.5332834828846793,0.3812593413819222,40.11625,36.36259341239929,12.75,5.9,0.5223075895391908,1.2473412235535244,2.786995904044246,3.61408373796106,7.029011247218572,4.908483118461884,6.915845889622253,497.4663056374049,281.68931368682587,0.2207562613604445,0.0427404965892079,0.0398667883487118,0.0044882191843226,0.9449558556380164,0.0312658424803568,0.03265380859375,0.0328369140625,0.01239013671875,0.00933837890625,0.00927734375,0.00823974609375,0.00628662109375,0.0074462890625,0.00921630859375,0.01416015625,0.0196533203125,0.0291748046875,0.0406494140625,0.0384521484375,0.01947021484375,0.01263427734375,0.0068359375,0.006591796875,0.00506591796875,0.00592041015625,0.00604248046875,0.00872802734375,0.0111083984375,0.019775390625,0.0284423828125,0.599609375,99.74743897812066,29.23353466850241,130.2185405337043,1.3438900494932495,134.6926773744783,4.09194945443773,/sessions/cool-youthful-allen/mnt/Research/color-histogram-analysis/dataset/segmented/op/004_particle0027.png,op,train
2.3448275862068964,0.768251875887244,0.4268931710615281,0.3170059450043042,18.94125,27.401576298475263,10.2,4.35,0.4716456658401524,1.1327672399900397,1.863935815291042,2.368624886737288,4.533431745033118,3.094396261158576,-4.834104472009544,285.2188027206813,178.61706319280393,0.2574909870467351,0.0563142283878767,0.0364798559994975,0.0050727639150206,0.96801541783502,0.0200018078817827,0.0218505859375,0.0228271484375,0.01165771484375,0.01092529296875,0.0120849609375,0.015380859375,0.0130615234375,0.01605224609375,0.017822265625,0.0252685546875,0.034912109375,0.05072021484375,0.06915283203125,0.05267333984375,0.03143310546875,0.0201416015625,0.00921630859375,0.0084228515625,0.00469970703125,0.00482177734375,0.00335693359375,0.0068359375,0.01129150390625,0.017333984375,0.0194091796875,0.4886474609375,91.25838871778248,25.027558577342965,129.4801426487275,1.3046183706202432,131.79640136164696,2.596563688954558,/sessions/cool-youthful-allen/mnt/Research/color-histogram-analysis/dataset/segmented/op/007_particle0024.png,op,train
0.9908256880733946,0.6414759185141881,0.3029328066598709,0.3075402363252288,35.66125,38.17264391779899,10.9,10.8,0.3697826534212806,0.9162030079501742,1.58802480158895,2.425503740360889,-4.9572936495664095,-3.127968542616525,-4.452536134008684,233.07127694328963,147.10128470797403,0.5466047435114425,0.0398696285058198,0.2555379046402339,0.0133815467877556,0.9460725784078934,0.0338705030430646,0.01226806640625,0.01702880859375,0.01373291015625,0.011474609375,0.0074462890625,0.00653076171875,0.00445556640625,0.00579833984375,0.00616455078125,0.00933837890625,0.01226806640625,0.02691650390625,0.05743408203125,0.05029296875,0.0150146484375,0.0157470703125,0.00762939453125,0.01812744140625,0.00445556640625,0.0098876953125,0.00482177734375,0.01446533203125,0.0216064453125,0.04998779296875,0.10113525390625,0.4959716796875,159.16513386470467,24.161730139178346,131.0188023707337,1.0491955968006643,131.8262824443082,2.6851370886584207,/sessions/cool-youthful-allen/mnt/Research/color-histogram-analysis/dataset/segmented/op/001_particle0045.png,op,train
2.8764044943820224,0.8095103411702316,0.5024798103932584,0.3449223459512879,28.62125,32.2915257036686,12.8,4.45,0.4321515187771161,0.9830531281771924,2.204976495447872,2.468141141787927,4.804770611493178,2.9608133996447883,-6.548553017697795,169.246290461285,122.59638431841482,0.3490794049016111,0.0687262050717228,0.0698113609847904,0.0084692716691293,0.9771519982757813,0.0165517988194189,0.01507568359375,0.02191162109375,0.0179443359375,0.01513671875,0.0115966796875,0.01019287109375,0.006591796875,0.00860595703125,0.01141357421875,0.022216796875,0.0406494140625,0.07110595703125,0.09332275390625,0.0712890625,0.04345703125,0.0340576171875,0.01904296875,0.01544189453125,0.01007080078125,0.0101318359375,0.00714111328125,0.00787353515625,0.01031494140625,0.0174560546875,0.0230712890625,0.3848876953125,126.21113217768148,25.85669169758077,131.42524377031418,1.493155863052124,131.18242145178766,2.4474232559522693,/sessions/cool-youthful-allen/mnt/Research/color-histogram-analysis/dataset/segmented/op/009_particle0025.png,op,train
1.2769230769230768,0.5431577387567608,0.1698563484708063,0.1934892883367685,9.16375,24.395688796043395,8.3,6.5,0.073193002084276,0.2099445842171752,1.069165999416633,1.917832913410876,-4.022424827256812,-2.3556795908215187,3.4247577187626685,336.3805297314176,251.68150226593545,0.4707198350193408,0.0766118821375258,0.1289883803748331,0.0158049121913761,0.938249919174849,0.0460147354332384,0.01885986328125,0.02392578125,0.0150146484375,0.010009765625,0.00628662109375,0.01007080078125,0.00775146484375,0.0076904296875,0.00958251953125,0.01483154296875,0.027099609375,0.06951904296875,0.08197021484375,0.07293701171875,0.035888671875,0.02545166015625,0.01348876953125,0.0128173828125,0.00634765625,0.00799560546875,0.0050048828125,0.00799560546875,0.01019287109375,0.01544189453125,0.020263671875,0.46356201171875,108.28346456692914,28.31675578103944,129.315710536183,1.1663594424132775,134.24634420697413,2.93519250248232,/sessions/cool-youthful-allen/mnt/Research/color-histogram-analysis/dataset/segmented/bop1/007_particle0028.png,bop1,train
0.5012048192771085,0.4706809144596521,0.2543732622798887,0.1922520220368998,54.89375,59.90056570768356,20.75,10.4,0.1873479579791977,0.4833885507403395,1.1706348908200974,2.0829306344957628,-3.710218217089717,-2.3273604683473925,-5.026774667313786,409.3676623407855,229.5230468083816,0.4634915026225849,0.0597264703373322,0.1279270926001345,0.0134334623052993,0.9377507760878374,0.0347157387312171,0.01190185546875,0.01434326171875,0.0137939453125,0.0130615234375,0.00946044921875,0.01025390625,0.00750732421875,0.0087890625,0.01171875,0.01904296875,0.03387451171875,0.0584716796875,0.08355712890625,0.07720947265625,0.0355224609375,0.02252197265625,0.01287841796875,0.0113525390625,0.00616455078125,0.00494384765625,0.00250244140625,0.00537109375,0.00762939453125,0.025146484375,0.02716064453125,0.4658203125,117.87351778656128,27.66485460137639,130.75938735177866,1.1012976626045312,132.79076086956522,2.8596006406908567,/sessions/cool-youthful-allen/mnt/Research/color-histogram-analysis/dataset/segmented/opa/8_particle0012.png,opa,train
1.1028571428571428,0.8028068506184586,0.2997779422649889,0.3468810772957217,25.3125,30.281832134723665,9.65,8.75,0.3689254555903123,0.8198062441923075,2.598877514393408,2.7860153797216816,5.478466564645092,3.2043027660623085,7.809049972956624,281.32588109130586,199.0040442585322,0.3648791545096934,0.0653418810491725,0.067218952100039,0.0070266048968603,0.963500729193082,0.0257370658062007,0.01837158203125,0.02081298828125,0.01251220703125,0.01385498046875,0.008544921875,0.0087890625,0.00689697265625,0.00830078125,0.011962890625,0.01824951171875,0.03717041015625,0.0653076171875,0.08892822265625,0.06640625,0.035888671875,0.0257568359375,0.0167236328125,0.01153564453125,0.00518798828125,0.0047607421875,0.00360107421875,0.00433349609375,0.00701904296875,0.01593017578125,0.0177001953125,0.4654541015625,104.9595652173913,29.798046620871972,130.19804347826087,1.3045557624111266,133.1404347826087,3.348175334691068,/sessions/cool-youthful-allen/mnt/Research/color-histogram-analysis/dataset/segmented/op/003_particle0026.png,op,train
0.4569892473118279,0.7431385362210605,0.5035104364326376,0.3581233226928808,19.90125,26.425840359926223,9.3,4.25,0.5574088573394576,1.3751971686261366,3.0194265126245416,4.211446980685886,9.091218558369212,-5.199553971787758,7.827527493674383,375.6801950450752,233.95246525777983,0.3076937854585175,0.0615053788314559,0.0580388965194858,0.0090595785131791,0.961187138309259,0.0241528481136396,0.02178955078125,0.02362060546875,0.014892578125,0.02032470703125,0.0135498046875,0.01300048828125,0.0115966796875,0.01055908203125,0.01348876953125,0.0220947265625,0.03497314453125,0.05340576171875,0.060302734375,0.054931640625,0.0379638671875,0.0208740234375,0.011962890625,0.00994873046875,0.00714111328125,0.00750732421875,0.004638671875,0.0111083984375,0.01007080078125,0.01751708984375,0.01910400390625,0.4736328125,107.73679956896552,26.00566113133698,131.26360452586206,1.725471806686267,133.42712823275863,3.1448202566948766,/sessions/cool-youthful-allen/mnt/Research/color-histogram-analysis/dataset/segmented/op/002_particle0004.png,op,train
1.3157894736842106,0.9179302856714964,0.5266809881847476,0.5340237693435783,30.64625,26.854267340898517,8.75,6.65,0.6561422272208187,1.742834380628732,2.61605734328808,3.5800550663857846,6.989449022825873,5.297952516245887,-6.737250659299301,293.638262248499,188.02074375735612,0.3177479101208879,0.0484655995285627,0.0796056228855116,0.0091722346953711,0.9636658899262242,0.0232459557434634,0.0284423828125,0.03253173828125,0.0155029296875,0.01177978515625,0.008056640625,0.00408935546875,0.004638671875,0.00616455078125,0.0059814453125,0.00860595703125,0.01434326171875,0.0322265625,0.05322265625,0.03961181640625,0.01861572265625,0.01080322265625,0.0064697265625,0.0081787109375,0.0045166015625,0.00634765625,0.00567626953125,0.0084228515625,0.00885009765625,0.02471923828125,0.028564453125,0.6036376953125,121.47670016969064,25.667181671979804,129.11630335465344,2.178120177351084,135.08210416394726,3.5734842080681224,/sessions/cool-youthful-allen/mnt/Research/color-histogram-analysis/dataset/segmented/op/005_particle0023.png,op,train
0.3157894736842105,0.6977788114897081,0.4553056516724337,0.2653476063167103,37.50125,42.14249237179756,16.15,5.1,0.3367039145130805,0.787508634636172,2.257870468472304,2.862621833410348,5.560227762488522,4.468503300035729,5.587386861505231,355.7318519536468,202.71070674072072,0.3244256663121853,0.0608286944782749,0.0612780115348859,0.0103069947722075,0.9400034244234764,0.0341434330265518,0.0166015625,0.021728515625,0.01873779296875,0.01544189453125,0.01544189453125,0.0174560546875,0.018798828125,0.0164794921875,0.01654052734375,0.0194091796875,0.03369140625,0.04766845703125,0.06341552734375,0.054443359375,0.03521728515625,0.02056884765625,0.0135498046875,0.01153564453125,0.00872802734375,0.00689697265625,0.00531005859375,0.006103515625,0.0089111328125,0.0213623046875,0.018310546875,0.4676513671875,140.18098826257065,27.951779502302163,130.02144616722214,0.8539844106337289,132.75916533835675,2.6338596678803503,/sessions/cool-youthful-allen/mnt/Research/color-histogram-analysis/dataset/segmented/opa/8_particle0017.png,opa,train
1.773109243697479,0.6408265051656573,0.1790991278027798,0.19323480487763,11.2425,27.03919162750244,10.55,5.95,0.0256236911912228,0.0797786896588685,1.4502520629949316,2.38645744334602,-4.398834175275818,-2.485977379869255,-4.531892029355155,343.0503092312688,242.41022851596543,0.5242811139787007,0.063402044415201,0.2119494036927919,0.0198445340753146,0.9306085265949612,0.0487836417381928,0.01495361328125,0.02362060546875,0.01129150390625,0.0078125,0.00537109375,0.00604248046875,0.004150390625,0.00543212890625,0.00592041015625,0.01177978515625,0.02239990234375,0.048095703125,0.07196044921875,0.0655517578125,0.0294189453125,0.01702880859375,0.0096435546875,0.01153564453125,0.00372314453125,0.00567626953125,0.002685546875,0.00634765625,0.00885009765625,0.03125,0.03631591796875,0.53314208984375,123.89252669039146,21.925914915035754,128.59252669039145,1.1016718224806177,130.94946619217083,2.143667675492066,/sessions/cool-youthful-allen/mnt/Research/color-histogram-analysis/dataset/segmented/bop1/002_particle0019.png,bop1,train
2.802325581395349,0.3592509965987638,0.2369728842999131,0.1516305437524675,12.27875,31.89985172152519,12.05,4.3,-0.0358402599298575,0.0495664239490695,0.4484449250050366,1.323790023995845,-2.2720337321447874,-1.425159639462729,-2.5119701634870912,412.91099373875534,257.84601482445817,0.362922619228708,0.0660953667019624,0.0811293798366741,0.0108318656321836,0.9341640215039216,0.040913936103687,0.022216796875,0.02447509765625,0.01239013671875,0.00909423828125,0.0064697265625,0.0047607421875,0.00677490234375,0.00830078125,0.01007080078125,0.0220947265625,0.034912109375,0.06329345703125,0.07623291015625,0.05279541015625,0.02484130859375,0.01446533203125,0.00628662109375,0.00738525390625,0.00445556640625,0.0040283203125,0.00360107421875,0.00506591796875,0.0072021484375,0.0208740234375,0.02178955078125,0.526123046875,110.14383561643837,23.337661292492765,131.82109589041096,1.4357639001961289,133.39178082191782,1.937216858650683,/sessions/cool-youthful-allen/mnt/Research/color-histogram-analysis/dataset/segmented/bop1/006_particle0000.png,bop1,train
0.5114754098360655,0.6279292996160466,0.3987179487179487,0.3059491680796446,47.4275,44.13624787926674,15.25,7.8,0.3573448385573642,0.894866644464318,1.6671626922699925,2.110291893677153,4.068140955878457,2.7036001987253715,4.281233801189271,259.47531933084696,156.87828833887642,0.3588449218742104,0.0611003157677925,0.0726181334378376,0.0096279148401468,0.9598952638677848,0.0241720420706975,0.0218505859375,0.0272216796875,0.0184326171875,0.0150146484375,0.012451171875,0.01055908203125,0.00726318359375,0.0101318359375,0.0118408203125,0.02239990234375,0.03271484375,0.04705810546875,0.0577392578125,0.05010986328125,0.02484130859375,0.0145263671875,0.00787353515625,0.00726318359375,0.00396728515625,0.00634765625,0.0050048828125,0.01165771484375,0.01422119140625,0.021728515625,0.03033447265625,0.5074462890625,127.6695821185617,24.02122869143265,130.44914156138643,0.9066870362174906,132.8054745707807,2.076421964857605,/sessions/cool-youthful-allen/mnt/Research/color-histogram-analysis/dataset/segmented/opa/9_particle0011.png,opa,train
0.7370892018779343,0.6216580543698046,0.248228222840226,0.2781606624445016,20.7525,30.61909056305885,10.65,7.85,0.3064204984787707,0.7123560219607568,1.447791225641977,1.6335262414641258,3.1786239134151155,2.052024091308785,-4.02113826213064,388.898899667347,241.67462356652084,0.5012638560498186,0.0599069856523397,0.1356421984437312,0.0135393899147517,0.940254016038212,0.0369538544335715,0.01593017578125,0.01373291015625,0.0118408203125,0.013671875,0.00982666015625,0.0101318359375,0.00762939453125,0.00775146484375,0.00958251953125,0.0172119140625,0.02349853515625,0.04150390625,0.05255126953125,0.06890869140625,0.038818359375,0.03021240234375,0.01702880859375,0.01483154296875,0.0096435546875,0.01043701171875,0.00543212890625,0.01007080078125,0.01092529296875,0.021728515625,0.03692626953125,0.49017333984375,119.22362326299536,22.09193740363504,129.87828100874935,1.5597077762129734,127.65259907359751,1.9524064851384484,/sessions/cool-youthful-allen/mnt/Research/color-histogram-analysis/dataset/segmented/op/010_particle0006.png,op,train
0.6648648648648648,0.6618867114861965,0.4067018237749945,0.3648219606740147,23.13625,28.230003350973128,9.25,6.15,0.5255981955459053,1.4897854287816563,1.97966396287582,2.859654649273444,-5.295531179763803,-3.620437719574987,5.850760999760063,397.0495505792601,238.19418474566777,0.3991813045349648,0.0512858082144948,0.1118606962561525,0.0127279575505501,0.9487432916649364,0.0306689706391136,0.0184326171875,0.01812744140625,0.0108642578125,0.01171875,0.009033203125,0.01177978515625,0.01007080078125,0.01531982421875,0.013427734375,0.01751708984375,0.02630615234375,0.04205322265625,0.06292724609375,0.06787109375,0.041015625,0.02630615234375,0.01312255859375,0.0108642578125,0.0057373046875,0.00537109375,0.00445556640625,0.007080078125,0.00823974609375,0.0234375,0.03448486328125,0.48443603515625,125.63713553348286,24.62362994262462,130.40515860301184,1.3748294521816853,127.49791733418776,1.827575144177897,/sessions/cool-youthful-allen/mnt/Research/color-histogram-analysis/dataset/segmented/op/010_particle0029.png,op,train
1.1634241245136188,0.8398857933898598,0.31581926785784,0.3611286561969706,60.67125,45.94787463545799,14.95,12.85,0.4473932967247591,1.0180802871322598,2.336263176355191,2.6896136919933085,5.212441820451924,3.29205659448381,5.878263930894256,417.9881772010696,255.36596833737423,0.396660372779415,0.0598498988369275,0.0892060047525736,0.0095726931156842,0.943748285759963,0.0342220502392424,0.01959228515625,0.02099609375,0.0115966796875,0.0107421875,0.0081787109375,0.0079345703125,0.00628662109375,0.008544921875,0.01104736328125,0.01739501953125,0.03204345703125,0.05438232421875,0.07159423828125,0.06549072265625,0.0323486328125,0.02459716796875,0.01116943359375,0.0106201171875,0.00421142578125,0.00433349609375,0.00177001953125,0.00341796875,0.0052490234375,0.01727294921875,0.018798828125,0.5203857421875,118.41150353178608,28.63281565002246,130.46639757820384,1.237095259665793,129.05933400605448,3.122218020696643,/sessions/cool-youthful-allen/mnt/Research/color-histogram-analysis/dataset/segmented/opa/5_particle0015.png,opa,train
1.2468354430379749,0.8206316576340871,0.3526954957270449,0.395713199848704,27.445,29.52203432917595,9.85,7.9,0.4289272023131246,0.970020723836818,2.7082898776297943,3.130497181197325,6.062116542156282,3.662503274867951,-6.6807129003929,319.1649441274544,189.53963867225204,0.333785434068145,0.0499542102582089,0.0576386324415095,0.0061284545318727,0.9558885055176432,0.026116332529395,0.0208740234375,0.02740478515625,0.0157470703125,0.010986328125,0.0091552734375,0.0078125,0.0047607421875,0.005615234375,0.009033203125,0.016845703125,0.02569580078125,0.04254150390625,0.0545654296875,0.0518798828125,0.0277099609375,0.0181884765625,0.00830078125,0.0068359375,0.00372314453125,0.00421142578125,0.005126953125,0.0064697265625,0.01141357421875,0.01995849609375,0.0203857421875,0.56475830078125,115.17038128568797,22.48586628519029,130.86977343893903,1.6433150649005177,134.00828881930374,2.5079952095459475,/sessions/cool-youthful-allen/mnt/Research/color-histogram-analysis/dataset/segmented/op/006_particle0012.png,op,train
0.6617647058823529,0.4248831970001663,0.2550880537400145,0.1932309713545101,70.25125,67.59173455834389,20.4,13.5,0.2366182303567885,0.7991201401822077,1.115438465239731,1.850365563060559,-3.334881494230592,-2.251387334420006,4.398510592960332,514.0615841113804,257.6567667962706,0.4859255046990233,0.0523378628471831,0.1747347632130848,0.0148065469302766,0.9161929622371106,0.0417640279081788,0.017578125,0.0167236328125,0.01214599609375,0.01654052734375,0.01318359375,0.01263427734375,0.01007080078125,0.0089111328125,0.01019287109375,0.0185546875,0.03192138671875,0.0513916015625,0.05780029296875,0.060791015625,0.02911376953125,0.0164794921875,0.00958251953125,0.01409912109375,0.00616455078125,0.0084228515625,0.00408935546875,0.01019287109375,0.012939453125,0.0291748046875,0.03759765625,0.48370361328125,129.23349514563108,29.024142016996677,129.8029126213592,1.1305515717748762,129.425,3.080664133730642,/sessions/cool-youthful-allen/mnt/Research/color-histogram-analysis/dataset/segmented/opa/5_particle0007.png,opa,train
4.865384615384615,0.3962454074185917,0.2992170872605655,0.1383158538995431,9.84125,29.901576286554334,12.65,2.6,-0.2080096277827071,-0.375497962207208,0.2424759637758712,0.6007372680118369,1.0479441493425774,0.5848728471259578,-1.4992732003863298,308.8437973109743,188.08930054360505,0.3741946991997907,0.0915326881160751,0.0933793987759859,0.0168916033840409,0.949749027809802,0.0304835848695344,0.01812744140625,0.0238037109375,0.01025390625,0.01031494140625,0.01226806640625,0.00946044921875,0.006591796875,0.0067138671875,0.010009765625,0.020751953125,0.03076171875,0.0528564453125,0.09228515625,0.05950927734375,0.02557373046875,0.0157470703125,0.008544921875,0.00811767578125,0.003173828125,0.00390625,0.00146484375,0.00384521484375,0.0072021484375,0.02099609375,0.0224609375,0.5152587890625,121.77928428539676,24.401253385213035,130.29006445876863,1.1030949087488815,133.87174927761723,2.063829166272824,/sessions/cool-youthful-allen/mnt/Research/color-histogram-analysis/dataset/segmented/bop1/006_particle0030.png,bop1,train
0.6984478935698448,0.7129143889966496,0.2276669130327667,0.2440654836766142,80.85875,64.52310541272163,22.55,15.75,0.233597187383178,0.5210818771281878,1.8870453253285555,2.8060569338705905,-5.352675177212182,-3.1567312816338795,-5.262804099405879,440.2473413378464,269.05206959451016,0.4450738598251508,0.0647351626683994,0.130065825318707,0.0140644320821228,0.941603592896699,0.0356136082817931,0.01177978515625,0.0103759765625,0.0086669921875,0.01092529296875,0.0113525390625,0.01043701171875,0.0089111328125,0.00982666015625,0.01043701171875,0.0172119140625,0.0303955078125,0.07763671875,0.11395263671875,0.078857421875,0.04388427734375,0.02789306640625,0.014404296875,0.01446533203125,0.00518798828125,0.0054931640625,0.003173828125,0.00433349609375,0.0067138671875,0.01788330078125,0.01629638671875,0.42950439453125,116.73322005097708,26.65756815162843,130.6497451146984,1.176395363932008,131.12616822429908,2.703763074909392,/sessions/cool-youthful-allen/mnt/Research/color-histogram-analysis/dataset/segmented/opa/8_particle0003.png,opa,train
1.2810457516339868,0.7069215175209962,0.2034980658930238,0.2448378746895662,15.25625,27.9826944231987,9.8,7.65,0.1931208945993173,0.4249045917249943,1.7195833441080173,1.7623247513118043,3.5033330270642997,1.98636163053021,-5.304571106088079,402.9456746515025,300.65016126333967,0.4423932795147616,0.0692365388303979,0.1237491493479375,0.0162879806445805,0.9432782866433016,0.0421255601266935,0.0230712890625,0.0238037109375,0.00994873046875,0.00848388671875,0.00494384765625,0.00628662109375,0.00750732421875,0.0064697265625,0.007568359375,0.0133056640625,0.02020263671875,0.04217529296875,0.0709228515625,0.0528564453125,0.02508544921875,0.0150146484375,0.00921630859375,0.00994873046875,0.005126953125,0.0052490234375,0.00299072265625,0.0054931640625,0.0107421875,0.0228271484375,0.02532958984375,0.5654296875,96.71326498912704,27.478695430710854,130.2367194780988,1.195364838766716,133.99130164647406,2.730277149004527,/sessions/cool-youthful-allen/mnt/Research/color-histogram-analysis/dataset/segmented/bop1/005_particle0008.png,bop1,train
0.5797546012269938,0.6769273886540392,0.4704125685720777,0.3083215607485834,72.46,54.34406849741936,16.3,9.45,0.4754513137488068,1.2965983483421086,2.087122619907775,2.942627254734348,-6.898369281282246,-4.865485821740154,-5.457787494444452,579.621716206079,326.21861874257576,0.3076000715235284,0.0550577356802454,0.0820824906763142,0.0101072330385912,0.935202857841515,0.0364113038177203,0.02001953125,0.0213623046875,0.012939453125,0.01568603515625,0.01416015625,0.012451171875,0.01025390625,0.0111083984375,0.0135498046875,0.02239990234375,0.03228759765625,0.05584716796875,0.0701904296875,0.0504150390625,0.023681640625,0.012939453125,0.0076904296875,0.00592041015625,0.00433349609375,0.00543212890625,0.00299072265625,0.0048828125,0.0072021484375,0.02374267578125,0.02740478515625,0.5111083984375,114.09800981461288,25.06224130704415,129.90212649945474,1.2675016226799285,132.62472737186476,2.499342183213968,/sessions/cool-youthful-allen/mnt/Research/color-histogram-analysis/dataset/segmented/opa/2_particle0001.png,opa,train
3.462809917355372,0.4560099301615015,0.3297007830529201,0.1630107413226647,41.78875,56.75792516469956,20.95,6.05,0.0227137979821028,0.1139450677403171,1.0917688587393006,1.6286206218575754,3.066918876430357,2.161393487150403,-3.2487397374610363,320.8269317253558,185.4600007405257,0.4016388671573896,0.0503130019337721,0.1375956931586183,0.0123743041354187,0.9472474729450936,0.0303662555198162,0.0155029296875,0.0234375,0.0103759765625,0.00640869140625,0.0081787109375,0.00958251953125,0.00885009765625,0.01165771484375,0.01617431640625,0.02734375,0.03607177734375,0.0692138671875,0.07666015625,0.0455322265625,0.02001953125,0.01409912109375,0.01019287109375,0.0123291015625,0.0087890625,0.00897216796875,0.0054931640625,0.00958251953125,0.0125732421875,0.021484375,0.02947998046875,0.48199462890625,140.02472893285145,33.677076467625035,130.1181282100057,1.665688517953123,135.26421913638958,3.294151804025088,/sessions/cool-youthful-allen/mnt/Research/color-histogram-analysis/dataset/segmented/op/005_particle0027.png,op,train
0.75,0.7097963815167371,0.3340304972113445,0.2125144774550008,28.14875,40.79812725186348,10.6,7.95,0.4958445215631692,1.2363689791923809,2.262994807583432,3.0422447114641096,5.829278374879867,3.917986306695017,5.862770733358706,301.3839447512725,197.0990071108964,0.4231245465864555,0.0639684126183407,0.1073049439307849,0.0125681594180276,0.954797792234494,0.0294750695917581,0.01129150390625,0.019775390625,0.01556396484375,0.01556396484375,0.0115966796875,0.01385498046875,0.01043701171875,0.01165771484375,0.01312255859375,0.0196533203125,0.03314208984375,0.05377197265625,0.08319091796875,0.0615234375,0.0340576171875,0.02337646484375,0.01629638671875,0.01446533203125,0.00921630859375,0.00860595703125,0.005859375,0.0096435546875,0.01202392578125,0.02313232421875,0.02099609375,0.44818115234375,127.14901809780515,29.431733337033293,131.58355795148248,1.2292353757449337,132.60820177127454,3.7036362624071386,/sessions/cool-youthful-allen/mnt/Research/color-histogram-analysis/dataset/segmented/op/001_particle0006.png,op,train
1.9019607843137252,0.7461624649859944,0.3365423488983222,0.3426827931265284,16.64875,24.70868307352066,9.7,5.1,0.3206667927851617,0.7179162441319948,2.12952307467738,3.0833012875037085,-5.71330734449819,-3.4590954822343005,-6.183381114259354,305.7083477501971,200.97571456667976,0.4465483188002392,0.058766251920187,0.1750599923771368,0.0170128619554493,0.9651640276703286,0.0228252780242276,0.016845703125,0.02618408203125,0.0113525390625,0.01019287109375,0.00994873046875,0.0067138671875,0.0042724609375,0.00537109375,0.00616455078125,0.01226806640625,0.023193359375,0.05169677734375,0.08203125,0.06768798828125,0.028076171875,0.01654052734375,0.006591796875,0.01153564453125,0.00323486328125,0.0057373046875,0.0057373046875,0.0101318359375,0.0123291015625,0.0289306640625,0.04449462890625,0.49273681640625,111.46138845553824,22.261994588634483,128.856864274571,1.297493862502738,130.5698127925117,2.320086567570702,/sessions/cool-youthful-allen/mnt/Research/color-histogram-analysis/dataset/segmented/bop1/004_particle0024.png,bop1,train
1.5808823529411764,0.676929215373334,0.2683524281805745,0.2517193265699834,78.46625,62.58757145404816,21.5,13.6,0.287024063171718,0.6355637179892869,2.179403577662915,2.668434572844727,5.167547001257985,3.3320178249769232,-5.359153929377823,403.81015385111806,245.32310447673916,0.4540074289300457,0.0565459151329567,0.1089462369169636,0.0118071801417792,0.9388316075394804,0.0369897705366879,0.0205078125,0.021240234375,0.01068115234375,0.008056640625,0.0067138671875,0.0091552734375,0.0068359375,0.0101318359375,0.0101318359375,0.015625,0.02313232421875,0.0498046875,0.058837890625,0.0513916015625,0.01849365234375,0.01300048828125,0.00738525390625,0.00714111328125,0.003173828125,0.00445556640625,0.00323486328125,0.0079345703125,0.01019287109375,0.02349853515625,0.0267333984375,0.572509765625,121.89198606271778,26.65169486875598,131.19837398373983,1.235610662445472,132.19907084785137,2.493121607619909,/sessions/cool-youthful-allen/mnt/Research/color-histogram-analysis/dataset/segmented/opa/1_particle0002.png,opa,train
1.106508875739645,1.0,0.988766889219378,0.783367544761833,78.12,35.4,9.35,8.45,0.7759055399289181,3.53945540972462,0.0,0.0,0.0,0.0,0.0,434.30555720175886,257.0353164039213,0.2572616490537753,0.0540250940165727,0.0395499303580683,0.0064844626031718,0.9503035746393236,0.0294194875478466,0.0301513671875,0.03436279296875,0.0184326171875,0.0106201171875,0.0079345703125,0.00872802734375,0.00726318359375,0.0106201171875,0.01434326171875,0.018310546875,0.02490234375,0.03302001953125,0.0360107421875,0.03314208984375,0.02020263671875,0.01708984375,0.01007080078125,0.00823974609375,0.00537109375,0.006591796875,0.0048828125,0.0074462890625,0.01361083984375,0.026123046875,0.022216796875,0.5703125,228.5145330859617,11.814948878001273,129.9165120593692,0.7712077317434195,132.2900432900433,1.412763117818574,/sessions/cool-youthful-allen/mnt/Research/color-histogram-analysis/dataset/segmented/opa/6_particle0008.png,opa,train
0.5271739130434783,0.6226851851851852,0.1733247422680412,0.1847907618341676,7.73375,22.932947063446044,9.2,4.85,0.0265325775334457,0.0877797806409389,0.9617641779815932,1.366272656172882,2.561254818136045,1.562727303508066,-2.968539426749893,305.6493811653557,242.9074194023836,0.4739642885527046,0.0702249578727143,0.127119726583036,0.0149888153631009,0.940229142184311,0.0473012903103935,0.01434326171875,0.019775390625,0.01031494140625,0.01239013671875,0.00848388671875,0.0068359375,0.0057373046875,0.00836181640625,0.01202392578125,0.0157470703125,0.02569580078125,0.04644775390625,0.06982421875,0.0625,0.03240966796875,0.0242919921875,0.01263427734375,0.0128173828125,0.0050048828125,0.005126953125,0.00262451171875,0.0064697265625,0.00860595703125,0.01983642578125,0.02398681640625,0.5277099609375,113.74444444444444,21.476409682242192,129.17888888888888,0.9639034581031494,126.95777777777778,1.9971448756464785,/sessions/cool-youthful-allen/mnt/Research/color-histogram-analysis/dataset/segmented/bop1/001_particle0037.png,bop1,train
0.5073170731707317,1.0,0.9855534709193244,0.7003909308027536,52.53,30.7,10.25,5.2,0.6837701895263496,1.8203777778377332,0.0,0.0,0.0,0.0,0.0,272.3870351397576,174.83670844121082,0.2942485064569264,0.0682382074956834,0.04739867199389,0.0079451974633907,0.9659696245662036,0.021903415392948,0.02386474609375,0.029541015625,0.02435302734375,0.0220947265625,0.01300048828125,0.00830078125,0.00531005859375,0.0064697265625,0.0069580078125,0.01116943359375,0.01910400390625,0.05206298828125,0.0643310546875,0.06134033203125,0.0286865234375,0.01824951171875,0.0091552734375,0.00732421875,0.00408935546875,0.004150390625,0.00677490234375,0.0054931640625,0.01239013671875,0.02349853515625,0.0245361328125,0.50775146484375,237.20035054604287,11.97142951324584,128.79061615208306,0.6310712277204935,129.66037481461507,0.9056534611670144,/sessions/cool-youthful-allen/mnt/Research/color-histogram-analysis/dataset/segmented/op/009_particle0013.png,op,train
2.294117647058824,0.5594010896405754,0.2989777107424166,0.1381814549218716,17.84,40.27888839244842,11.7,5.1,0.2655369648738964,0.6619761151465818,1.325308609647588,2.098025023679393,4.609914370666283,-3.286086479384909,3.815210276266172,530.546994256058,304.62116852483496,0.259200100881221,0.0468177550777786,0.032956412761011,0.0041334398760329,0.9210898365680452,0.0452287707584257,0.0255126953125,0.0311279296875,0.01617431640625,0.01373291015625,0.01007080078125,0.010986328125,0.0106201171875,0.01104736328125,0.012451171875,0.0137939453125,0.01776123046875,0.02630615234375,0.035400390625,0.02813720703125,0.0218505859375,0.01385498046875,0.0081787109375,0.00811767578125,0.006103515625,0.0059814453125,0.0069580078125,0.00921630859375,0.01214599609375,0.0174560546875,0.01824951171875,0.6087646484375,102.22397336293008,31.668591213551174,130.88590455049945,1.3982194908155503,134.17602663706992,3.318846425051203,/sessions/cool-youthful-allen/mnt/Research/color-histogram-analysis/dataset/segmented/op/004_particle0021.png,op,train
0.293103448275862,0.5064775336175795,0.3480392156862745,0.1871870841767218,7.72125,22.767261695861816,8.7,2.55,0.0823447129743438,0.2667913598179805,1.0358058164959154,2.003667936125505,-3.591058750210656,-2.166559057159562,-3.809584853714649,612.17582536811,412.9278307945294,0.2929026464658276,0.0979848676020303,0.044105041170972,0.0105042005968319,0.925521342472035,0.0502075956602978,0.03460693359375,0.0361328125,0.01287841796875,0.00836181640625,0.008056640625,0.008544921875,0.01312255859375,0.01177978515625,0.0098876953125,0.01025390625,0.0150146484375,0.02142333984375,0.03131103515625,0.0252685546875,0.01861572265625,0.014892578125,0.00970458984375,0.007080078125,0.004638671875,0.0048828125,0.00299072265625,0.004150390625,0.007568359375,0.021728515625,0.02459716796875,0.63250732421875,100.75365511716404,26.38161831384919,129.00100140196275,1.3837918305729884,132.2072902062888,2.279070590208964,/sessions/cool-youthful-allen/mnt/Research/color-histogram-analysis/dataset/segmented/bop1/005_particle0032.png,bop1,train
2.244186046511628,0.7295283184288971,0.2506627304494517,0.2309142907315415,10.40125,23.79152573347092,9.65,4.3,0.1514259989959909,0.3349330055801686,1.8493009527060504,2.0340485815191585,3.976888677052054,2.2462892995556323,5.1114587409589065,381.2410170798906,278.3275247197824,0.5328237612717881,0.0592469846851353,0.1760554754734191,0.0159005911639478,0.9514588839061412,0.0352937798243101,0.01861572265625,0.0135498046875,0.0107421875,0.01312255859375,0.00836181640625,0.01123046875,0.00726318359375,0.0125732421875,0.01019287109375,0.01434326171875,0.02655029296875,0.051513671875,0.06829833984375,0.07391357421875,0.03631591796875,0.03656005859375,0.01702880859375,0.02227783203125,0.00872802734375,0.0125732421875,0.0074462890625,0.013916015625,0.011962890625,0.0203857421875,0.06640625,0.4061279296875,105.1771052631579,22.05584901632728,129.455,1.2719964622592317,131.18184210526317,2.018294427510982,/sessions/cool-youthful-allen/mnt/Research/color-histogram-analysis/dataset/segmented/bop1/007_particle0011.png,bop1,train
2.102189781021898,0.6827745103983508,0.4281097931873479,0.2711419513238705,42.22875,44.23954855203628,14.4,6.85,0.4097927459202127,0.9720240990524972,1.7586122304326648,2.091405706195005,4.021899116828819,2.610407783471333,-4.817962045197464,521.2302797721486,290.018658092673,0.2711922184727886,0.0491432172497029,0.0402412345097926,0.0055541110766635,0.927825705718162,0.0401149401313951,0.02362060546875,0.03631591796875,0.01336669921875,0.0098876953125,0.0087890625,0.01055908203125,0.0125732421875,0.01336669921875,0.01458740234375,0.01715087890625,0.024658203125,0.02996826171875,0.04205322265625,0.0296630859375,0.02105712890625,0.013427734375,0.0118408203125,0.0096435546875,0.0067138671875,0.00701904296875,0.00714111328125,0.00970458984375,0.01300048828125,0.02325439453125,0.0220947265625,0.56854248046875,123.65279021187705,31.51622774987626,130.3313936138466,1.2731283055647302,138.1641301104148,5.357990834550854,/sessions/cool-youthful-allen/mnt/Research/color-histogram-analysis/dataset/segmented/op/007_particle0012.png,op,train
1.5950704225352113,0.7720040763695354,0.2885264123371576,0.2542288724019189,92.79875,67.72726835608482,22.65,14.2,0.3767724676059639,0.8423524982644488,1.97693445372373,2.1292729966928574,4.182659624471312,2.5568986998881966,-5.62507686913408,574.8525390539091,308.80451501858687,0.4215209290581437,0.0543368240078979,0.1342617989775505,0.0126813703363114,0.9205685418768084,0.0424639285550066,0.022216796875,0.0262451171875,0.0089111328125,0.00799560546875,0.0054931640625,0.00665283203125,0.003662109375,0.00604248046875,0.00811767578125,0.0155029296875,0.029052734375,0.04681396484375,0.06744384765625,0.0687255859375,0.033935546875,0.0220947265625,0.0107421875,0.00909423828125,0.00396728515625,0.0052490234375,0.00335693359375,0.0047607421875,0.00634765625,0.02386474609375,0.02978515625,0.52392578125,120.45680087051144,28.51782244399613,131.08770402611535,1.1585566869338193,127.71860718171926,2.7495833727716272,/sessions/cool-youthful-allen/mnt/Research/color-histogram-analysis/dataset/segmented/opa/3_particle0012.png,opa,train
1.139240506329114,0.7817526892331984,0.2785337552742616,0.2961193753759167,19.80375,28.989801210165023,9.0,7.9,0.3907405985520031,0.8731691712515891,2.401135457553255,2.586817962738058,5.081816526794243,3.041022426593967,6.244988151660952,321.2468794115961,210.95097680378387,0.45461199288316,0.0640543701707019,0.1219734998878788,0.0145588348082925,0.9336173665422688,0.043478936747391,0.017822265625,0.021728515625,0.0098876953125,0.012451171875,0.01043701171875,0.00872802734375,0.0076904296875,0.00958251953125,0.01055908203125,0.0198974609375,0.0289306640625,0.05120849609375,0.07373046875,0.0670166015625,0.03515625,0.022216796875,0.013427734375,0.01171875,0.00640869140625,0.00567626953125,0.00543212890625,0.0076904296875,0.00811767578125,0.01788330078125,0.0267333984375,0.4898681640625,143.80780576355798,26.05598783897805,130.68073519400954,1.228010064082704,130.45268890401633,2.747851673859248,/sessions/cool-youthful-allen/mnt/Research/color-histogram-analysis/dataset/segmented/op/001_particle0030.png,op,train
1.0,0.6036081182660987,0.13600436599044,0.1759606540070334,9.03375,25.399851769208908,8.15,8.15,-0.0587305379272844,-0.0882239060751186,1.0170092183465091,1.96106121493082,-3.49086976936602,-1.940909526872227,-3.8333532220703534,300.91106363254374,232.08419620981465,0.4509344684433493,0.0692571659914079,0.1212152872711023,0.015734569833206,0.9237126795675696,0.0585464210803575,0.02490234375,0.02490234375,0.01116943359375,0.0111083984375,0.00775146484375,0.00604248046875,0.0057373046875,0.0067138671875,0.00714111328125,0.011474609375,0.01904296875,0.0433349609375,0.06475830078125,0.05645751953125,0.02166748046875,0.01507568359375,0.0068359375,0.0069580078125,0.0025634765625,0.002685546875,0.001953125,0.00390625,0.00836181640625,0.021728515625,0.027099609375,0.58062744140625,116.32743764172336,24.442255426830396,130.34648526077098,0.956013373081489,137.15374149659863,1.3345031658321014,/sessions/cool-youthful-allen/mnt/Research/color-histogram-analysis/dataset/segmented/bop1/005_particle0003.png,bop1,train
0.6622222222222223,0.6577520104731626,0.3147203579418344,0.2537799590108203,26.3775,36.14041093587876,11.25,7.45,0.4594132084794215,1.1834170571264904,1.5865466165329436,2.1075292702803248,4.040916218250383,3.1045430785403774,4.196561384894479,269.7226405169977,165.41348799109457,0.4718074174650417,0.0508396759949354,0.1800786324580275,0.0141880554012084,0.9570439409110968,0.026246808290545,0.01446533203125,0.01593017578125,0.01226806640625,0.01104736328125,0.008544921875,0.00799560546875,0.0086669921875,0.0111083984375,0.0113525390625,0.0181884765625,0.02423095703125,0.0443115234375,0.08026123046875,0.07586669921875,0.0313720703125,0.024169921875,0.0089111328125,0.01727294921875,0.00665283203125,0.01080322265625,0.0069580078125,0.01373291015625,0.01617431640625,0.03961181640625,0.05633544921875,0.42376708984375,138.59914233204003,32.2768745999159,128.4870328772718,1.7053428149020105,132.51929752909945,2.8317616571325037,/sessions/cool-youthful-allen/mnt/Research/color-histogram-analysis/dataset/segmented/op/005_particle0029.png,op,train
0.9295774647887324,0.7620270958047551,0.3727652107933798,0.3463588180434269,39.3025,37.76173113584518,10.65,9.9,0.4994582272726091,1.1853612703674734,3.015600147902337,3.8977860686127954,-7.567276812754328,-4.53559098616264,-7.456651283473755,385.1908580639556,228.4628392955812,0.346836264702155,0.0523397567046196,0.0746556446703043,0.0072320453577401,0.9543110553740984,0.027023084024728,0.0220947265625,0.0263671875,0.01385498046875,0.0093994140625,0.00750732421875,0.0107421875,0.01025390625,0.01226806640625,0.01519775390625,0.01971435546875,0.027587890625,0.04840087890625,0.06463623046875,0.05645751953125,0.02978515625,0.01739501953125,0.010986328125,0.00762939453125,0.00457763671875,0.00360107421875,0.0025634765625,0.00592041015625,0.00689697265625,0.0230712890625,0.023193359375,0.5198974609375,111.27688589677196,23.433345408364534,129.44225789746247,1.2416428915082645,132.81270498877956,2.4969439257234955,/sessions/cool-youthful-allen/mnt/Research/color-histogram-analysis/dataset/segmented/op/004_particle0014.png,op,train
1.9230769230769231,0.7701968075886737,0.5222115384615384,0.3382029177246546,61.09875,47.646655321121216,15.0,7.8,0.5627362502915702,1.4571215444860823,2.602234037860798,3.640876140460118,-7.122415380729687,-4.729552595427784,-6.80833889313161,864.4555714044359,439.13048373845993,0.250481439554634,0.0529292293919683,0.0436821133437603,0.0073084646854239,0.9012362562262416,0.0502073339829958,0.028564453125,0.03826904296875,0.01666259765625,0.01373291015625,0.01104736328125,0.01141357421875,0.01043701171875,0.0093994140625,0.01104736328125,0.011474609375,0.017822265625,0.031494140625,0.0390625,0.03094482421875,0.02008056640625,0.01171875,0.00689697265625,0.0048828125,0.00274658203125,0.002197265625,0.002685546875,0.00341796875,0.00787353515625,0.02740478515625,0.02923583984375,0.5994873046875,117.9477840040754,32.44643415042946,129.27623535404993,0.8518540443774839,129.2803107488538,2.7645331266372413,/sessions/cool-youthful-allen/mnt/Research/color-histogram-analysis/dataset/segmented/opa/8_particle0008.png,opa,train
0.9710144927536232,0.3144645436412408,0.1236210253082414,0.1385240222103039,5.715,22.76934317350388,6.9,6.7,-0.1302344629092595,-0.1782772571331067,0.294483604079912,0.9273380025509892,1.8748703917913845,-2.2192112477323187,-1.5900423595379378,147.53197279091998,109.29694736448177,0.6090655911473375,0.0670619417430124,0.2782876225778423,0.0207422711315372,0.9264794206626206,0.0542189167442799,0.01617431640625,0.02044677734375,0.015380859375,0.0091552734375,0.0040283203125,0.0040283203125,0.00262451171875,0.0045166015625,0.00482177734375,0.00836181640625,0.0196533203125,0.0631103515625,0.0985107421875,0.07122802734375,0.0306396484375,0.0235595703125,0.009521484375,0.01513671875,0.00421142578125,0.00738525390625,0.00738525390625,0.0147705078125,0.02532958984375,0.04083251953125,0.0518798828125,0.42730712890625,162.96826171875,22.25001028146399,133.900390625,1.5116215953115082,132.0537109375,2.692228017403591,/sessions/cool-youthful-allen/mnt/Research/color-histogram-analysis/dataset/segmented/op/001_particle0032.png,op,train
0.689873417721519,0.7724261327917211,0.4637382417837649,0.4485803481951101,19.96625,23.65010441541672,7.9,5.45,0.5867573659025227,1.4961920222575875,3.08956396067206,3.9601814371637536,7.768058098829104,5.034187730401412,-7.553880785287327,281.8836492065668,184.1674145634888,0.3432324661495931,0.0692410521772497,0.061976459576652,0.0091655466986941,0.9688656020471518,0.0203169189505813,0.01788330078125,0.02471923828125,0.01348876953125,0.0140380859375,0.01177978515625,0.00970458984375,0.00970458984375,0.0125732421875,0.0135498046875,0.02325439453125,0.03521728515625,0.061767578125,0.0775146484375,0.06707763671875,0.0382080078125,0.023193359375,0.013671875,0.00982666015625,0.0084228515625,0.008544921875,0.00567626953125,0.005859375,0.0098876953125,0.01495361328125,0.01885986328125,0.45062255859375,106.84362794734558,22.512969281800103,131.33921596991175,1.3561256916099844,128.4510342832345,2.1293236612326893,/sessions/cool-youthful-allen/mnt/Research/color-histogram-analysis/dataset/segmented/op/001_particle0017.png,op,train
1.6594202898550725,0.3188017686990098,0.1619834187709638,0.1192642766011907,12.7975,36.720815032720566,11.45,6.9,-0.071017828691674,0.0122666072793457,0.3302920260342964,1.254317031028314,-2.068437426200807,-1.322916190295146,-2.556429100478532,418.429878326188,245.21246826088316,0.6315052008472061,0.0474196331582624,0.2478509375247719,0.0162819081725869,0.9123981145165472,0.0509932903368801,0.01080322265625,0.0201416015625,0.013916015625,0.01031494140625,0.008056640625,0.0079345703125,0.00592041015625,0.00762939453125,0.0111083984375,0.02001953125,0.026611328125,0.04669189453125,0.05078125,0.06365966796875,0.027587890625,0.0283203125,0.0128173828125,0.018310546875,0.0093994140625,0.01806640625,0.0150146484375,0.02349853515625,0.02508544921875,0.0296630859375,0.12066650390625,0.36798095703125,126.52833020637898,25.358636683289067,129.08968105065665,1.0943426460559589,132.76510318949343,2.120829831272854,/sessions/cool-youthful-allen/mnt/Research/color-histogram-analysis/dataset/segmented/bop1/007_particle0025.png,bop1,train
0.6894273127753304,0.654962638394429,0.2356265217942041,0.2338715219132428,83.7075,67.065388828516,22.7,15.65,0.1645418316857543,0.3833751792481514,1.7131047304035727,2.622096798059083,-4.999668393863716,-2.9417068725068654,-4.89358595510377,488.4664009865055,270.5943518369555,0.4219557010400969,0.0504110309943684,0.1542876380330453,0.0105569385386113,0.9337238474821936,0.0366342305828827,0.02276611328125,0.0185546875,0.0081787109375,0.00732421875,0.00872802734375,0.0106201171875,0.00994873046875,0.01263427734375,0.010009765625,0.01470947265625,0.02752685546875,0.05224609375,0.07672119140625,0.06707763671875,0.02978515625,0.01568603515625,0.006591796875,0.009765625,0.00335693359375,0.005615234375,0.003173828125,0.0069580078125,0.00787353515625,0.0361328125,0.0599365234375,0.46807861328125,124.5517498138496,26.51055443014253,130.7001116902457,1.1467101387894107,130.9655621742368,2.571705433916814,/sessions/cool-youthful-allen/mnt/Research/color-histogram-analysis/dataset/segmented/opa/5_particle0004.png,opa,train
1.1590909090909092,0.7946385121553858,0.3347326203208556,0.3529948658362106,46.94625,40.88096992969513,12.75,11.0,0.4801860447336259,1.1046763865844853,4.01483319533199,4.797381558113336,9.214861952913996,5.3499141513318085,9.849589918427816,371.6282893647871,227.10409307942112,0.3872026722447964,0.0640769597495653,0.0968369943573743,0.0127730294864269,0.9504378594560698,0.0301877332960852,0.0177001953125,0.0213623046875,0.0164794921875,0.01336669921875,0.00982666015625,0.008544921875,0.0081787109375,0.01171875,0.01348876953125,0.02032470703125,0.02630615234375,0.0491943359375,0.0670166015625,0.06170654296875,0.0360107421875,0.02288818359375,0.0126953125,0.00933837890625,0.00341796875,0.0042724609375,0.00396728515625,0.00537109375,0.01080322265625,0.022705078125,0.025146484375,0.4981689453125,117.03431839847474,27.404722974576902,130.1765490943756,0.9254906758876844,132.1527168732126,2.919598604655825,/sessions/cool-youthful-allen/mnt/Research/color-histogram-analysis/dataset/segmented/opa/9_particle0012.png,opa,train
0.640625,0.41206857790767,0.1983471657633243,0.1661453203835219,105.39375,89.2829032421112,28.8,18.45,0.0725528711105643,0.3250699720142983,0.5715605728145686,1.4161489897356987,-3.2226155400151733,-2.035274760186061,-2.4152124676289386,464.56600884185394,291.25048180185684,0.4952144231073978,0.0680276097900158,0.1546646328881378,0.0148485346763833,0.9053578487832435,0.0590661750680448,0.00738525390625,0.0194091796875,0.0126953125,0.01470947265625,0.01055908203125,0.0118408203125,0.00885009765625,0.01190185546875,0.01116943359375,0.020751953125,0.03192138671875,0.05535888671875,0.0950927734375,0.0921630859375,0.04949951171875,0.0323486328125,0.01953125,0.01531982421875,0.00885009765625,0.00811767578125,0.003662109375,0.00714111328125,0.00872802734375,0.02197265625,0.02685546875,0.3941650390625,139.207323362558,26.766151139686063,131.68127900979886,1.4147660166708171,134.02062919030428,2.720632949782249,/sessions/cool-youthful-allen/mnt/Research/color-histogram-analysis/dataset/segmented/opa/9_particle0003.png,opa,train
0.6620370370370371,1.0,0.9884097384097384,0.7525584642805859,76.325,35.7,10.8,7.15,0.7418119233133552,2.295833948227276,29.99797940774596,29.995142717062443,30.0,29.999661144898106,-30.0,277.1964745766413,178.25507555905585,0.2658589412608512,0.0567157031564279,0.0392090960448437,0.0062360988388297,0.9639968297996468,0.0231880418697557,0.02081298828125,0.0277099609375,0.01849365234375,0.01885986328125,0.014404296875,0.01361083984375,0.0137939453125,0.01715087890625,0.01934814453125,0.02490234375,0.03271484375,0.0469970703125,0.05517578125,0.05169677734375,0.027587890625,0.01898193359375,0.01025390625,0.00762939453125,0.005859375,0.00616455078125,0.00860595703125,0.01080322265625,0.013916015625,0.02001953125,0.022705078125,0.4718017578125,229.4968051118211,13.930022144606916,129.1019906610961,0.783943355715538,131.58773654460555,1.2862514815620427,/sessions/cool-youthful-allen/mnt/Research/color-histogram-analysis/dataset/segmented/opa/9_particle0005.png,opa,train
0.9818181818181818,0.3936713339736137,0.145679012345679,0.1625305421391575,9.735,27.435028642416,8.25,8.1,-0.0482310582397327,-0.004644694544337,0.3763053909450418,0.8691127461769637,1.5768835939406798,1.2815461442602438,-1.7364760378969433,298.8404636750447,200.7132212966497,0.5496714228415239,0.0633665186125748,0.24368870255573,0.0197303325545434,0.9290250038775804,0.047429210881886,0.013916015625,0.0184326171875,0.0084228515625,0.00653076171875,0.00531005859375,0.0048828125,0.0057373046875,0.0059814453125,0.005859375,0.01025390625,0.02392578125,0.07073974609375,0.0908203125,0.069091796875,0.0322265625,0.0250244140625,0.0145263671875,0.01507568359375,0.00787353515625,0.01019287109375,0.00592041015625,0.011474609375,0.0142822265625,0.0330810546875,0.068115234375,0.42230224609375,128.2409948542024,23.925005765873028,130.33962264150944,1.4408013761294398,133.1162092624357,1.843991132719228,/sessions/cool-youthful-allen/mnt/Research/color-histogram-analysis/dataset/segmented/bop1/004_particle0018.png,bop1,train
1.8454545454545452,0.7499673529795847,0.3857814599193909,0.2996178313939125,21.53625,30.054267382621767,10.15,5.5,0.4451060297184502,1.026196127646617,3.592783411008974,3.5445389059608443,7.11349751609099,4.07504685424263,-8.545017743411055,358.37365865551067,213.0301663569231,0.2778919177467238,0.0513122425409792,0.0446786631478047,0.005450593743606,0.9597384052622242,0.0238997962963388,0.0234375,0.0316162109375,0.01495361328125,0.0140380859375,0.00933837890625,0.00811767578125,0.0084228515625,0.0096435546875,0.01019287109375,0.01312255859375,0.02471923828125,0.0400390625,0.05377197265625,0.0509033203125,0.0269775390625,0.017578125,0.0086669921875,0.0072021484375,0.004638671875,0.0062255859375,0.005615234375,0.00531005859375,0.00994873046875,0.018798828125,0.01971435546875,0.5570068359375,92.0531434525877,23.598992014990145,130.90013893713095,1.6167959541927277,133.77700590482806,2.389396934651764,/sessions/cool-youthful-allen/mnt/Research/color-histogram-analysis/dataset/segmented/op/002_particle0020.png,op,train
0.7542857142857143,0.7004730243789488,0.4583549783549783,0.2672785069368718,26.47,35.27766926884651,8.75,6.6,0.6169800196409869,2.239630690092065,2.447293022893805,2.8972334613482897,5.746957428367865,4.050060955507012,-5.696043567983573,479.7218094909696,270.7438319543937,0.2885650566735901,0.053702435777929,0.0476806056808571,0.006795282602504,0.9464495103899582,0.0301969812439338,0.0211181640625,0.02642822265625,0.01348876953125,0.013427734375,0.00860595703125,0.0115966796875,0.01397705078125,0.0145263671875,0.0177001953125,0.02545166015625,0.03411865234375,0.045166015625,0.0533447265625,0.047607421875,0.03399658203125,0.0252685546875,0.01470947265625,0.009765625,0.00482177734375,0.00274658203125,0.00341796875,0.0057373046875,0.0093994140625,0.02093505859375,0.01898193359375,0.503662109375,109.38983548766156,27.973168318969037,130.1060517038778,1.8320905057607024,133.2087250293772,3.9795747927054506,/sessions/cool-youthful-allen/mnt/Research/color-histogram-analysis/dataset/segmented/op/005_particle0012.png,op,train
3.031847133757962,0.6125929871958296,0.4308529144141733,0.2305254130096188,80.49625,66.24198713898659,23.8,7.85,0.288521195018204,0.6714610355113223,1.5040943871999002,1.6678623536842374,3.25402115713471,2.0083644307222506,4.794150097061833,574.1230333210274,298.6780856900445,0.3576013715582364,0.0441969272042245,0.097869521853563,0.0097246577875913,0.9244657987560736,0.0392267617264366,0.02996826171875,0.02911376953125,0.01434326171875,0.01019287109375,0.0079345703125,0.00946044921875,0.0089111328125,0.01171875,0.01165771484375,0.01422119140625,0.01953125,0.02178955078125,0.03106689453125,0.030517578125,0.0177001953125,0.0142822265625,0.0098876953125,0.01348876953125,0.00555419921875,0.00726318359375,0.00439453125,0.0091552734375,0.01275634765625,0.03240966796875,0.03857421875,0.5841064453125,129.35374852420307,27.16930353221341,130.03719008264463,1.1529073727535877,126.84327036599764,2.6590368828091755,/sessions/cool-youthful-allen/mnt/Research/color-histogram-analysis/dataset/segmented/opa/5_particle0017.png,opa,train
0.2818791946308724,0.626100415981426,0.5170981144135507,0.2773101852361242,8.09,19.14680359363556,7.45,2.1,0.2228393151366048,0.5272194588517066,1.707670546118275,1.680599310027973,3.3749224252102428,1.9638147466405995,-4.905910547252906,405.5341327275069,268.2356962858239,0.2699789173761009,0.1144612798050195,0.0389037635095974,0.0099059590703385,0.952533598292242,0.0314548338629883,0.0404052734375,0.0418701171875,0.0157470703125,0.00860595703125,0.00750732421875,0.008544921875,0.00531005859375,0.006103515625,0.005859375,0.00921630859375,0.01275634765625,0.02191162109375,0.0377197265625,0.0301513671875,0.01885986328125,0.01202392578125,0.00799560546875,0.00848388671875,0.00604248046875,0.00738525390625,0.0064697265625,0.00927734375,0.0140380859375,0.0284423828125,0.0250244140625,0.604248046875,102.51006900436558,22.4734819402268,131.22827770736515,1.7492011106818532,130.1336431488523,2.0334539310486264,/sessions/cool-youthful-allen/mnt/Research/color-histogram-analysis/dataset/segmented/bop1/001_particle0006.png,bop1,train
0.5,0.8244978315453093,0.518834386670497,0.3634195254317774,36.12125,35.341273015737535,11.8,5.9,0.5870836361714805,1.4703576127796558,2.587257024784294,3.667943825336577,-6.877291636090296,-4.483690627532322,-7.047277397730419,480.6555136457755,255.470915299346,0.2691349959684702,0.0528593369599915,0.0466495252705754,0.0069253447634844,0.9493663555989932,0.0269167864543604,0.03192138671875,0.034423828125,0.0191650390625,0.01318359375,0.0084228515625,0.00958251953125,0.0069580078125,0.0098876953125,0.01025390625,0.0130615234375,0.01593017578125,0.017578125,0.020751953125,0.0223388671875,0.01470947265625,0.0125732421875,0.00872802734375,0.007080078125,0.0057373046875,0.005126953125,0.00341796875,0.00653076171875,0.01220703125,0.02471923828125,0.02813720703125,0.6375732421875,105.3263694267516,22.62048516807984,130.67019108280255,1.14941828064005,128.81133757961783,2.5140519975826985,/sessions/cool-youthful-allen/mnt/Research/color-histogram-analysis/dataset/segmented/opa/4_particle0006.png,opa,train
0.973404255319149,0.8116524005776885,0.3348738518776886,0.3561778687451544,28.8025,31.87766917347908,9.4,9.15,0.4257657251430675,0.966836427929244,2.3073392445867342,2.5407535492428885,4.969508968638213,3.0776501593996954,-5.799061978399997,309.53491320016144,204.99603739332215,0.3767069492358847,0.0540361625316261,0.0730436732387098,0.0072792434713775,0.964427004314964,0.0234812070036756,0.01654052734375,0.02313232421875,0.00982666015625,0.00860595703125,0.008056640625,0.00634765625,0.0064697265625,0.00634765625,0.01031494140625,0.01812744140625,0.03509521484375,0.05377197265625,0.07135009765625,0.06768798828125,0.03851318359375,0.0223388671875,0.01104736328125,0.00848388671875,0.0048828125,0.00347900390625,0.00390625,0.00665283203125,0.0091552734375,0.015869140625,0.01947021484375,0.5145263671875,103.28953533775868,21.579975836535308,132.9263959390863,2.389341296084599,134.99258102303787,3.401991919404651,/sessions/cool-youthful-allen/mnt/Research/color-histogram-analysis/dataset/segmented/op/003_particle0010.png,op,train
1.25,1.0,0.9864095500459136,0.77556996920107,53.71,29.5,8.25,6.6,0.7672814686068721,2.8459208677900736,29.996818596040427,29.997504495173096,30.0,29.99993157206839,30.0,448.16331310309,265.96898809045354,0.2501429969887132,0.0550881866691212,0.0550291324582299,0.0079087728677931,0.9392166739164798,0.0361671502334969,0.0281982421875,0.041259765625,0.01434326171875,0.00653076171875,0.0089111328125,0.00762939453125,0.00616455078125,0.00927734375,0.00909423828125,0.014892578125,0.02130126953125,0.03546142578125,0.049560546875,0.0445556640625,0.03021240234375,0.02093505859375,0.0147705078125,0.00946044921875,0.00445556640625,0.00421142578125,0.00390625,0.006103515625,0.0096435546875,0.0216064453125,0.02178955078125,0.55572509765625,234.5238272987433,16.346010906288406,128.92970013686698,1.1966774425453202,129.28990917008835,1.4636957776677992,/sessions/cool-youthful-allen/mnt/Research/color-histogram-analysis/dataset/segmented/op/008_particle0021.png,op,train
0.6935483870967742,0.7085548792904496,0.2349287321830457,0.2569295379337181,39.145,43.75584374666214,15.5,10.75,0.3113523417739166,0.6949264725105674,2.313410292955338,3.2870056568883186,-6.093272845709922,-3.641155966451109,-6.867405209828394,251.42008367055044,159.7947046839615,0.5770445366973163,0.045192548950935,0.3081560492340418,0.0159161939590664,0.9425369489808384,0.0363429625816945,0.00958251953125,0.011474609375,0.00531005859375,0.0068359375,0.0074462890625,0.00665283203125,0.00457763671875,0.0074462890625,0.0078125,0.0159912109375,0.02587890625,0.0501708984375,0.06707763671875,0.0657958984375,0.02777099609375,0.02532958984375,0.01446533203125,0.02349853515625,0.00860595703125,0.0118408203125,0.0048828125,0.01080322265625,0.01361083984375,0.0430908203125,0.0782470703125,0.44580078125,150.43308746048473,25.00974522503203,130.43071654373026,1.065155866909467,130.05400421496313,2.33529799760133,/sessions/cool-youthful-allen/mnt/Research/color-histogram-analysis/dataset/segmented/op/001_particle0042.png,op,train
0.928406466512702,0.6621531476816774,0.1910367331931566,0.1869902400603099,83.1325,74.74478257894516,21.65,20.1,0.200690863722435,0.4476962875603478,3.1443305436394904,3.460136833037927,6.7816455043850565,3.759194715830058,-7.297816884452609,390.8005141468651,231.37485015486357,0.5963278275175207,0.0525829011938233,0.238583847252092,0.0175814274438068,0.9182553135929478,0.0481256692304283,0.00604248046875,0.00592041015625,0.0035400390625,0.0059814453125,0.00787353515625,0.008544921875,0.0081787109375,0.01214599609375,0.01214599609375,0.022705078125,0.02545166015625,0.05364990234375,0.07098388671875,0.07879638671875,0.04052734375,0.037109375,0.02288818359375,0.029296875,0.01641845703125,0.01751708984375,0.0087890625,0.0140380859375,0.0113525390625,0.02978515625,0.0751953125,0.3751220703125,139.34529702970298,27.7135980609886,129.28805693069307,0.7961889028591921,129.28279702970298,2.5841962763007422,/sessions/cool-youthful-allen/mnt/Research/color-histogram-analysis/dataset/segmented/opa/8_particle0018.png,opa,train
0.6185819070904646,0.6842777068649759,0.2383138281937049,0.207803942233821,61.65,61.05828213691712,20.45,12.65,0.1997571841007959,0.4421695326997949,2.1682694496097845,2.464823341159995,4.792624969828832,2.76789152171172,5.429672953410359,321.75255764025025,189.6781569179345,0.4974053045195428,0.0609842653257975,0.1766002639744588,0.0176488278898804,0.9463384156873452,0.0314593491489609,0.0142822265625,0.01580810546875,0.00732421875,0.00994873046875,0.0064697265625,0.0064697265625,0.00701904296875,0.0078125,0.007568359375,0.01446533203125,0.0303955078125,0.06390380859375,0.0775146484375,0.07293701171875,0.03369140625,0.023681640625,0.01239013671875,0.01507568359375,0.00701904296875,0.00927734375,0.0068359375,0.00994873046875,0.010498046875,0.02252197265625,0.03533935546875,0.4718017578125,126.45525291828794,28.38695938855959,130.33385214007782,1.268119751115749,134.9206225680934,3.153394008973997,/sessions/cool-youthful-allen/mnt/Research/color-histogram-analysis/dataset/segmented/opa/6_particle0016.png,opa,train
1.5617283950617284,0.3090684931506849,0.1376201629824818,0.1301923710994914,14.10125,36.89274498224258,12.65,8.1,-0.0401189528462082,0.0950737599869831,0.178137830018019,0.640840834587818,1.1461658852637264,1.3381525009321589,-1.27410199618321,345.2601489905417,211.94439247388587,0.442459433969923,0.0535802741158912,0.1308031861500802,0.0101606810399446,0.9286469464625856,0.0435400748465229,0.02880859375,0.03326416015625,0.01171875,0.007080078125,0.0042724609375,0.003662109375,0.003173828125,0.00457763671875,0.0050048828125,0.00921630859375,0.01812744140625,0.05548095703125,0.07232666015625,0.05645751953125,0.025146484375,0.01220703125,0.00543212890625,0.00555419921875,0.00213623046875,0.0028076171875,0.00140380859375,0.00390625,0.009521484375,0.02880859375,0.0284423828125,0.56146240234375,106.11271297509828,28.468517634564165,131.71952817824376,1.997807567470288,132.89820882481433,1.9874313082399508,/sessions/cool-youthful-allen/mnt/Research/color-histogram-analysis/dataset/segmented/bop1/004_particle0011.png,bop1,train
0.4766839378238341,0.6338003940825071,0.2853190470826763,0.2147454162190741,50.66125,54.44787458181381,19.3,9.2,0.2090970173612051,0.4773979048754652,1.827624251589612,2.50071605848199,4.953723879624604,3.4967597830918624,-4.731576715538673,355.9925224379092,193.35558557259932,0.3978448252071247,0.0623913542354239,0.1006022124427946,0.0120340489093479,0.9426020021406876,0.0310224481696889,0.0184326171875,0.02099609375,0.01458740234375,0.01226806640625,0.00848388671875,0.0067138671875,0.00518798828125,0.00811767578125,0.00726318359375,0.0172119140625,0.03228759765625,0.0740966796875,0.095947265625,0.0712890625,0.02740478515625,0.0147705078125,0.006103515625,0.0045166015625,0.003662109375,0.0025634765625,0.00189208984375,0.004638671875,0.008056640625,0.02154541015625,0.0211181640625,0.4908447265625,121.94964819700968,28.503627619571148,130.7552770448549,0.8748191609739113,134.66798592788038,3.099729708160732,/sessions/cool-youthful-allen/mnt/Research/color-histogram-analysis/dataset/segmented/opa/7_particle0005.png,opa,train
2.117647058823529,0.4202399007307321,0.207516339869281,0.1530867332590999,11.43,30.630865573883057,10.8,5.1,0.0591729790814614,0.185432286160428,2.1303062265107666,1.906970839084319,3.928651402984189,2.03653246468138,-4.853923944560145,449.6605485383545,269.4604441475093,0.4149787208564952,0.0702227394749174,0.1192948475056637,0.0162520276039435,0.9294894159361478,0.0420125406791737,0.02276611328125,0.02618408203125,0.01348876953125,0.00897216796875,0.007568359375,0.0069580078125,0.006103515625,0.01055908203125,0.012939453125,0.01934814453125,0.0283203125,0.04254150390625,0.06640625,0.04937744140625,0.02899169921875,0.01934814453125,0.01055908203125,0.0111083984375,0.004150390625,0.0052490234375,0.00372314453125,0.008056640625,0.01123046875,0.01812744140625,0.02362060546875,0.5343017578125,108.30173482032218,23.324060670478524,128.91047087980172,1.2419662634652031,130.29615861214376,1.875201134754336,/sessions/cool-youthful-allen/mnt/Research/color-histogram-analysis/dataset/segmented/bop1/006_particle0020.png,bop1,train
0.7455197132616488,0.6671256508871057,0.3631703198235456,0.3456519681547748,52.68875,43.7667564868927,13.95,10.4,0.4524955539523677,1.156506706510888,1.861388488285144,2.511439384583821,5.019864386867883,3.923476559462214,-4.753756528328226,346.08585091039185,190.01395530555456,0.398592841673476,0.0535805981395735,0.1019586659475541,0.0109660824718442,0.9451010656436024,0.030038913386312,0.0186767578125,0.02593994140625,0.01531982421875,0.0106201171875,0.008544921875,0.00927734375,0.00830078125,0.00897216796875,0.00994873046875,0.015380859375,0.02545166015625,0.043212890625,0.05743408203125,0.04852294921875,0.0260009765625,0.01934814453125,0.00970458984375,0.0093994140625,0.0045166015625,0.0054931640625,0.0040283203125,0.0059814453125,0.01318359375,0.02862548828125,0.0330810546875,0.5350341796875,135.95147826086958,24.63580802298109,132.30765217391306,1.09232606251206,127.89652173913043,1.93149774886621,/sessions/cool-youthful-allen/mnt/Research/color-histogram-analysis/dataset/segmented/opa/3_particle0013.png,opa,train
0.9552238805970148,0.7025189827648548,0.3775912106135987,0.3258060892841205,36.43,37.48477593064308,10.05,9.6,0.5099762366191406,1.346091139650725,1.9125279396460868,2.9516646386600978,-6.695473272458584,-3.980580595249856,5.3842783522648,463.40944061003006,267.3146679833214,0.3846472912024874,0.0550803117307785,0.0906600055213939,0.0103627444622702,0.9384867142045556,0.0353720326613561,0.0159912109375,0.0224609375,0.01202392578125,0.01300048828125,0.00628662109375,0.00628662109375,0.00567626953125,0.0078125,0.010498046875,0.01873779296875,0.030517578125,0.05145263671875,0.07220458984375,0.06109619140625,0.0318603515625,0.018798828125,0.01092529296875,0.00732421875,0.003173828125,0.00439453125,0.0030517578125,0.004638671875,0.00994873046875,0.02471923828125,0.0242919921875,0.5228271484375,126.03928208601424,27.061139361731176,130.6996274974602,2.658301349565609,135.93108703013883,4.440084483848924,/sessions/cool-youthful-allen/mnt/Research/color-histogram-analysis/dataset/segmented/op/003_particle0011.png,op,train
0.7894736842105263,0.6001950547874476,0.3745793054063731,0.300213979359995,13.0775,23.396551007032397,6.65,5.25,0.4843524052800627,1.375554591649933,2.1580099595075946,2.959259266609356,-5.597965572125875,-3.9070140724375326,-5.773338523201836,278.13325254177965,175.6735999130995,0.3872255081435843,0.0613906851736738,0.0696463235285153,0.0095244402737165,0.9573313927086512,0.026907193399377,0.01715087890625,0.028076171875,0.01629638671875,0.010986328125,0.00970458984375,0.0096435546875,0.01019287109375,0.015869140625,0.01641845703125,0.0208740234375,0.0291748046875,0.04522705078125,0.0567626953125,0.05450439453125,0.03558349609375,0.02349853515625,0.01544189453125,0.0087890625,0.0045166015625,0.00689697265625,0.0078125,0.010498046875,0.0130615234375,0.01617431640625,0.0184326171875,0.4984130859375,126.80758276966893,19.482714984227467,130.99804200783197,1.5760635235758786,133.32111071555713,2.0508278017247883,/sessions/cool-youthful-allen/mnt/Research/color-histogram-analysis/dataset/segmented/op/004_particle0007.png,op,train
1.3846153846153846,0.7924664574015945,0.3377133792646258,0.325146413157734,71.32,52.50142793655395,17.1,12.35,0.3973843628288033,0.8950906660544728,2.1642811707919174,2.3828938606465684,4.656969750678731,2.8376354813230797,-5.9807262689566505,473.4970822879365,255.93560560638952,0.4514681496438864,0.0496901214888896,0.1493325941210553,0.0117186399067868,0.9307315073662644,0.0372690910039166,0.0189208984375,0.01983642578125,0.01080322265625,0.0118408203125,0.01031494140625,0.008056640625,0.00518798828125,0.00677490234375,0.009033203125,0.0133056640625,0.0186767578125,0.03851318359375,0.06646728515625,0.0628662109375,0.02618408203125,0.02081298828125,0.01287841796875,0.0164794921875,0.00579833984375,0.01025390625,0.0040283203125,0.01068115234375,0.01348876953125,0.02874755859375,0.0458984375,0.504150390625,131.18577810871184,26.415421559652323,131.4005956813105,1.1478490108854609,127.0282948622487,2.206219597144049,/sessions/cool-youthful-allen/mnt/Research/color-histogram-analysis/dataset/segmented/opa/3_particle0016.png,opa,train
3.292929292929293,0.355652559928973,0.2234151329243353,0.133554960390344,18.02625,41.18391373157501,16.3,4.95,-0.1485829585834686,-0.2109863134264194,0.2845957315391997,1.0875341345757206,3.307186291937158,-1.8528201322768232,1.7737851760274737,409.30447236980825,256.91783401267963,0.4822677812681695,0.0614883175133209,0.1561758336531881,0.0167934998080404,0.9224316106505932,0.0484960522628768,0.01031494140625,0.01971435546875,0.013427734375,0.0089111328125,0.009033203125,0.00885009765625,0.00738525390625,0.00848388671875,0.00799560546875,0.01422119140625,0.023681640625,0.05322265625,0.08184814453125,0.0670166015625,0.03564453125,0.02130126953125,0.01007080078125,0.00970458984375,0.004638671875,0.00506591796875,0.00286865234375,0.0050048828125,0.00762939453125,0.02197265625,0.03045654296875,0.51153564453125,130.9596886294134,22.11917800963385,130.4589936057826,1.396329589975134,133.9530164025577,1.8449082204707612,/sessions/cool-youthful-allen/mnt/Research/color-histogram-analysis/dataset/segmented/bop1/002_particle0012.png,bop1,train
0.4204545454545454,0.4340854123181923,0.2235530985530985,0.1653427776768802,16.3775,35.280612921714784,13.2,5.55,-0.0300829433661648,0.0107897226415617,1.161885273944166,1.5920175913412322,2.99350705300314,2.0330546661509428,-3.45457983567778,359.828840138566,206.41735984930224,0.5032459870203352,0.058126561085475,0.1630275098811423,0.0156985276258919,0.9343955833330486,0.0374650797134593,0.01348876953125,0.0167236328125,0.009765625,0.0074462890625,0.006103515625,0.00848388671875,0.0087890625,0.01025390625,0.01605224609375,0.0228271484375,0.02716064453125,0.057373046875,0.08087158203125,0.083740234375,0.0419921875,0.03363037109375,0.016357421875,0.020751953125,0.00775146484375,0.011474609375,0.00628662109375,0.01177978515625,0.01025390625,0.0157470703125,0.0478515625,0.40704345703125,128.27259846982147,22.724449655569064,129.1799376593936,1.3011688607407013,133.5174270331539,1.8739824470376816,/sessions/cool-youthful-allen/mnt/Research/color-histogram-analysis/dataset/segmented/bop1/005_particle0033.png,bop1,train
2.053691275167785,0.6565217391304348,0.4073562310830372,0.3406146673748083,46.4325,41.38893895745277,15.3,7.45,0.3489852171761297,0.8678134457987771,1.6601918087920753,2.4173861799911154,5.189170054867197,-3.703735428146696,-4.463731292921786,350.82976057293297,201.22948228589644,0.3158402468525206,0.0594140686180073,0.0488503305784162,0.0076087400787985,0.9384176586318356,0.0352573397473169,0.0208740234375,0.0322265625,0.015625,0.0084228515625,0.00762939453125,0.0091552734375,0.010009765625,0.00994873046875,0.01361083984375,0.0205078125,0.0311279296875,0.04583740234375,0.056884765625,0.05499267578125,0.034423828125,0.02105712890625,0.011474609375,0.00897216796875,0.004150390625,0.00445556640625,0.00360107421875,0.00469970703125,0.0096435546875,0.02032470703125,0.0184326171875,0.52191162109375,137.31845616264297,27.0801216479524,129.4309085133418,0.8354009380742884,133.5335133418043,3.3028742797393216,/sessions/cool-youthful-allen/mnt/Research/color-histogram-analysis/dataset/segmented/op/010_particle0007.png,op,train
0.8888888888888888,0.5984867591424968,0.1525848765432098,0.1911717710010874,8.89875,24.185638278722763,8.1,7.2,0.0431534781323332,0.1197838246725247,1.187356975968349,1.348679941392525,2.6181292732006187,1.440999825599457,3.707990037826485,225.6109189070788,170.89421375906932,0.4237024918117851,0.0674228590592126,0.0881007760413527,0.0094163664458157,0.9472781925503532,0.039753886261719,0.0194091796875,0.02044677734375,0.0113525390625,0.0079345703125,0.0048828125,0.00653076171875,0.00726318359375,0.00872802734375,0.0111083984375,0.022216796875,0.03564453125,0.06719970703125,0.09356689453125,0.07025146484375,0.032470703125,0.01739501953125,0.01171875,0.00762939453125,0.00457763671875,0.00457763671875,0.00341796875,0.0050048828125,0.0076904296875,0.01507568359375,0.01934814453125,0.48455810546875,116.46680412371134,24.938998382089014,131.099793814433,1.9886118970465656,131.0903092783505,1.911573246172096,/sessions/cool-youthful-allen/mnt/Research/color-histogram-analysis/dataset/segmented/bop1/001_particle0046.png,bop1,train
0.5456790123456791,0.8490939093463362,0.3190659739679347,0.3209147747362308,71.395,52.87422013878823,20.25,11.05,0.2979754139745918,0.6491535175437189,2.613544791087401,2.7661381807262377,5.456504495685333,3.106885073635868,-6.764610252272117,335.9513895786586,220.6434386519066,0.386437412301403,0.0632997417623126,0.0794955871964784,0.0096459361895198,0.9596895186109312,0.0263785865958928,0.01593017578125,0.01885986328125,0.01556396484375,0.0169677734375,0.012939453125,0.0078125,0.00604248046875,0.00634765625,0.009521484375,0.01336669921875,0.02783203125,0.056884765625,0.08953857421875,0.0697021484375,0.03240966796875,0.0196533203125,0.00982666015625,0.00897216796875,0.0052490234375,0.00390625,0.00274658203125,0.0045166015625,0.0081787109375,0.01898193359375,0.01739501953125,0.5008544921875,107.14965986394556,26.949941198759607,132.07082833133254,1.1726616768296725,127.73689475790316,2.301895482087037,/sessions/cool-youthful-allen/mnt/Research/color-histogram-analysis/dataset/segmented/opa/3_particle0014.png,opa,train
3.642276422764228,0.6394560376319872,0.4637866579558652,0.2381684255219701,63.89125,58.06086900234222,22.4,6.15,0.3380676292395683,0.7726439981871381,1.7549302638386073,2.015312389931234,3.9092336224325233,2.550778288069921,-4.600956961546758,407.31617558913393,236.2254196520836,0.2828958181205129,0.0615160251346176,0.0545247784085593,0.0084796378237801,0.9481223122083776,0.0300847074149251,0.03106689453125,0.0439453125,0.01470947265625,0.01055908203125,0.0091552734375,0.00897216796875,0.00543212890625,0.00738525390625,0.0074462890625,0.009765625,0.0157470703125,0.0279541015625,0.037109375,0.03662109375,0.020751953125,0.0146484375,0.00750732421875,0.00665283203125,0.00506591796875,0.007568359375,0.005126953125,0.00738525390625,0.01190185546875,0.02459716796875,0.02642822265625,0.59649658203125,114.19645619462804,20.53114344877841,131.04401631275488,1.2546200876568536,130.86260722823795,2.241462725240223,/sessions/cool-youthful-allen/mnt/Research/color-histogram-analysis/dataset/segmented/opa/7_particle0001.png,opa,train
0.6232876712328768,0.432301153612629,0.2441333400237509,0.1847506237916298,72.98,70.4553383409977,21.9,13.65,0.1943254425005787,0.6361057302510345,0.9393204754566996,1.4493548900445448,2.784256334571065,2.61457647447898,2.804636837793536,554.9809962322569,272.9926690152926,0.4357698304264706,0.0568788531340685,0.1140211901789919,0.0110380088057518,0.9184028636534136,0.0398780773228669,0.01531982421875,0.0242919921875,0.0093994140625,0.010498046875,0.008056640625,0.00885009765625,0.007080078125,0.00933837890625,0.01495361328125,0.02313232421875,0.0340576171875,0.06439208984375,0.0687255859375,0.06427001953125,0.0264892578125,0.01727294921875,0.00799560546875,0.00811767578125,0.00286865234375,0.00537109375,0.0020751953125,0.00286865234375,0.006103515625,0.0205078125,0.022705078125,0.5152587890625,115.2977598791845,30.50669817090079,130.2904606091115,1.1661394912852376,134.71683866096149,3.141452652128148,/sessions/cool-youthful-allen/mnt/Research/color-histogram-analysis/dataset/segmented/opa/6_particle0007.png,opa,train
2.367816091954023,1.0,0.9837071755384444,0.6540579171571905,44.075,29.1,10.3,4.35,0.6315220295413467,1.5719872159370176,29.999942025909444,29.999942025909444,30.0,-29.99999051003569,0.0,351.9003005416053,202.81284471804815,0.2079235107317521,0.055933869993757,0.024434608285831,0.0042667017930884,0.9562915670650828,0.0253218556598761,0.0302734375,0.039306640625,0.01904296875,0.011962890625,0.01025390625,0.010498046875,0.010009765625,0.009521484375,0.0106201171875,0.01446533203125,0.0228271484375,0.03399658203125,0.04364013671875,0.0382080078125,0.02239990234375,0.01483154296875,0.01055908203125,0.01007080078125,0.0074462890625,0.008056640625,0.006103515625,0.0069580078125,0.01397705078125,0.02325439453125,0.02264404296875,0.549072265625,222.51682080150115,15.485976201657314,129.67953357458785,0.8811390059693839,133.2064066479024,1.3591259679023475,/sessions/cool-youthful-allen/mnt/Research/color-histogram-analysis/dataset/segmented/op/004_particle0009.png,op,train
1.002824858757062,0.7586150041220115,0.2379764462481101,0.2613179751581017,74.76625,59.961582905054094,17.75,17.7,0.2435053692917375,0.537523580824261,1.6248721081367004,1.7435529982248748,3.428140086828094,2.0237802808054206,-4.809583500897983,328.7028708522653,218.26963535172047,0.4838420556388414,0.0717980903793597,0.1134343217105908,0.011500463662489,0.9457999148307216,0.0358218012151688,0.01007080078125,0.01373291015625,0.00738525390625,0.01031494140625,0.00909423828125,0.009521484375,0.00909423828125,0.01275634765625,0.01055908203125,0.01885986328125,0.03753662109375,0.07635498046875,0.11126708984375,0.083740234375,0.03875732421875,0.02288818359375,0.010986328125,0.01202392578125,0.00439453125,0.0068359375,0.00372314453125,0.00677490234375,0.0079345703125,0.0206298828125,0.03216552734375,0.41259765625,120.28652849740932,21.6863719980018,129.87772020725387,1.0814359023239382,130.36865284974093,1.5376456496005189,/sessions/cool-youthful-allen/mnt/Research/color-histogram-analysis/dataset/segmented/opa/10_particle0015.png,opa,train
0.8875,0.5592095473349007,0.137837441314554,0.1634453680209554,70.4625,73.60336116552352,24.0,21.3,-0.0215337316928946,-0.0182015826714281,1.776552654943223,1.8236994095886243,3.6238794704668975,1.8155733462972397,5.425917706705917,501.15960253457257,287.76877038007325,0.3773627772529094,0.0619923173711215,0.0731233411967261,0.0075601334200892,0.9042662746161548,0.0551286555759382,0.0126953125,0.0186767578125,0.0103759765625,0.00909423828125,0.0087890625,0.00885009765625,0.00860595703125,0.00921630859375,0.01153564453125,0.0177001953125,0.0377197265625,0.08349609375,0.1275634765625,0.09283447265625,0.049072265625,0.02703857421875,0.01092529296875,0.0079345703125,0.0032958984375,0.00164794921875,0.001220703125,0.00103759765625,0.00189208984375,0.013916015625,0.0125732421875,0.41229248046875,122.0310324825986,30.34681435329541,130.77262180974478,1.1881734869800733,134.3590487238979,2.7084499595231275,/sessions/cool-youthful-allen/mnt/Research/color-histogram-analysis/dataset/segmented/opa/2_particle0012.png,opa,train
2.2857142857142856,0.5002195486080618,0.129737609329446,0.123548588008021,7.12,26.91076449751854,11.2,4.9,-0.1840181223378609,-0.3477335849450264,0.6239659233414985,1.363382061417215,2.88620095912634,-2.2062821830667536,-2.3769253414624414,231.5675106642409,182.21265784834824,0.6084533351349,0.0556074420813509,0.2666325297636064,0.0266416720632589,0.9369019697279688,0.0494006636535354,0.0118408203125,0.01544189453125,0.00665283203125,0.00750732421875,0.00408935546875,0.00396728515625,0.00390625,0.00390625,0.0059814453125,0.01104736328125,0.02056884765625,0.04425048828125,0.072265625,0.05914306640625,0.02691650390625,0.02471923828125,0.01165771484375,0.01593017578125,0.00494384765625,0.00921630859375,0.00360107421875,0.01348876953125,0.01708984375,0.03570556640625,0.07318115234375,0.49298095703125,132.19124643196955,26.833534826972507,130.3349191246432,1.471618094967693,130.77925784966698,1.5022304448206638,/sessions/cool-youthful-allen/mnt/Research/color-histogram-analysis/dataset/segmented/bop1/003_particle0025.png,bop1,train
0.7828571428571428,0.633030303030303,0.2178310740354536,0.2340132956321554,13.05625,26.47853142619133,8.75,6.85,0.2804481518436322,0.6408315846821556,1.219463943363562,1.321595610462753,2.592315770604639,1.6497310756261725,-4.120783385958886,365.14120119933,244.3913236065817,0.5055498812875612,0.0638633142204665,0.1607308466950157,0.0160067227157503,0.945053326926648,0.0366021002125649,0.01873779296875,0.01861572265625,0.00506591796875,0.00396728515625,0.00262451171875,0.00537109375,0.0067138671875,0.0113525390625,0.0108642578125,0.01849365234375,0.0308837890625,0.0550537109375,0.07257080078125,0.0615234375,0.03570556640625,0.025146484375,0.01318359375,0.01190185546875,0.00469970703125,0.006103515625,0.004150390625,0.00836181640625,0.0087890625,0.02423095703125,0.03302001953125,0.50286865234375,111.41399762752076,20.51462790980072,129.86358244365363,1.4550651830267474,130.3973902728351,2.27273651522035,/sessions/cool-youthful-allen/mnt/Research/color-histogram-analysis/dataset/segmented/bop1/002_particle0030.png,bop1,train
1.2727272727272727,0.5170378320364905,0.1596044261860588,0.1743675229906246,12.04375,29.46137410998345,9.8,7.7,0.0299197423570472,0.1166392751344733,0.7397266711715014,1.064787652130527,1.977153788116068,1.182074542858833,2.638103303466889,300.49756258336043,211.5743433919103,0.5599258835649036,0.0600013281686727,0.2072667207990565,0.0229946369266307,0.9379299273210252,0.0434712664256212,0.02142333984375,0.02081298828125,0.0103759765625,0.0081787109375,0.00689697265625,0.0076904296875,0.0050048828125,0.005859375,0.00775146484375,0.01287841796875,0.02252197265625,0.05670166015625,0.08441162109375,0.066162109375,0.02496337890625,0.021240234375,0.01300048828125,0.017578125,0.00634765625,0.00762939453125,0.00579833984375,0.01202392578125,0.01373291015625,0.0384521484375,0.05462646484375,0.44793701171875,119.9104190695886,29.13488053848872,128.38869665513263,1.136244933831685,132.34140715109572,2.129851401717391,/sessions/cool-youthful-allen/mnt/Research/color-histogram-analysis/dataset/segmented/bop1/007_particle0029.png,bop1,train
0.4894514767932489,0.372859775506785,0.202386148697803,0.1639799631905334,13.91,32.649242132902145,11.85,5.8,0.005998651724159,0.1506553908886307,0.4749876087993444,1.1261610331726952,2.255562707656068,-2.3320708322950705,-1.9806771403934924,294.4466494441451,180.2342524612736,0.3934741717024433,0.0701597135374855,0.0886360265678099,0.0137087388619611,0.9500972428252288,0.0304000080832932,0.02117919921875,0.02447509765625,0.01385498046875,0.0103759765625,0.00579833984375,0.005126953125,0.0050048828125,0.00701904296875,0.0093994140625,0.02069091796875,0.0343017578125,0.06842041015625,0.0865478515625,0.06829833984375,0.0235595703125,0.0120849609375,0.00823974609375,0.00531005859375,0.00311279296875,0.0037841796875,0.00439453125,0.00457763671875,0.008544921875,0.02099609375,0.02227783203125,0.50262451171875,104.99811794228356,29.17719407214056,128.5426599749059,1.279507218139572,132.02917189460476,1.8641340956426835,/sessions/cool-youthful-allen/mnt/Research/color-histogram-analysis/dataset/segmented/bop1/007_particle0040.png,bop1,train
2.305263157894737,0.7978397119615949,0.4313626532083633,0.3245421577872423,22.43625,29.474368411302567,10.95,4.75,0.4444662229795375,1.0125370630111892,2.652942326032154,3.4395129579932995,7.083913786375713,-5.155812460005158,6.500016572610517,332.64157399327826,200.88485302302004,0.2726774503277773,0.0613119944446821,0.0403731843350471,0.0066653364645547,0.9604276252953784,0.0238751431330655,0.02655029296875,0.0311279296875,0.01385498046875,0.0098876953125,0.00738525390625,0.00787353515625,0.0072021484375,0.010009765625,0.011962890625,0.01483154296875,0.0223388671875,0.035400390625,0.04595947265625,0.03765869140625,0.021484375,0.01361083984375,0.0069580078125,0.00701904296875,0.00457763671875,0.0072021484375,0.006103515625,0.00567626953125,0.0081787109375,0.017822265625,0.0203857421875,0.59893798828125,104.2709244222361,22.20353631050642,131.882729544035,1.2209734067109816,130.06948782011244,1.980703204487649,/sessions/cool-youthful-allen/mnt/Research/color-histogram-analysis/dataset/segmented/op/010_particle0013.png,op,train
1.6140350877192982,0.7475099254718952,0.511632341723875,0.4014351574000955,26.83,28.98061289191246,9.2,5.7,0.5733899439317584,1.4690501175195934,5.656649892682554,4.435808644130699,9.48759163535378,5.253531875595336,-10.280893913149384,643.4278341592552,373.2895426170583,0.2490289533110734,0.0489463418451204,0.04380458294316,0.0060654490589222,0.9305395638017542,0.0403647435930742,0.0325927734375,0.03717041015625,0.01824951171875,0.01202392578125,0.00823974609375,0.0079345703125,0.0079345703125,0.0093994140625,0.0103759765625,0.0128173828125,0.0145263671875,0.0201416015625,0.02703857421875,0.023193359375,0.01312255859375,0.0087890625,0.00640869140625,0.00543212890625,0.004150390625,0.00531005859375,0.00634765625,0.00714111328125,0.01129150390625,0.02764892578125,0.02728271484375,0.63543701171875,108.60143509458578,30.38688859677508,129.0802348336595,1.4490096299442443,132.03705153294194,3.4494103103560194,/sessions/cool-youthful-allen/mnt/Research/color-histogram-analysis/dataset/segmented/op/007_particle0017.png,op,train
3.8205128205128207,0.7711487088156723,0.4470831182240578,0.2864089573274748,6.495,16.881118232011794,7.45,1.95,0.2037045406178979,0.4532515209741206,1.88244374807184,2.2972898130561954,4.422490912138326,2.780804771881001,-4.798863036231077,186.6027346472776,115.78015406057736,0.4256220689087395,0.1005020743817715,0.0996177815307753,0.0135413267114694,0.9733414978572212,0.0164963982515456,0.013916015625,0.0198974609375,0.01422119140625,0.0155029296875,0.01177978515625,0.0091552734375,0.00750732421875,0.00823974609375,0.01214599609375,0.01898193359375,0.03387451171875,0.051513671875,0.0654296875,0.0594482421875,0.03863525390625,0.0250244140625,0.01556396484375,0.01446533203125,0.00787353515625,0.00872802734375,0.00457763671875,0.00909423828125,0.01202392578125,0.02166748046875,0.03997802734375,0.46075439453125,130.65408406026964,19.1120431008454,129.30769230769232,1.5198959083622967,130.60539254559873,2.4636361415231622,/sessions/cool-youthful-allen/mnt/Research/color-histogram-analysis/dataset/segmented/bop1/001_particle0019.png,bop1,train
0.8210526315789474,0.3902238839998176,0.1443657219973009,0.1610889065908839,10.6975,28.887719786167143,9.5,7.8,-0.1183567788212272,-0.1683165132630696,0.3848511511164947,0.8890748658874094,1.6144161418974252,1.08572227616816,1.763934750555938,345.8557249753922,239.85802347304949,0.4865465240519817,0.067158989662143,0.1313349675330766,0.0120572646989536,0.9226812951303672,0.0533500503180515,0.01513671875,0.02264404296875,0.0079345703125,0.00592041015625,0.0064697265625,0.0107421875,0.00628662109375,0.00775146484375,0.008544921875,0.01934814453125,0.03326416015625,0.06732177734375,0.08978271484375,0.0709228515625,0.03607177734375,0.0223388671875,0.0101318359375,0.0079345703125,0.00421142578125,0.00286865234375,0.00201416015625,0.0045166015625,0.0064697265625,0.021484375,0.02972412109375,0.48016357421875,115.24207369323052,25.67760560218921,131.86546700942588,1.623752126620922,132.6362467866324,2.3171960201551807,/sessions/cool-youthful-allen/mnt/Research/color-histogram-analysis/dataset/segmented/bop1/006_particle0028.png,bop1,train
0.407258064516129,0.7426080230636712,0.4216304694985627,0.3011778629738851,26.4025,33.1906634747982,12.4,5.05,0.400303439225856,0.9131407134430228,2.230935422830585,2.610482202817892,5.036325863626822,3.150331781254713,-5.846866742689057,328.78683463102595,193.17832513830203,0.2807424091711812,0.058139278084954,0.0462133591531884,0.006463298451779,0.956822908385643,0.0253159594722351,0.0198974609375,0.02484130859375,0.0169677734375,0.0130615234375,0.0101318359375,0.00762939453125,0.00726318359375,0.00799560546875,0.0118408203125,0.0238037109375,0.0423583984375,0.06024169921875,0.072998046875,0.06195068359375,0.03338623046875,0.01995849609375,0.01080322265625,0.00860595703125,0.004638671875,0.00396728515625,0.0040283203125,0.00518798828125,0.00640869140625,0.0179443359375,0.01861572265625,0.4854736328125,113.01002035384374,27.157328445344127,130.72381399718176,1.2491931255860844,136.67574761233757,3.015264991561492,/sessions/cool-youthful-allen/mnt/Research/color-histogram-analysis/dataset/segmented/op/002_particle0011.png,op,train
3.3389830508474576,0.652691270800409,0.3020304568527919,0.2045699285501899,8.77625,23.218733578920364,9.85,2.95,0.1255333676428066,0.2902517343933688,1.3073927601958633,1.5745610253464852,3.021823946461735,1.8074918731130287,-3.7878623406299305,388.3641837992877,241.88339409518696,0.4079124504013016,0.0709318887391645,0.1270048997263764,0.0168977636328824,0.950429436111137,0.0307335061773834,0.0247802734375,0.02484130859375,0.01055908203125,0.0091552734375,0.00567626953125,0.0059814453125,0.0062255859375,0.0067138671875,0.0113525390625,0.0196533203125,0.0301513671875,0.04400634765625,0.05023193359375,0.0421142578125,0.02447509765625,0.01739501953125,0.0103759765625,0.01141357421875,0.0050048828125,0.0042724609375,0.00396728515625,0.00732421875,0.00982666015625,0.02069091796875,0.0306396484375,0.56317138671875,111.08333333333331,22.2118474392984,130.44666666666666,1.732320216742082,129.81955555555555,2.5893576685739017,/sessions/cool-youthful-allen/mnt/Research/color-histogram-analysis/dataset/segmented/bop1/003_particle0022.png,bop1,train
1.3161290322580643,0.4292209618449423,0.144797596457938,0.1647889648379577,11.44625,29.544216883182525,10.2,7.75,-0.0236921580090829,0.0279364085532508,0.458724288719671,0.9846779771337252,1.8080048935637207,1.3425528605964765,-1.9200890909224635,345.623724139508,240.9041259221138,0.4227467103716795,0.0535111679760898,0.1220521423181719,0.0088963932951188,0.9320426899892136,0.047113349866491,0.02764892578125,0.02850341796875,0.01190185546875,0.009765625,0.0062255859375,0.0025634765625,0.00262451171875,0.00311279296875,0.0057373046875,0.01068115234375,0.020263671875,0.0504150390625,0.06829833984375,0.06011962890625,0.02239990234375,0.0145263671875,0.00640869140625,0.0059814453125,0.0023193359375,0.00262451171875,0.00128173828125,0.00439453125,0.0042724609375,0.02398681640625,0.02752685546875,0.576416015625,100.46861564918316,25.238664814307,130.43938091143593,1.4052096762043105,131.56921754084266,2.1432326633668555,/sessions/cool-youthful-allen/mnt/Research/color-histogram-analysis/dataset/segmented/bop1/002_particle0000.png,bop1,train
0.5,0.5805377507699991,0.334752,0.2372264496514558,26.1525,37.22030972838402,12.5,6.25,0.307578848535394,0.7906335092366163,1.356153208570125,1.946501290865322,3.7218478444919696,2.8348311645871527,3.778527388996586,294.01485964771115,203.37526684237167,0.4208580551258729,0.0703366350242942,0.0971771886932368,0.0109185484521983,0.952286859730178,0.0329042117473643,0.0093994140625,0.016845703125,0.01519775390625,0.0185546875,0.00994873046875,0.01019287109375,0.01007080078125,0.0120849609375,0.01531982421875,0.0274658203125,0.0391845703125,0.0714111328125,0.09881591796875,0.09112548828125,0.0396728515625,0.02850341796875,0.01519775390625,0.01177978515625,0.00750732421875,0.00732421875,0.00640869140625,0.00927734375,0.01165771484375,0.01776123046875,0.01959228515625,0.37969970703125,132.53726708074535,26.59446731765903,131.15042701863354,1.179734667617286,132.57298136645963,2.923671826652805,/sessions/cool-youthful-allen/mnt/Research/color-histogram-analysis/dataset/segmented/op/001_particle0002.png,op,train
0.8152173913043478,0.643622458637792,0.3079710144927536,0.3058271985393851,21.25,29.549242079257965,9.2,7.5,0.3432980477653449,0.8499102055198997,1.6135156380380398,2.560776694825262,-4.721461160925957,-3.033693634920098,-4.918775691226807,533.0636684651116,292.5212950712571,0.4391310564924229,0.0590851873690822,0.1245130528062029,0.0138150722254686,0.9251583209762908,0.0408611863840381,0.0179443359375,0.0234375,0.01080322265625,0.0087890625,0.00653076171875,0.0076904296875,0.00604248046875,0.00762939453125,0.01007080078125,0.01702880859375,0.0302734375,0.04638671875,0.05426025390625,0.06268310546875,0.04302978515625,0.02642822265625,0.01580810546875,0.0130615234375,0.0050048828125,0.00732421875,0.00433349609375,0.00732421875,0.00958251953125,0.020263671875,0.02362060546875,0.5146484375,123.4688352570829,32.22912014168511,130.71353620146903,1.141966503571436,133.22791185729275,3.9596201001430007,/sessions/cool-youthful-allen/mnt/Research/color-histogram-analysis/dataset/segmented/opa/7_particle0008.png,opa,train
1.254335260115607,0.3390957943053327,0.121024346714259,0.0903667858637232,45.43375,79.48584694862366,21.7,17.3,0.0143812985554382,0.2075120619895227,0.3291325527477534,0.5748638987692889,1.0274840887044503,0.6815176872899198,-2.298667504562014,332.53896148065473,175.3275693780755,0.6442457927528307,0.0484204365898985,0.223035903571966,0.0144489439475784,0.8691951593218898,0.0685843802685772,0.00946044921875,0.0086669921875,0.00665283203125,0.008544921875,0.0067138671875,0.008056640625,0.00689697265625,0.01171875,0.01385498046875,0.02142333984375,0.02459716796875,0.03936767578125,0.0447998046875,0.054931640625,0.03240966796875,0.03350830078125,0.0240478515625,0.02874755859375,0.015625,0.016845703125,0.01007080078125,0.01715087890625,0.020751953125,0.0408935546875,0.07586669921875,0.41839599609375,158.06294014084506,26.35296706342025,129.8349471830986,0.8591638360699169,132.11091549295776,2.066036691972548,/sessions/cool-youthful-allen/mnt/Research/color-histogram-analysis/dataset/segmented/opa/8_particle0019.png,opa,train
1.018867924528302,0.6650897584510793,0.4120855656495069,0.2938731130215528,26.53625,33.68563823699951,8.1,7.95,0.5920843385648907,2.712871043285157,2.148081719184709,3.131231504832293,-5.777466823820186,-4.550190793341459,-6.533476052162455,317.2129050733928,193.30377199439923,0.339779120733805,0.0567715451140916,0.0667796412873012,0.0081643667022787,0.9571905689113308,0.0260455899774575,0.00897216796875,0.02099609375,0.013671875,0.0164794921875,0.01318359375,0.0130615234375,0.01104736328125,0.01446533203125,0.01898193359375,0.02337646484375,0.03973388671875,0.06048583984375,0.07940673828125,0.06732177734375,0.038330078125,0.02105712890625,0.01055908203125,0.0054931640625,0.00335693359375,0.0040283203125,0.00421142578125,0.00341796875,0.00836181640625,0.0206298828125,0.01922607421875,0.46014404296875,121.4573594440935,24.934302454445188,131.31017056222362,1.2363483855097726,133.92514213518635,2.5609597931088537,/sessions/cool-youthful-allen/mnt/Research/color-histogram-analysis/dataset/segmented/op/003_particle0007.png,op,train
0.2899786780383795,0.6513032042085126,0.4270271541452402,0.2173789348615946,68.09375,62.74076789021492,23.45,6.8,0.2501062994541686,0.5544133451948793,2.2302631724761635,2.382547925116494,4.68944470419142,2.6632787820211385,-6.011933636503074,464.2423771971403,248.83564997361236,0.3453182718562589,0.0556694551422065,0.0714587844235675,0.0088027415825125,0.9411468003814764,0.0314762294358897,0.0140380859375,0.0201416015625,0.0128173828125,0.0135498046875,0.01318359375,0.01971435546875,0.01715087890625,0.01629638671875,0.0185546875,0.02777099609375,0.03753662109375,0.0574951171875,0.06072998046875,0.057861328125,0.03179931640625,0.02252197265625,0.01318359375,0.0120849609375,0.00604248046875,0.00640869140625,0.00689697265625,0.00665283203125,0.00885009765625,0.01702880859375,0.02349853515625,0.45819091796875,120.77571082879612,22.871614834726472,130.48124621899578,1.0292658367043452,130.91001209921356,2.078592568493,/sessions/cool-youthful-allen/mnt/Research/color-histogram-analysis/dataset/segmented/opa/8_particle0006.png,opa,train
1.7209302325581397,0.5953289217594395,0.3004006913890635,0.3042329546329511,9.55875,19.87020537853241,7.4,4.3,0.3126667248335161,0.7519827479392281,1.6326362981911235,2.541384271940786,-4.664464216999898,-2.9339532099740087,-5.035985935433788,221.3703795657529,151.58635059216968,0.4658455934256221,0.0597522437942362,0.1577333454695973,0.0144349619904957,0.967053157167103,0.0224795599446041,0.01385498046875,0.01971435546875,0.01788330078125,0.01593017578125,0.0101318359375,0.0062255859375,0.0040283203125,0.00640869140625,0.00738525390625,0.01593017578125,0.02349853515625,0.045166015625,0.08331298828125,0.0709228515625,0.0269775390625,0.017822265625,0.00909423828125,0.01312255859375,0.007080078125,0.00787353515625,0.00537109375,0.00799560546875,0.01715087890625,0.0281982421875,0.03955078125,0.4793701171875,123.05940372113876,25.24114257794588,129.1010984084286,1.1816997907175537,128.7061197041022,1.780093852891344,/sessions/cool-youthful-allen/mnt/Research/color-histogram-analysis/dataset/segmented/bop1/001_particle0042.png,bop1,train
1.2521739130434784,0.8176064441887226,0.4719504830917874,0.4102831743418019,19.53875,24.463098645210263,7.2,5.75,0.5818933292627336,1.4610547727867298,2.541677733001213,3.689471839462672,-7.087706530683709,-4.573100068525806,6.87400172938747,215.44105125290724,147.15527543181784,0.345113806066514,0.0740278001449627,0.0533140749987076,0.0086902806669722,0.9643873420720732,0.0243127166545409,0.0194091796875,0.03399658203125,0.01409912109375,0.01239013671875,0.00994873046875,0.01025390625,0.01007080078125,0.00909423828125,0.01385498046875,0.0223388671875,0.03521728515625,0.0601806640625,0.064697265625,0.0599365234375,0.04119873046875,0.03057861328125,0.014892578125,0.010009765625,0.005859375,0.00537109375,0.00787353515625,0.0107421875,0.0147705078125,0.01617431640625,0.02093505859375,0.44610595703125,134.6122219093213,23.44838024396682,130.84778935511125,1.0695643681451057,134.23866516474232,2.889362854624381,/sessions/cool-youthful-allen/mnt/Research/color-histogram-analysis/dataset/segmented/op/009_particle0007.png,op,train
0.3611111111111111,0.7766751288560658,0.4314529914529914,0.3348966756152738,12.62,21.76101714968681,9.0,3.25,0.2851331205242439,0.6330039311184552,1.9465171196290445,2.398935507992861,4.617554965911184,2.91738603993257,-4.931707657684028,314.3430722213841,201.51045814881445,0.3141007053056822,0.0714017045396103,0.0498942930505971,0.009100695662074,0.9634304931125908,0.0234126286895771,0.0283203125,0.03167724609375,0.0101318359375,0.0076904296875,0.00634765625,0.00634765625,0.0078125,0.0079345703125,0.01336669921875,0.01708984375,0.02593994140625,0.0401611328125,0.05694580078125,0.05120849609375,0.03094482421875,0.01898193359375,0.01275634765625,0.0091552734375,0.0050048828125,0.0042724609375,0.0045166015625,0.005126953125,0.0098876953125,0.018310546875,0.01751708984375,0.55255126953125,109.64552715654952,25.61297227975028,131.30958466453674,1.4895817604638817,131.3538338658147,2.749012543807259,/sessions/cool-youthful-allen/mnt/Research/color-histogram-analysis/dataset/segmented/bop1/004_particle0030.png,bop1,train
2.525641025641025,0.5219033232628398,0.2923011844331641,0.2124052325579103,11.22875,25.77436845898628,9.85,3.9,0.1185808417127293,0.3191830998944054,1.303996555507718,2.057899157056409,4.192137298366182,2.984615140572028,3.767594800639044,298.4314091752882,186.238046114198,0.3662868944556865,0.0668430382509759,0.0763499047143102,0.0102878787506236,0.9513163359680744,0.0302602546816227,0.01513671875,0.0159912109375,0.01605224609375,0.01806640625,0.01318359375,0.01165771484375,0.00921630859375,0.01043701171875,0.01611328125,0.02838134765625,0.03826904296875,0.055908203125,0.07122802734375,0.05718994140625,0.029296875,0.01531982421875,0.00750732421875,0.005859375,0.00299072265625,0.00238037109375,0.0023193359375,0.0067138671875,0.007080078125,0.01739501953125,0.0228271484375,0.50347900390625,120.94631483166516,22.916300061976504,130.55209281164696,1.3088790662044862,133.70655141037307,1.7790518044397068,/sessions/cool-youthful-allen/mnt/Research/color-histogram-analysis/dataset/segmented/bop1/002_particle0041.png,bop1,train
1.1384615384615384,0.6923805763916305,0.2278846153846153,0.2745534708273011,10.96125,22.39863250851631,7.4,6.5,0.2604026024494503,0.5829518916794904,2.284549257499452,2.581124425718777,5.0236630284961015,2.9357480366045774,5.693745955670124,374.6807380278236,273.0597337822047,0.4055350940100545,0.0750710321894169,0.07474869378191,0.0109681999490557,0.9454566907488422,0.0395962862489834,0.02392578125,0.02227783203125,0.01336669921875,0.0113525390625,0.0111083984375,0.00860595703125,0.00579833984375,0.007568359375,0.01007080078125,0.01629638671875,0.02484130859375,0.05035400390625,0.06268310546875,0.06231689453125,0.037353515625,0.02191162109375,0.01373291015625,0.00909423828125,0.00408935546875,0.0050048828125,0.00238037109375,0.0045166015625,0.0062255859375,0.01568603515625,0.01641845703125,0.53302001953125,100.85979440319817,24.828987677389176,128.6105082809823,1.050785419886689,131.1893203883495,1.828254089600395,/sessions/cool-youthful-allen/mnt/Research/color-histogram-analysis/dataset/segmented/bop1/007_particle0005.png,bop1,train
0.5272206303724928,0.6388954478233313,0.4002896474398904,0.2412184499917131,64.2625,57.86000664830208,17.45,9.2,0.3484328907954716,0.8267402285504214,1.8004088765401949,2.2760219135292683,4.385132902584468,2.867788747027911,-4.591789060829283,649.5090949540322,358.4132831128035,0.3799445729608754,0.0550602930063864,0.1099068002809321,0.0117909596833114,0.92107609221021,0.0433835004965745,0.01641845703125,0.0260009765625,0.01495361328125,0.01446533203125,0.00921630859375,0.007568359375,0.0086669921875,0.0103759765625,0.011962890625,0.020751953125,0.03070068359375,0.0478515625,0.05487060546875,0.04791259765625,0.0279541015625,0.0164794921875,0.0123291015625,0.01495361328125,0.0089111328125,0.00750732421875,0.004638671875,0.00799560546875,0.00921630859375,0.02850341796875,0.0296630859375,0.5101318359375,123.04725292327409,32.59733280654806,130.92247316995034,1.2629896604126023,133.5273105878584,4.29688885258067,/sessions/cool-youthful-allen/mnt/Research/color-histogram-analysis/dataset/segmented/opa/8_particle0002.png,opa,train
0.4537037037037037,0.5072026022304833,0.2578184051398337,0.2087736914039615,13.64375,28.65721113681793,10.8,4.9,0.1518096321563511,0.3945489816467545,1.141665940288865,1.578421017742789,2.9943938360886424,2.0888150768572817,3.260386586462319,374.040073135802,234.0424307125741,0.3789190943340015,0.0627139531771177,0.070168398070684,0.0095688934762452,0.9498889029379604,0.0312371767484388,0.02020263671875,0.026123046875,0.0103759765625,0.0087890625,0.00799560546875,0.00933837890625,0.00726318359375,0.010986328125,0.01434326171875,0.02105712890625,0.03009033203125,0.05364990234375,0.06500244140625,0.05865478515625,0.03070068359375,0.02093505859375,0.01202392578125,0.0118408203125,0.00921630859375,0.0072021484375,0.003662109375,0.00469970703125,0.00604248046875,0.01641845703125,0.01568603515625,0.5177001953125,100.02532617037606,23.10867522123931,130.55205935021743,1.684250242713207,129.91097467382963,2.166574324723648,/sessions/cool-youthful-allen/mnt/Research/color-histogram-analysis/dataset/segmented/bop1/003_particle0007.png,bop1,train
2.686046511627907,1.0,0.984093425953891,0.618978446739032,48.875,31.5,11.55,4.3,0.5912729183976224,1.4212989035098704,29.967331172168983,29.962039639372552,30.0,29.99267547588224,30.0,318.9906995531959,176.13810931480202,0.2320011414596713,0.0601492468316405,0.0320736221059229,0.0057844559244493,0.9604259214034704,0.0219283923826733,0.02850341796875,0.0338134765625,0.0174560546875,0.01397705078125,0.0103759765625,0.010986328125,0.0103759765625,0.01239013671875,0.01422119140625,0.01861572265625,0.02581787109375,0.04034423828125,0.04522705078125,0.0406494140625,0.02288818359375,0.01495361328125,0.0093994140625,0.00677490234375,0.0054931640625,0.00555419921875,0.006591796875,0.00823974609375,0.01348876953125,0.02325439453125,0.02520751953125,0.535400390625,227.894613003096,15.627099252330352,129.40421052631578,0.9084847277584314,131.9609907120743,1.574986837600056,/sessions/cool-youthful-allen/mnt/Research/color-histogram-analysis/dataset/segmented/op/006_particle0005.png,op,train
1.7716535433070866,0.851495617176575,0.436832895888014,0.3995877647903308,31.20625,31.32705956101417,11.25,6.35,0.5279842466424387,1.247396166700682,2.404649356897567,2.8926862033735885,5.550238484767817,3.559866651349187,6.239841719466337,326.0439961277084,192.1229149226084,0.3301027293427037,0.0515688163074299,0.0858908233253896,0.0097438899576078,0.963568549135908,0.0214432982459142,0.02606201171875,0.02655029296875,0.01409912109375,0.01177978515625,0.00823974609375,0.0064697265625,0.007568359375,0.0093994140625,0.01202392578125,0.0152587890625,0.03082275390625,0.04278564453125,0.05987548828125,0.0552978515625,0.033935546875,0.02178955078125,0.012939453125,0.0103759765625,0.0057373046875,0.0062255859375,0.00592041015625,0.00830078125,0.00946044921875,0.02099609375,0.02789306640625,0.51019287109375,113.05708308427974,25.798011300648948,130.72444710101612,1.6942768036448654,133.82068141063957,2.9139075818925764,/sessions/cool-youthful-allen/mnt/Research/color-histogram-analysis/dataset/segmented/op/007_particle0026.png,op,train
1.7716894977168949,0.2446117458942669,0.0864167019724144,0.0738329351899326,18.3575,55.89675978422165,19.4,10.95,-0.3503470535992297,-0.6306246651716324,-0.3932491261462189,0.0233055344466619,-0.1151328388415801,-0.161018978200062,0.1956797747246177,458.9573667751895,309.76054758657483,0.5351817709001777,0.0448372833644514,0.1496276950358044,0.0087163021514342,0.8477278723889408,0.1022744918130934,0.0255126953125,0.03057861328125,0.00604248046875,0.0048828125,0.00445556640625,0.00604248046875,0.00677490234375,0.007568359375,0.0079345703125,0.0098876953125,0.0108642578125,0.02996826171875,0.035888671875,0.03167724609375,0.01422119140625,0.01300048828125,0.00787353515625,0.0106201171875,0.00433349609375,0.00628662109375,0.0028076171875,0.00811767578125,0.01220703125,0.02978515625,0.03570556640625,0.636962890625,119.98030203545632,30.041002938619588,130.41497045305317,1.37603030668116,132.3237032173342,1.929386103899725,/sessions/cool-youthful-allen/mnt/Research/color-histogram-analysis/dataset/segmented/bop1/002_particle0001.png,bop1,train
0.4745098039215686,0.4386474334956913,0.2276616431696645,0.178510485038242,17.56125,35.16015490293503,12.75,6.05,0.0543285171077587,0.2555421091750172,0.6620325984485421,1.591510172724524,-2.7467789694963014,-1.7831363064171886,3.1733489117582856,439.38285542756,262.1997490743944,0.4883292493193354,0.0608931540154188,0.1377727728624422,0.0142148847238657,0.9283731493042984,0.0425074991266074,0.022705078125,0.02392578125,0.01190185546875,0.009521484375,0.00885009765625,0.007568359375,0.0059814453125,0.00689697265625,0.0096435546875,0.016357421875,0.018310546875,0.02886962890625,0.03326416015625,0.03460693359375,0.02105712890625,0.0191650390625,0.0106201171875,0.0106201171875,0.00732421875,0.01019287109375,0.00457763671875,0.0093994140625,0.0113525390625,0.02490234375,0.0289306640625,0.60345458984375,117.93009708737864,25.242976719045743,129.20499306518724,0.9613199035472372,134.86851595006934,2.470669922140553,/sessions/cool-youthful-allen/mnt/Research/color-histogram-analysis/dataset/segmented/bop1/005_particle0013.png,bop1,train
0.3842364532019704,0.4258863733447244,0.2833459643804471,0.1913948957715704,11.21625,27.1371100962162,10.15,3.9,0.065261179097417,0.2851394695630225,0.6627676193842985,1.4276846747156282,-3.797114924762888,-2.122648094229977,2.473399287928101,345.2894004417476,227.746381918738,0.3931649610869873,0.0696748661821329,0.0872891622165344,0.0130231416012135,0.9498546402552296,0.0329843055746106,0.015380859375,0.01898193359375,0.01153564453125,0.011474609375,0.00933837890625,0.010009765625,0.00860595703125,0.011962890625,0.01324462890625,0.01751708984375,0.02557373046875,0.0478515625,0.101318359375,0.05596923828125,0.02685546875,0.0191650390625,0.0106201171875,0.0067138671875,0.0035400390625,0.00445556640625,0.00335693359375,0.00537109375,0.00714111328125,0.01983642578125,0.02325439453125,0.51092529296875,113.00142789148023,23.296711999012512,129.43622084721562,1.2461656743480451,129.44597810566398,1.964840707948617,/sessions/cool-youthful-allen/mnt/Research/color-histogram-analysis/dataset/segmented/bop1/003_particle0037.png,bop1,train
0.9731182795698924,0.5362819415576476,0.2605744668211252,0.2652892746209539,21.93125,32.231222534179686,9.3,9.05,0.3862643807398662,1.071631555886973,1.2958684960563291,1.740257329334088,3.303046459499846,2.3540909317351537,-3.6233957110759034,324.2715316861175,183.98959027959427,0.4103195264525259,0.0585684315558779,0.0809802521147853,0.0096609999742082,0.9405536233047624,0.0335845504922412,0.02099609375,0.02532958984375,0.013671875,0.01287841796875,0.0098876953125,0.010986328125,0.01055908203125,0.0115966796875,0.01031494140625,0.01824951171875,0.025634765625,0.04296875,0.05523681640625,0.04742431640625,0.02178955078125,0.014404296875,0.00830078125,0.006591796875,0.0037841796875,0.00390625,0.0032958984375,0.0042724609375,0.0068359375,0.02239990234375,0.0269775390625,0.56170654296875,128.8013665202538,24.73422570087523,130.45387994143485,1.2994520853200973,136.7203513909224,2.83151074043623,/sessions/cool-youthful-allen/mnt/Research/color-histogram-analysis/dataset/segmented/op/006_particle0002.png,op,train
0.9558011049723756,0.6154415488294184,0.25227541276786,0.2442942785610458,19.74875,31.87264387011528,9.05,8.65,0.2311921946531185,0.545191873631988,1.912695493717135,2.3745345652147978,4.592304093549894,2.948496057720499,4.787481134829835,294.5316597704896,199.49869918032755,0.5238537600670214,0.059985566077371,0.1977485659346553,0.01706709725976,0.950035934652444,0.0337041990625896,0.01092529296875,0.0157470703125,0.01287841796875,0.0089111328125,0.008544921875,0.00640869140625,0.0068359375,0.010498046875,0.00799560546875,0.01068115234375,0.01727294921875,0.04229736328125,0.0833740234375,0.06072998046875,0.02783203125,0.02398681640625,0.01373291015625,0.01922607421875,0.00634765625,0.01141357421875,0.0084228515625,0.01629638671875,0.01776123046875,0.0341796875,0.05316162109375,0.46453857421875,131.96350734921438,27.322939391544068,131.89305625950328,1.5164973632651877,127.56487582361883,2.9192499413825344,/sessions/cool-youthful-allen/mnt/Research/color-histogram-analysis/dataset/segmented/op/001_particle0040.png,op,train
0.2120418848167539,0.8319435703796937,0.512685023592528,0.2603698533608528,39.65875,43.75010438561439,19.1,4.05,0.1695774444297,0.3699462754700048,1.948482126662604,2.095594218354611,4.118146560555994,2.2952722388730598,5.430713345799071,422.634326430558,189.84495945388915,0.2780919038527343,0.0511122884980292,0.0653290976518597,0.0103770965693312,0.9500478752448364,0.022425935761477,0.02874755859375,0.03045654296875,0.01483154296875,0.00909423828125,0.006591796875,0.00628662109375,0.00506591796875,0.00689697265625,0.00726318359375,0.01507568359375,0.0252685546875,0.03509521484375,0.045654296875,0.037353515625,0.0233154296875,0.014892578125,0.00677490234375,0.00518798828125,0.00250244140625,0.003662109375,0.002197265625,0.00445556640625,0.00909423828125,0.02398681640625,0.0289306640625,0.601318359375,119.68791379981823,20.9120725725004,130.42502920939893,1.7296302249618656,136.47293262365312,2.734808545702537,/sessions/cool-youthful-allen/mnt/Research/color-histogram-analysis/dataset/segmented/op/002_particle0018.png,op,train
2.65,0.7973113762392875,0.447622641509434,0.3263730994935987,29.655,33.79066340327263,13.25,5.0,0.5388274204200586,1.29331905879746,2.3497130828981923,2.811142732696715,5.404754771390856,3.5952197666340884,-6.006480758487994,404.0104520541445,248.95510965959784,0.3529528496723633,0.0560651600519838,0.1051131198233758,0.0134365168252083,0.9461244333019448,0.0331581214409576,0.02630615234375,0.0224609375,0.01177978515625,0.009033203125,0.0123291015625,0.0115966796875,0.0098876953125,0.01019287109375,0.01202392578125,0.01715087890625,0.0238037109375,0.0390625,0.05987548828125,0.067626953125,0.038330078125,0.02081298828125,0.0120849609375,0.01129150390625,0.006103515625,0.00567626953125,0.004638671875,0.0064697265625,0.01007080078125,0.02227783203125,0.02392578125,0.50518798828125,129.91606538065085,26.34020751194813,129.79281401855397,1.29527358721993,132.87292004123103,2.6679302029104117,/sessions/cool-youthful-allen/mnt/Research/color-histogram-analysis/dataset/segmented/op/010_particle0000.png,op,train
0.4721485411140583,0.8220158322810162,0.4510699490358537,0.3653460145220424,75.67375,51.01822830438614,18.85,8.9,0.4221609866817145,0.9572002510453927,2.3162180756983024,2.707473655727966,5.2249806613382095,3.2044339844935976,-6.014069156094985,431.8105878723114,232.67046896981932,0.3189667313601637,0.0524400742614992,0.0835321216780308,0.0091761596675953,0.9452201717878536,0.0294465310774928,0.0247802734375,0.0330810546875,0.01788330078125,0.00958251953125,0.00665283203125,0.0059814453125,0.0057373046875,0.00762939453125,0.00799560546875,0.01226806640625,0.02532958984375,0.04193115234375,0.0543212890625,0.04620361328125,0.0240478515625,0.012451171875,0.00469970703125,0.00543212890625,0.00238037109375,0.00408935546875,0.00323486328125,0.0050048828125,0.009033203125,0.02398681640625,0.02783203125,0.57843017578125,122.71804670912952,26.224703644691346,130.3514508138712,1.0989506433466778,131.87162066525124,2.86157549049658,/sessions/cool-youthful-allen/mnt/Research/color-histogram-analysis/dataset/segmented/opa/1_particle0009.png,opa,train
1.064516129032258,0.9020099267777286,0.3661699283819099,0.3898639576160815,45.8875,38.45878742933273,11.55,10.85,0.5483864548013726,1.2766179121102446,3.062518228058529,3.3510164238961955,6.558145244749984,3.99443921623401,7.947290556910674,262.9223838947966,172.72429744587043,0.4146814393872735,0.058206912751497,0.124610230296327,0.010444500582499,0.9545658680157776,0.0297907773246509,0.0113525390625,0.01849365234375,0.01361083984375,0.0096435546875,0.00811767578125,0.0081787109375,0.008056640625,0.00885009765625,0.00775146484375,0.01214599609375,0.0223388671875,0.05731201171875,0.08453369140625,0.072021484375,0.03253173828125,0.01898193359375,0.01092529296875,0.00970458984375,0.00506591796875,0.00421142578125,0.0028076171875,0.00836181640625,0.00994873046875,0.02459716796875,0.0374755859375,0.49298095703125,143.83061224489796,24.36008671567538,129.37397959183673,1.3439597093156397,133.39013605442176,2.041950676809606,/sessions/cool-youthful-allen/mnt/Research/color-histogram-analysis/dataset/segmented/op/006_particle0028.png,op,train
0.8166666666666667,0.801673664912177,0.2881696428571428,0.2922356460868145,33.88875,38.1738631784916,12.0,9.8,0.3692384872289261,0.8308117594205093,2.245831306933368,3.144924137091222,-6.264782299937666,-3.731825112095454,5.87345501405578,381.1420539876852,258.15084412227844,0.4420150489678347,0.0547407545383409,0.1348947876057085,0.0120113254402342,0.9490457492308396,0.0343788405903367,0.01837158203125,0.02532958984375,0.01171875,0.010009765625,0.0078125,0.005615234375,0.005615234375,0.00531005859375,0.00714111328125,0.00811767578125,0.01678466796875,0.04425048828125,0.0738525390625,0.06182861328125,0.02081298828125,0.01507568359375,0.00909423828125,0.01123046875,0.00323486328125,0.00482177734375,0.0025634765625,0.00506591796875,0.01275634765625,0.03271484375,0.0357666015625,0.54510498046875,118.49724122710218,30.88107600672837,129.50033105274773,1.5176988283930966,132.87508276318692,3.363286562358873,/sessions/cool-youthful-allen/mnt/Research/color-histogram-analysis/dataset/segmented/op/004_particle0030.png,op,train
0.2249322493224932,0.722886961634573,0.4014268455937571,0.2164468582939049,30.73625,42.24299762248993,18.45,4.15,0.1215369293862872,0.2747283200180375,1.4350602341751406,1.7460249844259412,3.3495097885364773,2.006428840869367,-3.955379743236472,318.23136980029125,165.6544118267932,0.3189927872654967,0.0622329732858268,0.0842146975328863,0.0134141191630902,0.9587357458884074,0.0214022395456531,0.02386474609375,0.0279541015625,0.01116943359375,0.01123046875,0.01171875,0.0111083984375,0.0093994140625,0.00872802734375,0.008544921875,0.01275634765625,0.02862548828125,0.0487060546875,0.049072265625,0.0443115234375,0.022705078125,0.01611328125,0.00738525390625,0.00732421875,0.0042724609375,0.00628662109375,0.00518798828125,0.00701904296875,0.008544921875,0.02093505859375,0.02374267578125,0.56329345703125,118.18954680780682,23.62964316873089,132.41432351968243,2.087370446109494,136.7125372146874,2.957142032020102,/sessions/cool-youthful-allen/mnt/Research/color-histogram-analysis/dataset/segmented/op/004_particle0024.png,op,train
2.2261904761904763,0.826649113733603,0.5596511331805449,0.4530702286596206,21.9775,24.68944421410561,9.35,4.2,0.5784947782543638,1.4824686364161608,2.028195563561704,2.4499590941321143,4.698680970065263,3.227829851249042,-5.370077087418284,383.31283117737047,225.93357611731477,0.2964017510055761,0.0620253576094528,0.0647919243295177,0.009771797737537,0.9191586936737756,0.0475897569101584,0.027099609375,0.0318603515625,0.0172119140625,0.00848388671875,0.0052490234375,0.0067138671875,0.0096435546875,0.01263427734375,0.01580810546875,0.0194091796875,0.02490234375,0.04193115234375,0.05120849609375,0.03155517578125,0.01507568359375,0.010498046875,0.0084228515625,0.00836181640625,0.00494384765625,0.00433349609375,0.00396728515625,0.00543212890625,0.01043701171875,0.02215576171875,0.02362060546875,0.57904052734375,140.23352333452084,23.280705428817,130.30726754542215,1.0159893316753663,131.53865336658353,1.6811743005288609,/sessions/cool-youthful-allen/mnt/Research/color-histogram-analysis/dataset/segmented/op/010_particle0022.png,op,train
0.4926108374384236,0.6311133327908302,0.3342918719211822,0.269497784939084,67.86125,56.25203775167465,20.3,10.0,0.3925555719140506,0.983731452400075,1.478234523333073,1.7549093102675837,3.3785200472760417,2.338776914312522,-4.119618352174697,444.1137419786876,227.63365981742905,0.3953478731118026,0.0588067806795617,0.1120486545260459,0.0122675941821009,0.938682962224526,0.0312791684760757,0.01708984375,0.0166015625,0.0123291015625,0.010009765625,0.0089111328125,0.01202392578125,0.00927734375,0.0140380859375,0.0140380859375,0.02178955078125,0.037841796875,0.0677490234375,0.07720947265625,0.06768798828125,0.02734375,0.0196533203125,0.01104736328125,0.0089111328125,0.00335693359375,0.00518798828125,0.00286865234375,0.00494384765625,0.0059814453125,0.02294921875,0.02398681640625,0.4771728515625,124.39074598677998,28.742359650065307,129.59131255901795,1.1845400391646927,131.56222851746932,2.9928225662142323,/sessions/cool-youthful-allen/mnt/Research/color-histogram-analysis/dataset/segmented/opa/1_particle0011.png,opa,train
0.5067567567567568,0.6665187486132682,0.4059459459459459,0.3430541182713741,11.265,20.31370828151703,7.4,3.75,0.4082210647837495,1.0213913923552316,1.7133521514373524,2.346320363795436,4.583179888313737,3.501324514501124,4.481873436498952,386.3705517448248,247.66139101999167,0.3141771876490846,0.0716357503948564,0.0544379495341984,0.0085772202318948,0.9576188664554508,0.0271477074948549,0.026123046875,0.029052734375,0.01629638671875,0.01611328125,0.01348876953125,0.01068115234375,0.0078125,0.00750732421875,0.00750732421875,0.01116943359375,0.01580810546875,0.032470703125,0.0472412109375,0.04376220703125,0.02227783203125,0.0152587890625,0.008056640625,0.008056640625,0.0040283203125,0.00543212890625,0.00286865234375,0.00537109375,0.0113525390625,0.0228271484375,0.02392578125,0.58551025390625,95.72892392049349,19.588261605920632,130.76525017135023,2.143354199999034,131.43522960932145,2.3014923784315835,/sessions/cool-youthful-allen/mnt/Research/color-histogram-analysis/dataset/segmented/bop1/004_particle0025.png,bop1,train
2.1160714285714284,0.6994290950098675,0.3738509644364075,0.3081795086498036,24.80875,31.80573924779892,11.85,5.6,0.4387097429702254,1.0552027715827508,1.8293396854447956,2.117733145601439,4.0912707550738565,2.6639004338933847,6.721154373237958,396.2436634462508,224.08721157359915,0.3283644536263149,0.0536153384802469,0.0612190291922076,0.0079185835063099,0.950457455988351,0.0279352403759231,0.025146484375,0.02960205078125,0.0135498046875,0.0087890625,0.0079345703125,0.010498046875,0.01068115234375,0.01275634765625,0.01458740234375,0.02056884765625,0.025390625,0.03448486328125,0.04193115234375,0.0386962890625,0.0247802734375,0.01568603515625,0.00860595703125,0.00970458984375,0.005126953125,0.00482177734375,0.0054931640625,0.00830078125,0.01190185546875,0.021484375,0.02191162109375,0.56756591796875,112.78185972930216,24.9115654636959,130.63262436280542,1.773230411467687,134.00878889084197,2.7225212094465734,/sessions/cool-youthful-allen/mnt/Research/color-histogram-analysis/dataset/segmented/op/003_particle0021.png,op,train
1.9022222222222225,0.5075192421551213,0.2892938733125649,0.1965018589907305,69.6475,66.73818113803864,21.4,11.25,0.2815015803188138,0.7873313769972652,1.3139809196434484,2.166672734460761,-4.067395652426934,-2.6252594032968712,4.04806359501478,514.5037467867205,281.13792294429953,0.3670526464851945,0.0625914623742109,0.0767846842948119,0.0100401830005481,0.9207543518960828,0.0431860223673117,0.0152587890625,0.025390625,0.01177978515625,0.0087890625,0.0098876953125,0.012939453125,0.01275634765625,0.0147705078125,0.021240234375,0.0318603515625,0.04962158203125,0.07135009765625,0.08636474609375,0.06787109375,0.0294189453125,0.01788330078125,0.0091552734375,0.01153564453125,0.00628662109375,0.0040283203125,0.00213623046875,0.0057373046875,0.0079345703125,0.01654052734375,0.02105712890625,0.42840576171875,125.02578914792656,29.56600242426183,130.46069733855992,1.1541283031300107,133.20982050753042,3.6584534332671033,/sessions/cool-youthful-allen/mnt/Research/color-histogram-analysis/dataset/segmented/opa/1_particle0005.png,opa,train
0.6114649681528662,0.7041004146985119,0.2633194002123142,0.2644451573344784,39.6875,43.4274165213108,15.7,9.6,0.2729024425045651,0.6301937921195029,1.5463135779535817,1.879987710281766,3.609229943349802,2.2755193396693856,-4.16621215803542,332.3524953935822,193.95965167353376,0.4720151944269193,0.0516180548680983,0.1635141876394347,0.0143296971393171,0.945624237705425,0.0315617344244269,0.01715087890625,0.02056884765625,0.0147705078125,0.01214599609375,0.00799560546875,0.00579833984375,0.00439453125,0.004638671875,0.00714111328125,0.0103759765625,0.02166748046875,0.0421142578125,0.05426025390625,0.0572509765625,0.02447509765625,0.0167236328125,0.00872802734375,0.009765625,0.00579833984375,0.006103515625,0.0042724609375,0.00933837890625,0.012451171875,0.0286865234375,0.0411376953125,0.55224609375,131.15780651340995,30.929699539106764,129.43007662835248,1.2245085001440497,138.4808429118774,4.290640359176987,/sessions/cool-youthful-allen/mnt/Research/color-histogram-analysis/dataset/segmented/op/005_particle0026.png,op,train
0.5304568527918782,0.6912636522619034,0.3816153790105166,0.2501241393739585,78.56125,62.82482981681824,19.7,10.45,0.3581187271110274,0.8410376206309214,2.212262973260539,3.096586783755009,-5.856773823639005,-3.5779974683178777,-5.957962646022144,322.4754348490262,201.9071121363738,0.3930730014753645,0.0597094967665468,0.0940448223501779,0.0109514990753077,0.9530411505622596,0.0293174112994307,0.01995849609375,0.0216064453125,0.01715087890625,0.0142822265625,0.00994873046875,0.01123046875,0.0093994140625,0.01129150390625,0.01361083984375,0.0228271484375,0.02911376953125,0.0494384765625,0.06292724609375,0.052734375,0.02972412109375,0.0174560546875,0.0072021484375,0.0067138671875,0.00335693359375,0.0050048828125,0.0035400390625,0.00921630859375,0.0118408203125,0.025146484375,0.02764892578125,0.50762939453125,129.08058911136854,20.975584307357035,132.20933311269238,1.3536006011856154,129.01042528545423,1.8191592186008945,/sessions/cool-youthful-allen/mnt/Research/color-histogram-analysis/dataset/segmented/opa/3_particle0010.png,opa,train
1.0842696629213484,0.6297738227660363,0.1977644524655062,0.2282793663942773,16.985,30.57766922712326,9.65,8.9,0.1514840090521566,0.3562398447118267,1.894079137309544,2.2849092960627675,4.3915815332423005,2.516524107482519,-4.933826504097568,410.4600907132232,254.9630641499212,0.4769453297340424,0.0655571849511119,0.1665154291474959,0.0181172067682078,0.9306934847474292,0.042818748800719,0.021484375,0.01751708984375,0.0087890625,0.00823974609375,0.0074462890625,0.0067138671875,0.00421142578125,0.0067138671875,0.00823974609375,0.01629638671875,0.02899169921875,0.051025390625,0.060791015625,0.06329345703125,0.03118896484375,0.02252197265625,0.009765625,0.0103759765625,0.00445556640625,0.0042724609375,0.00408935546875,0.00640869140625,0.009765625,0.02056884765625,0.024658203125,0.54217529296875,113.79100191448627,24.69627955939796,128.22941927249522,1.0323496818864772,131.38417358008934,1.501696021554515,/sessions/cool-youthful-allen/mnt/Research/color-histogram-analysis/dataset/segmented/bop1/005_particle0026.png,bop1,train
0.3079584775086505,1.0,0.985342716068582,0.5631827482216198,63.36,37.6,14.45,4.45,0.5255065817256767,1.213677130730764,29.99830342666802,29.999811164227943,30.0,29.99997197940428,-30.0,381.10051295818846,208.6197915375114,0.2839611470973394,0.0511432074233568,0.0962855435848234,0.0098428234375579,0.9400055164319516,0.0329277357424346,0.03375244140625,0.033203125,0.01416015625,0.0096435546875,0.0074462890625,0.00726318359375,0.0068359375,0.00518798828125,0.0062255859375,0.01116943359375,0.02276611328125,0.030517578125,0.03759765625,0.04638671875,0.02264404296875,0.0152587890625,0.00543212890625,0.0115966796875,0.0030517578125,0.0086669921875,0.00677490234375,0.010986328125,0.01385498046875,0.03070068359375,0.042236328125,0.556640625,244.28516249334044,10.80521137451107,128.41608950452851,0.8580789390359544,128.2690463505594,0.984869982675061,/sessions/cool-youthful-allen/mnt/Research/color-histogram-analysis/dataset/segmented/opa/1_particle0020.png,opa,train
0.6285714285714286,0.389964585418431,0.2684998674794593,0.1850255789769288,25.32625,41.47386320233345,12.25,7.7,0.1916090219228475,0.8105277037574006,0.9856746154633552,1.694486734297782,-3.1735668691011725,-2.1289550683476675,3.1972429926992514,485.5296820526844,301.38047056696223,0.4037948489360992,0.0603113021728073,0.0926847139295915,0.0091877177871194,0.9412971376946996,0.0362987862841181,0.01727294921875,0.027587890625,0.010986328125,0.00823974609375,0.00762939453125,0.0093994140625,0.00848388671875,0.0111083984375,0.0133056640625,0.02001953125,0.0306396484375,0.05462646484375,0.06854248046875,0.05859375,0.025390625,0.013916015625,0.0064697265625,0.0052490234375,0.00244140625,0.003173828125,0.00238037109375,0.0064697265625,0.00830078125,0.01947021484375,0.02606201171875,0.53424072265625,99.30611281567148,20.05266827039108,129.59570450790653,1.4607153592945137,130.32853434033515,2.338615921276701,/sessions/cool-youthful-allen/mnt/Research/color-histogram-analysis/dataset/segmented/bop1/004_particle0023.png,bop1,train
1.5302013422818792,0.7479830964271994,0.2865595196043801,0.2961389229977603,24.3375,32.13624783158302,11.4,7.45,0.3755419472960694,0.8534794634368509,2.1854561077300456,2.974815804000797,6.0089715990864665,-4.091990407944757,5.583596475301334,299.4218891967657,195.2202875575028,0.3440051843403452,0.0514800746296455,0.0564306959535503,0.0059171246730232,0.9592335728192684,0.0264806823597949,0.0203857421875,0.02783203125,0.01287841796875,0.0113525390625,0.0078125,0.0064697265625,0.0059814453125,0.00665283203125,0.01116943359375,0.0172119140625,0.02532958984375,0.04534912109375,0.07159423828125,0.061767578125,0.033203125,0.01837158203125,0.01153564453125,0.00885009765625,0.00634765625,0.00531005859375,0.00341796875,0.00408935546875,0.00860595703125,0.01641845703125,0.01611328125,0.53594970703125,103.39660249150624,25.15060209495847,131.3123442808607,1.8816800062471035,133.6131370328426,2.646874181682401,/sessions/cool-youthful-allen/mnt/Research/color-histogram-analysis/dataset/segmented/op/007_particle0016.png,op,train
1.558490566037736,0.4143109941467399,0.166860066700169,0.1679136830937446,45.655,58.45289989113808,20.65,13.25,-0.016112242802251,0.034339970455161,0.80002985191524,1.7122194765032424,-3.0279411032134464,-1.788374786788326,3.2782266179215687,257.8970209097282,169.31162655405365,0.5969529906076954,0.0586273860080237,0.2033168145502275,0.0149844086692614,0.9405518564189276,0.0388244207650717,0.01092529296875,0.02032470703125,0.01031494140625,0.010009765625,0.00653076171875,0.0069580078125,0.00457763671875,0.00738525390625,0.00732421875,0.01080322265625,0.01568603515625,0.037109375,0.081787109375,0.07061767578125,0.0262451171875,0.0174560546875,0.00848388671875,0.014404296875,0.00738525390625,0.01104736328125,0.0067138671875,0.0103759765625,0.01873779296875,0.04010009765625,0.04754638671875,0.49114990234375,132.02337472607744,25.20470250755502,131.1563184806428,1.0980252694880088,132.6216216216216,1.936161587953764,/sessions/cool-youthful-allen/mnt/Research/color-histogram-analysis/dataset/segmented/opa/9_particle0001.png,opa,train
0.691358024691358,0.8072564276048715,0.3507128159905938,0.3582141504155677,35.79375,35.43538563251495,12.15,8.4,0.4686379820760306,1.0822012805784442,2.515409092010263,3.361217375778435,6.75996613868436,-5.636727156800523,6.327285707655073,489.3970109300543,305.20775296534646,0.4076531418387058,0.0585024172720069,0.1256510267229518,0.0130908732592645,0.9402604110726986,0.0371294269045461,0.02252197265625,0.02252197265625,0.0126953125,0.0123291015625,0.010498046875,0.00701904296875,0.00628662109375,0.00860595703125,0.0086669921875,0.01190185546875,0.02154541015625,0.0399169921875,0.05322265625,0.05517578125,0.02294921875,0.01666259765625,0.0107421875,0.0128173828125,0.005126953125,0.0074462890625,0.0030517578125,0.00836181640625,0.01025390625,0.02520751953125,0.03106689453125,0.55340576171875,114.67242647058823,26.61225621545356,130.4075367647059,1.1683235690011782,133.65514705882353,2.439754081536437,/sessions/cool-youthful-allen/mnt/Research/color-histogram-analysis/dataset/segmented/opa/2_particle0000.png,opa,train
0.277992277992278,1.0,0.9823037323037324,0.5316626253310468,45.795,32.9,12.95,3.6,0.4871159516540093,1.106043592486914,0.0,0.0,0.0,0.0,0.0,495.1079749585039,254.07027506568724,0.2193681483396768,0.0516009402631784,0.0478823218605701,0.0058593513775117,0.930674550359004,0.0357158498207945,0.0347900390625,0.02984619140625,0.01483154296875,0.01361083984375,0.01031494140625,0.00799560546875,0.0078125,0.00994873046875,0.0074462890625,0.01361083984375,0.015869140625,0.02471923828125,0.0283203125,0.0277099609375,0.01641845703125,0.013671875,0.00787353515625,0.0064697265625,0.00360107421875,0.0035400390625,0.00341796875,0.00592041015625,0.00958251953125,0.02508544921875,0.0291748046875,0.62841796875,238.41199696279423,14.434820657592088,128.58572513287774,0.9117355318034944,128.46104783599088,1.194409832247722,/sessions/cool-youthful-allen/mnt/Research/color-histogram-analysis/dataset/segmented/op/010_particle0027.png,op,train
0.6077348066298343,0.7865168539325843,0.4922149673530889,0.4263117313538804,24.5,26.873506170511245,9.05,5.5,0.6769865332395998,2.064281683748815,2.59865567777937,3.1823639819926277,6.1009329774022,4.4772075392958985,-6.531092125977815,240.48303167130013,154.45981284569197,0.3439336090248508,0.0651106926310146,0.0679196056350219,0.00932707616458,0.9661320873791068,0.0217442758246103,0.01971435546875,0.0242919921875,0.01434326171875,0.0135498046875,0.01165771484375,0.0152587890625,0.00933837890625,0.01092529296875,0.013916015625,0.01953125,0.03228759765625,0.0504150390625,0.06561279296875,0.05535888671875,0.03173828125,0.01806640625,0.0098876953125,0.008544921875,0.0047607421875,0.0042724609375,0.00439453125,0.0059814453125,0.00872802734375,0.0211181640625,0.02276611328125,0.5035400390625,124.9021045485404,17.379633254307834,131.17542430414122,1.6561659072781187,129.72966734555328,2.14183961653833,/sessions/cool-youthful-allen/mnt/Research/color-histogram-analysis/dataset/segmented/op/001_particle0029.png,op,train
1.313953488372093,0.3723012233299063,0.1842457295739864,0.1523351437480045,40.28625,57.64787464141845,16.95,12.9,0.1018531538452162,0.3612777325466683,1.105556910368585,1.467442265736653,2.815171584737288,2.3768919780554763,3.058733796279232,374.3876361282733,206.38909374142668,0.5045888639768868,0.0548766224550873,0.1614075377114549,0.0095321636534587,0.9252390400380996,0.0409434655211704,0.01519775390625,0.02178955078125,0.00958251953125,0.01007080078125,0.0068359375,0.005859375,0.00469970703125,0.0069580078125,0.01019287109375,0.01934814453125,0.04052734375,0.0723876953125,0.08575439453125,0.07476806640625,0.04083251953125,0.028564453125,0.0150146484375,0.01025390625,0.00592041015625,0.00445556640625,0.00311279296875,0.005859375,0.0106201171875,0.0272216796875,0.03594970703125,0.42822265625,125.93752099428956,28.578612821792397,130.3342290896876,1.947276338370625,133.9035942223715,3.8426094183548103,/sessions/cool-youthful-allen/mnt/Research/color-histogram-analysis/dataset/segmented/op/006_particle0017.png,op,train
0.7063492063492064,0.8143150484012907,0.3403780988050651,0.3770110688895644,38.17,35.668838006258014,12.6,8.9,0.4231865480014659,0.9478216584465032,2.7803239188187865,3.742017570610481,-7.125808342208847,-4.32060995949525,-7.185717334895419,326.56577302928724,210.04582827218232,0.3889587746799084,0.0583871729986076,0.1077017517222826,0.0137024037128759,0.9639688397864304,0.0230936588963901,0.0208740234375,0.02093505859375,0.01171875,0.0107421875,0.007080078125,0.00604248046875,0.00537109375,0.005859375,0.0076904296875,0.0181884765625,0.02874755859375,0.05340576171875,0.0771484375,0.06573486328125,0.02777099609375,0.0167236328125,0.00762939453125,0.00732421875,0.00341796875,0.00531005859375,0.00299072265625,0.0059814453125,0.0076904296875,0.0242919921875,0.0252685546875,0.52606201171875,98.44608679173771,23.435920204372295,129.595035057798,1.010799175967087,128.65794959257153,1.586708042843933,/sessions/cool-youthful-allen/mnt/Research/color-histogram-analysis/dataset/segmented/op/008_particle0018.png,op,train
0.8303030303030303,0.9017634567445296,0.4320725503207255,0.4756854621511746,24.4175,25.397770285606384,8.25,6.85,0.574283062200736,1.379367958094329,2.691099546659908,3.327785329820356,6.39885819306883,4.202740449563464,6.64079421813823,431.52092605375447,295.1242710562118,0.3664960891678276,0.056655764249773,0.0902180672067018,0.0115705320755982,0.9500830537788876,0.0340773222906618,0.02587890625,0.0289306640625,0.01544189453125,0.01251220703125,0.010498046875,0.009765625,0.00726318359375,0.008056640625,0.009033203125,0.01336669921875,0.02099609375,0.037109375,0.04901123046875,0.0472412109375,0.0289306640625,0.021728515625,0.010986328125,0.01043701171875,0.0067138671875,0.005859375,0.0047607421875,0.01171875,0.01568603515625,0.0240478515625,0.02862548828125,0.535400390625,117.83408004778973,31.058777338796325,128.8721624850657,0.9738647993606346,132.47177419354838,2.741410647113676,/sessions/cool-youthful-allen/mnt/Research/color-histogram-analysis/dataset/segmented/op/008_particle0005.png,op,train
0.6962616822429907,0.7517149874375406,0.4175500219532083,0.3637073137680434,33.285,33.91198375225067,10.7,7.45,0.5424508677151394,1.4338828454178951,2.092003166723217,3.193363069016902,-5.97298696310919,-3.962801689158436,6.001040869031087,364.3051654875493,210.94055451339565,0.3120957641374875,0.0542513171583231,0.0605473270751981,0.0074053878045677,0.9599620030470272,0.0231338912312983,0.02484130859375,0.02569580078125,0.01629638671875,0.01318359375,0.0096435546875,0.008544921875,0.00732421875,0.0089111328125,0.01043701171875,0.0140380859375,0.02032470703125,0.0440673828125,0.06585693359375,0.04840087890625,0.02264404296875,0.0137939453125,0.00775146484375,0.00592041015625,0.00518798828125,0.00653076171875,0.005859375,0.0107421875,0.0137939453125,0.02044677734375,0.0267333984375,0.54302978515625,105.9277145972893,21.400688728294615,129.2243340084125,1.6320210183811228,131.57018227138184,2.2045687836509043,/sessions/cool-youthful-allen/mnt/Research/color-histogram-analysis/dataset/segmented/op/007_particle0022.png,op,train
0.3440514469453376,0.6269784587029145,0.4089010427622682,0.2443861718730997,34.0175,41.82325351834297,15.55,5.35,0.2412555382090154,0.5698887789301943,2.099567733753932,2.9932735034316287,7.281356733164542,-5.268096901081442,5.539765489520332,393.11778553987256,234.2804124007111,0.3356135269369115,0.0543550920046711,0.0917215765612992,0.0095176034172471,0.9460143885647536,0.032061756950761,0.01885986328125,0.0306396484375,0.01611328125,0.01092529296875,0.00726318359375,0.00897216796875,0.008544921875,0.00946044921875,0.0115966796875,0.01885986328125,0.030029296875,0.0543212890625,0.06451416015625,0.055908203125,0.0281982421875,0.0177001953125,0.00787353515625,0.0057373046875,0.003173828125,0.0045166015625,0.00347900390625,0.00689697265625,0.0103759765625,0.023193359375,0.026123046875,0.5167236328125,127.63382491371196,28.08022637320565,130.82491371195482,1.3661722757170145,138.2706306871666,3.616026151861196,/sessions/cool-youthful-allen/mnt/Research/color-histogram-analysis/dataset/segmented/op/002_particle0002.png,op,train
2.1666666666666665,0.4204539086578873,0.1878756009615384,0.1495949752057408,9.37875,28.06848089694977,10.4,4.8,-0.0718184345565576,-0.0827729696275389,0.7119934962492837,1.2545653739850684,2.34760594316415,1.443392874812608,-2.4385714425277776,318.50444167098453,225.0861532106676,0.5494889099385336,0.0602967913344049,0.2175620196858022,0.0165974586828154,0.9334791343241768,0.0467861804809102,0.0084228515625,0.0103759765625,0.0078125,0.00885009765625,0.00811767578125,0.0089111328125,0.00689697265625,0.0107421875,0.01226806640625,0.021484375,0.03265380859375,0.06024169921875,0.078369140625,0.08111572265625,0.04144287109375,0.03070068359375,0.01300048828125,0.0162353515625,0.00567626953125,0.00885009765625,0.0048828125,0.008056640625,0.01092529296875,0.0191650390625,0.046875,0.43792724609375,129.5752032520325,23.268400540477124,130.7029132791328,1.226466124718134,133.9461382113821,2.193272849235981,/sessions/cool-youthful-allen/mnt/Research/color-histogram-analysis/dataset/segmented/bop1/002_particle0022.png,bop1,train
0.4297752808988764,0.7864008773627508,0.3357016964089006,0.2800296954832532,45.7125,45.29188277721405,17.8,7.65,0.2774916114774423,0.6072997309754995,1.8593244060043133,1.967236387715968,3.880605249696351,2.282886987165012,5.575552137381265,328.78101673847243,210.7805871026384,0.444118317880839,0.0613231822285521,0.1316600772361384,0.0107252305456712,0.9606655300413848,0.0251235721595372,0.0120849609375,0.01251220703125,0.01153564453125,0.01397705078125,0.01129150390625,0.0126953125,0.00958251953125,0.01483154296875,0.01220703125,0.01898193359375,0.03167724609375,0.0655517578125,0.08001708984375,0.07537841796875,0.035400390625,0.02386474609375,0.0130615234375,0.01324462890625,0.0062255859375,0.0069580078125,0.0048828125,0.01348876953125,0.0145263671875,0.02313232421875,0.02752685546875,0.43536376953125,112.88907947398512,26.888795564357693,130.07813988946066,1.4394561636728374,129.77682485229656,2.386898915063183,/sessions/cool-youthful-allen/mnt/Research/color-histogram-analysis/dataset/segmented/op/010_particle0003.png,op,train
0.7037037037037037,0.4577702702702703,0.146740307559021,0.1568685584635878,6.775,23.296550971269607,8.1,5.7,-0.0455949876705079,-0.0101294610704983,0.472061655788223,0.9900537804356284,1.7987466207270282,1.3346772796567827,-1.982121812379058,219.39756269238907,157.79215088834644,0.545154860837799,0.0676036582095078,0.1629385968839928,0.0171842425044257,0.9338047963531176,0.0473837799348597,0.01434326171875,0.02001953125,0.0103759765625,0.00982666015625,0.007568359375,0.007568359375,0.00714111328125,0.01043701171875,0.0123291015625,0.0166015625,0.02203369140625,0.049072265625,0.083984375,0.078857421875,0.031982421875,0.0233154296875,0.01318359375,0.01385498046875,0.00640869140625,0.01025390625,0.00567626953125,0.00958251953125,0.0107421875,0.0205078125,0.02545166015625,0.4788818359375,138.17298679164892,20.56266226451715,130.7959096719216,1.1202213726173518,132.24456753302087,1.577107511325023,/sessions/cool-youthful-allen/mnt/Research/color-histogram-analysis/dataset/segmented/bop1/003_particle0015.png,bop1,train
0.2989690721649484,0.6691706175728096,0.4829363668681123,0.2853809761530945,13.585,24.45807338953018,9.7,2.9,0.2388760446199027,0.542915459860876,1.8281315186937697,2.1763371897133785,4.200074519969823,2.5745939014562738,-4.691362189327289,382.89656565532925,235.19369237211592,0.2475668558682148,0.0767158880611076,0.0334182741839368,0.0060857157627602,0.957844577841182,0.0259189735237459,0.029052734375,0.03509521484375,0.01312255859375,0.00982666015625,0.009033203125,0.01092529296875,0.0118408203125,0.00994873046875,0.01202392578125,0.01666259765625,0.022216796875,0.025390625,0.031005859375,0.02593994140625,0.02020263671875,0.017578125,0.01397705078125,0.0126953125,0.01068115234375,0.01171875,0.008544921875,0.00885009765625,0.00982666015625,0.01910400390625,0.02142333984375,0.58331298828125,93.84185441941077,21.617158354530527,131.89716926632005,1.8650601936510345,132.39659156556905,2.450638027515405,/sessions/cool-youthful-allen/mnt/Research/color-histogram-analysis/dataset/segmented/bop1/002_particle0003.png,bop1,train
1.8854961832061068,0.814605692953803,0.2697561578638316,0.2522214062735631,21.82125,32.972643959522244,12.35,6.55,0.2701588911810684,0.5895123383481295,1.8081454349022863,1.918386605201532,3.781781687401768,2.220308157531373,-5.39469486597044,284.82859916817404,198.6243350723661,0.4150720415248559,0.0629224770006324,0.086816535773265,0.0101748885929525,0.9558070363869262,0.0307090827445631,0.016845703125,0.0235595703125,0.00927734375,0.007080078125,0.00750732421875,0.0087890625,0.00823974609375,0.010009765625,0.00909423828125,0.01568603515625,0.0306396484375,0.05615234375,0.06494140625,0.06475830078125,0.03765869140625,0.0220947265625,0.01220703125,0.0101318359375,0.00506591796875,0.00396728515625,0.0028076171875,0.0059814453125,0.00811767578125,0.01678466796875,0.02337646484375,0.51922607421875,117.52690476190476,21.4949770420568,131.78571428571428,1.595763950286512,134.79880952380952,2.4030235937855977,/sessions/cool-youthful-allen/mnt/Research/color-histogram-analysis/dataset/segmented/op/006_particle0001.png,op,train
2.25,0.5288262392207564,0.276530665826507,0.1985769093811415,52.6625,57.728635776042935,20.7,9.2,0.2258555282828978,0.5420498172402215,1.9761955796484327,2.2033979853678147,4.2945454149438405,2.478825723925912,5.39697595912794,574.2816613212045,279.814286350381,0.4229457806613217,0.0617991900350985,0.1033245807089248,0.0140767584752691,0.9118758522400904,0.0426915356316975,0.01751708984375,0.0257568359375,0.00946044921875,0.0091552734375,0.0081787109375,0.0108642578125,0.01123046875,0.01251220703125,0.0150146484375,0.022216796875,0.03167724609375,0.04974365234375,0.0540771484375,0.045654296875,0.02581787109375,0.0201416015625,0.0142822265625,0.01171875,0.0084228515625,0.00726318359375,0.004150390625,0.00616455078125,0.00836181640625,0.02215576171875,0.0238037109375,0.524658203125,127.12769299820468,32.375359472311736,130.2439407540395,1.1935490504406134,134.01683123877916,3.170914498386829,/sessions/cool-youthful-allen/mnt/Research/color-histogram-analysis/dataset/segmented/opa/2_particle0010.png,opa,train
0.705607476635514,0.6033543996110841,0.1920375069629263,0.2019540315854946,15.51375,31.069700199365617,10.7,7.55,0.1326562274555369,0.3134569172212292,1.3253759050488416,1.7852328196665583,3.3805107379290926,2.129834355394773,-3.72770820715132,377.4764952421072,252.2802936384616,0.5064137031887868,0.0547933424458068,0.1643878656369748,0.0156512833754812,0.9385678265743852,0.0408459821918684,0.01824951171875,0.02099609375,0.0068359375,0.00701904296875,0.006591796875,0.00775146484375,0.00592041015625,0.00653076171875,0.0078125,0.01153564453125,0.017333984375,0.04620361328125,0.07427978515625,0.04071044921875,0.01812744140625,0.0169677734375,0.009033203125,0.0091552734375,0.0045166015625,0.00677490234375,0.00396728515625,0.0064697265625,0.00982666015625,0.02630615234375,0.03326416015625,0.57781982421875,112.28019639934531,23.172223282980877,130.5103109656301,1.650811951646741,131.52209492635023,1.7385829201873162,/sessions/cool-youthful-allen/mnt/Research/color-histogram-analysis/dataset/segmented/bop1/006_particle0002.png,bop1,train
1.648,0.7306911234850966,0.4331650485436893,0.3832875562445032,27.885,30.236247843503957,10.3,6.25,0.5153197812225296,1.4110624372184872,1.7978910026880153,2.467626155970564,4.736097779633834,3.556220563623369,-4.7667849614391695,397.6738640180554,236.8839470452013,0.3308615429542793,0.0520468443613486,0.067106607092775,0.008738675421648,0.9470978321720168,0.0314942694740143,0.0213623046875,0.02923583984375,0.0159912109375,0.013916015625,0.0108642578125,0.0091552734375,0.00885009765625,0.00885009765625,0.01031494140625,0.01300048828125,0.0230712890625,0.0345458984375,0.0484619140625,0.047119140625,0.02740478515625,0.0166015625,0.00927734375,0.0074462890625,0.00421142578125,0.00469970703125,0.00433349609375,0.00726318359375,0.0123291015625,0.02142333984375,0.0306396484375,0.55963134765625,122.30073349633253,27.808500080435778,131.42542787286064,1.7076883173026494,136.00718215158923,3.863792302840027,/sessions/cool-youthful-allen/mnt/Research/color-histogram-analysis/dataset/segmented/op/005_particle0001.png,op,train
0.6666666666666666,0.759499868188152,0.4371964967048213,0.3941073141792929,25.20875,28.351323676109317,9.3,6.2,0.5209299920877342,1.3093278655195175,2.4856506497260065,3.3947947984115228,-6.3595052089852,-4.058845709684231,6.821049595901793,459.3264442647115,280.1962354215724,0.3340350896278784,0.0577616888744389,0.0801565039612506,0.0105136171947832,0.9474750790823068,0.0319697787746866,0.0303955078125,0.03082275390625,0.0128173828125,0.0091552734375,0.00616455078125,0.00872802734375,0.00933837890625,0.01092529296875,0.01202392578125,0.01885986328125,0.025634765625,0.0389404296875,0.04571533203125,0.04315185546875,0.0218505859375,0.01397705078125,0.0091552734375,0.01080322265625,0.0040283203125,0.00555419921875,0.00390625,0.0057373046875,0.0087890625,0.02862548828125,0.02862548828125,0.5562744140625,114.09134115550276,25.878845856852305,130.2357047378583,1.576644129277277,131.12015446309223,2.501619705204324,/sessions/cool-youthful-allen/mnt/Research/color-histogram-analysis/dataset/segmented/op/008_particle0011.png,op,train
0.6528189910979229,0.5667866977335311,0.2706838413811707,0.2439278650769455,50.17125,50.83954854607582,16.85,11.0,0.2913200790624815,0.7037768354137821,1.9656145213180487,2.8401200073911017,-5.246802678444309,-3.197754850081103,-6.122498920704893,358.2775343473605,195.44738533118053,0.5356132225374588,0.0427081404090379,0.2554724897659635,0.011688412678709,0.9377513607724692,0.0337646192672023,0.01422119140625,0.01373291015625,0.00811767578125,0.009521484375,0.0079345703125,0.00677490234375,0.00830078125,0.011474609375,0.01239013671875,0.01812744140625,0.02392578125,0.045166015625,0.0672607421875,0.06689453125,0.03118896484375,0.02520751953125,0.014404296875,0.02197265625,0.008056640625,0.0125732421875,0.0059814453125,0.01239013671875,0.014404296875,0.0447998046875,0.091552734375,0.40362548828125,138.03683367650424,24.755066774193057,129.30267673301304,1.1823608916145771,132.4603065660032,2.5006914252831067,/sessions/cool-youthful-allen/mnt/Research/color-histogram-analysis/dataset/segmented/opa/2_particle0020.png,opa,train
1.0918918918918918,0.8323035928669732,0.3803050575327803,0.4026641486966328,35.53,33.29898945093155,10.1,9.25,0.529662317059846,1.252319535400459,2.623318831376476,2.975758777422854,5.775759601933421,3.601933660905069,7.111575268725229,362.75728011690194,220.6328542449978,0.3555540480634873,0.0626146296574512,0.0716014320429413,0.0083212835297025,0.9469026577099098,0.0322212301342808,0.0167236328125,0.02117919921875,0.01416015625,0.01806640625,0.0133056640625,0.00909423828125,0.00665283203125,0.0081787109375,0.009521484375,0.01861572265625,0.03253173828125,0.05596923828125,0.0777587890625,0.06866455078125,0.0430908203125,0.022705078125,0.00823974609375,0.004638671875,0.00335693359375,0.00384521484375,0.002197265625,0.0040283203125,0.0081787109375,0.0198974609375,0.02117919921875,0.48822021484375,128.0856997109335,29.025851447645547,130.44040129229722,1.2608556440374938,136.73218840333277,3.766686430820332,/sessions/cool-youthful-allen/mnt/Research/color-histogram-analysis/dataset/segmented/op/003_particle0024.png,op,train
1.888372093023256,0.6333221632489812,0.3355939970214228,0.1995312806605686,73.235,67.91391706466675,20.3,10.75,0.3274935419324775,0.8106392926699143,1.711504624279504,2.5207109613130374,5.570851631099918,-4.629893697443124,-4.639781180858437,497.9634590700229,258.15445141372777,0.3892674038929268,0.0567066279203633,0.0977398220290867,0.0120452669096106,0.915072236814286,0.0438835931851625,0.018310546875,0.03009033203125,0.01434326171875,0.0098876953125,0.0076904296875,0.00830078125,0.00830078125,0.01080322265625,0.01251220703125,0.0220947265625,0.0340576171875,0.04693603515625,0.0479736328125,0.043212890625,0.02435302734375,0.01824951171875,0.01068115234375,0.01422119140625,0.01007080078125,0.00640869140625,0.00506591796875,0.00604248046875,0.008056640625,0.02288818359375,0.02911376953125,0.53033447265625,139.34446102200673,28.56148533781188,128.9520701230884,1.0508058062876011,129.73983588213352,2.6489943428859197,/sessions/cool-youthful-allen/mnt/Research/color-histogram-analysis/dataset/segmented/opa/1_particle0019.png,opa,train
0.6586538461538461,0.7503792667509481,0.4165847838293093,0.4399524593040039,29.6775,29.114927566051485,10.4,6.85,0.5356070789347566,1.288705389669578,2.634104854809235,3.4756245192680715,-7.23362198668678,-4.433274018517265,6.539181860669276,378.7493551366258,227.4775636271328,0.332664021006512,0.0587025624282046,0.0798493815955636,0.0097077284926652,0.9607153955822294,0.0235506397633949,0.02508544921875,0.0306396484375,0.0135498046875,0.0087890625,0.0064697265625,0.00836181640625,0.00537109375,0.00628662109375,0.00921630859375,0.0128173828125,0.0262451171875,0.04901123046875,0.0640869140625,0.0489501953125,0.02325439453125,0.0145263671875,0.0079345703125,0.00787353515625,0.00543212890625,0.00555419921875,0.0054931640625,0.00787353515625,0.00872802734375,0.02227783203125,0.02685546875,0.54931640625,103.77714736012608,22.529094703838027,131.83230890464932,2.638132702641203,133.52687155240346,3.544730901376047,/sessions/cool-youthful-allen/mnt/Research/color-histogram-analysis/dataset/segmented/op/004_particle0025.png,op,train
0.6255707762557078,0.7013060963023595,0.3284004932840049,0.2924040757248002,24.6325,32.536247783899306,10.95,6.85,0.43306538247008,1.0568686327709538,1.596917580887771,1.919573029335882,3.684400196821752,2.4747078719024405,4.440303712505635,440.7156886628045,254.330635341834,0.3460301608669381,0.0553669695179401,0.0578199218565868,0.0072408721966659,0.9373774501737232,0.0359962920961313,0.0220947265625,0.03179931640625,0.0089111328125,0.00921630859375,0.00677490234375,0.00665283203125,0.00592041015625,0.00927734375,0.0107421875,0.0191650390625,0.0306396484375,0.044677734375,0.0526123046875,0.0469970703125,0.0316162109375,0.020751953125,0.0145263671875,0.0096435546875,0.00543212890625,0.0050048828125,0.00518798828125,0.0062255859375,0.00714111328125,0.01788330078125,0.02093505859375,0.5501708984375,118.55588882223556,33.36204311235616,130.30253949210157,1.2763720948630743,137.86182763447312,4.692323624696448,/sessions/cool-youthful-allen/mnt/Research/color-histogram-analysis/dataset/segmented/op/005_particle0009.png,op,train
1.5185185185185186,0.6759119179694066,0.217940379403794,0.2359046459926499,15.07875,28.341273123025893,10.25,6.75,0.1740369454133867,0.3944836684187298,1.6056332779732534,2.1994901924353147,4.244684603055908,2.893227908217441,-4.260746184198228,231.53743238779683,184.64231098079696,0.5442844218649344,0.0631090750803832,0.1982910782522767,0.016721251171006,0.9480812849917126,0.0412439165614378,0.0089111328125,0.01226806640625,0.00927734375,0.00970458984375,0.0086669921875,0.00738525390625,0.00604248046875,0.00799560546875,0.00823974609375,0.0128173828125,0.01910400390625,0.04937744140625,0.10687255859375,0.06768798828125,0.032958984375,0.01800537109375,0.01092529296875,0.011962890625,0.006591796875,0.00823974609375,0.0037841796875,0.0107421875,0.01556396484375,0.0274658203125,0.04656982421875,0.47283935546875,142.30979366463237,23.39760169699079,130.8666085440279,1.2800044184150716,128.74629468177855,1.946055053037921,/sessions/cool-youthful-allen/mnt/Research/color-histogram-analysis/dataset/segmented/op/001_particle0039.png,op,train
1.045801526717557,0.4230538322993796,0.2355825486153674,0.202685211960721,10.57,25.599494755268097,6.85,6.55,0.1931825996361461,0.7042822265426857,0.8514579869316329,1.5750791388453955,3.3660464044174203,-2.4485214053022584,2.80408759309416,300.7406814571261,185.3720647356766,0.3837942409491958,0.0639834250580023,0.0964122155573712,0.010078578752533,0.95390791850271,0.0282849658419348,0.024169921875,0.0264892578125,0.00885009765625,0.0084228515625,0.00714111328125,0.00885009765625,0.006103515625,0.00726318359375,0.00897216796875,0.0185546875,0.029296875,0.053466796875,0.0787353515625,0.058837890625,0.0291748046875,0.01434326171875,0.00665283203125,0.00714111328125,0.00262451171875,0.0032958984375,0.001953125,0.00531005859375,0.00982666015625,0.021728515625,0.02630615234375,0.5264892578125,105.38898117386488,24.762808812630624,130.90282392026575,1.5575781236584445,130.1705426356589,2.296233237491746,/sessions/cool-youthful-allen/mnt/Research/color-histogram-analysis/dataset/segmented/bop1/001_particle0002.png,bop1,train
1.3984375,0.5777487670438062,0.1738390363128491,0.1878271808055104,9.9575,25.810764575004576,8.95,6.4,0.0609080761846715,0.1577737442699877,1.4869209629629263,2.014577607442489,3.868345025651559,2.5503203972758874,-3.976723691434584,313.03319850457285,227.34285755834964,0.4913858756623204,0.0670320566411031,0.1388265300943956,0.0176604732459533,0.9431241550490724,0.0411050045542648,0.0220947265625,0.0201416015625,0.00897216796875,0.0064697265625,0.006103515625,0.0062255859375,0.00567626953125,0.0072021484375,0.00726318359375,0.01190185546875,0.02252197265625,0.04095458984375,0.0748291015625,0.06475830078125,0.0263671875,0.01690673828125,0.00830078125,0.009765625,0.0040283203125,0.00567626953125,0.0035400390625,0.00689697265625,0.00982666015625,0.02484130859375,0.03021240234375,0.54852294921875,108.79281567489114,26.09870664033737,128.3280116110305,0.9268369168317552,131.79934687953556,1.9205971291514463,/sessions/cool-youthful-allen/mnt/Research/color-histogram-analysis/dataset/segmented/bop1/007_particle0031.png,bop1,train
0.6553191489361702,0.4898805532791974,0.2725476651008566,0.2332515112461273,24.65875,36.448379784822464,11.75,7.7,0.2875019014309857,0.8439748979418963,1.1974066289342735,1.9402855744825012,-4.470775162856436,-2.727181320782912,3.5117382577382794,405.3310302335342,235.98694812326568,0.4667316962011994,0.0550425775032976,0.1497983255443036,0.0137083657855415,0.9429850504925348,0.033048953025139,0.01416015625,0.02093505859375,0.00897216796875,0.00848388671875,0.0076904296875,0.00628662109375,0.007568359375,0.01123046875,0.014892578125,0.02410888671875,0.03692626953125,0.06646728515625,0.0745849609375,0.06317138671875,0.0308837890625,0.02301025390625,0.0147705078125,0.01434326171875,0.0098876953125,0.00848388671875,0.0062255859375,0.006591796875,0.0093994140625,0.0262451171875,0.0330810546875,0.45159912109375,119.24848201774871,24.447427199363386,129.6851938346567,1.5779335194361686,130.62143858010276,2.1919426961852304,/sessions/cool-youthful-allen/mnt/Research/color-histogram-analysis/dataset/segmented/bop1/003_particle0016.png,bop1,train
1.345029239766082,0.6555710867350565,0.3517798118484617,0.2890684171870706,34.58875,38.77680685520172,11.5,8.55,0.5255754094767661,1.3315420596372791,2.1460712921412037,3.1450401821223206,-5.807972725677862,-3.85222670651414,6.347618562356525,403.656562396581,244.78482906593413,0.3708612081090873,0.0565912818074013,0.0862751032932656,0.0111776808632998,0.9463864694301144,0.0324027781723212,0.022216796875,0.02972412109375,0.012451171875,0.0086669921875,0.0072021484375,0.0081787109375,0.00640869140625,0.0084228515625,0.013671875,0.01812744140625,0.0257568359375,0.0308837890625,0.0435791015625,0.0367431640625,0.02496337890625,0.01690673828125,0.01239013671875,0.0125732421875,0.00775146484375,0.00518798828125,0.00457763671875,0.0062255859375,0.0115966796875,0.0228271484375,0.027099609375,0.57586669921875,119.87117903930132,26.30304578156604,129.82787481804948,1.1906331399699448,129.46542940320234,2.240272177633292,/sessions/cool-youthful-allen/mnt/Research/color-histogram-analysis/dataset/segmented/op/010_particle0014.png,op,train
0.7453183520599251,0.3836798096308292,0.1092447255001599,0.124260099932197,14.51125,38.30817783474922,13.35,9.95,-0.1732145214519539,-0.3028544969474739,0.8988312405619988,1.5239923739790897,2.851009122203258,3.3488396003650767,2.92753723256363,324.7848720442828,232.4755714002844,0.514665322519859,0.0591812975538248,0.1419817954260105,0.0098836889841207,0.9100673214389964,0.0640260952011426,0.02191162109375,0.01837158203125,0.00860595703125,0.007080078125,0.00665283203125,0.00775146484375,0.00677490234375,0.009765625,0.00958251953125,0.01446533203125,0.02606201171875,0.05291748046875,0.08819580078125,0.0650634765625,0.025390625,0.01654052734375,0.0089111328125,0.01019287109375,0.00439453125,0.0052490234375,0.00341796875,0.00567626953125,0.0074462890625,0.0234375,0.02838134765625,0.51776123046875,115.22277227722772,27.25488599052073,130.13586358635862,1.260694993636398,131.55830583058307,1.5232556584031105,/sessions/cool-youthful-allen/mnt/Research/color-histogram-analysis/dataset/segmented/bop1/004_particle0042.png,bop1,train
0.8591549295774648,0.8976656368005492,0.3354242027758536,0.3946895868982045,32.68625,32.259649670124055,10.65,9.15,0.4477244111190746,1.006226586339339,2.5979363507477253,2.9104210757652798,5.667184604999349,3.4408845658650797,-6.6280532580486975,450.74280678397815,262.0223324382875,0.4565050686847631,0.0532718238778977,0.1694454015702337,0.0164144167075169,0.9360356726767896,0.037030391659746,0.01910400390625,0.0185546875,0.0093994140625,0.0140380859375,0.01202392578125,0.00860595703125,0.00531005859375,0.00830078125,0.0081787109375,0.01263427734375,0.0191650390625,0.044921875,0.07073974609375,0.06671142578125,0.03070068359375,0.02435302734375,0.01251220703125,0.01483154296875,0.00433349609375,0.00677490234375,0.00469970703125,0.00738525390625,0.00982666015625,0.0284423828125,0.037841796875,0.5006103515625,129.04759174311926,27.0025594467888,129.5665137614679,0.971778101186263,132.76853975535167,2.1362560154883194,/sessions/cool-youthful-allen/mnt/Research/color-histogram-analysis/dataset/segmented/op/008_particle0025.png,op,train
2.11046511627907,0.7369756159431778,0.3722531872637581,0.2568704170750112,58.105,53.31564153432846,18.15,8.6,0.3789942961819516,0.8673852128978731,2.373380232457175,3.12509785744823,6.186276150760004,4.039512794283419,5.93328833835317,511.2453676668405,292.35388152149284,0.370501618192084,0.0640975697570398,0.0753066752948814,0.0118871449746456,0.9366995771879664,0.0361042180252181,0.01959228515625,0.02264404296875,0.009521484375,0.0125732421875,0.01409912109375,0.01629638671875,0.0189208984375,0.02008056640625,0.0166015625,0.02130126953125,0.0255126953125,0.04498291015625,0.064453125,0.051513671875,0.025146484375,0.01458740234375,0.0101318359375,0.0072021484375,0.00531005859375,0.0052490234375,0.0037841796875,0.006591796875,0.01214599609375,0.02508544921875,0.02203369140625,0.504638671875,117.1172593235039,29.91445082571661,130.08048568950565,1.087551148427368,131.04978317432784,3.259909496744894,/sessions/cool-youthful-allen/mnt/Research/color-histogram-analysis/dataset/segmented/opa/1_particle0008.png,opa,train
1.1428571428571428,0.4896382156656129,0.2057260920897284,0.184565566895106,13.94,30.80782072544098,8.8,7.7,0.1909775498765835,0.5448208600954892,1.0832102975777549,2.0080644118570024,-3.59954441477177,-2.328692356628659,3.9139622998437087,369.1294073778553,224.5532974374217,0.357717989860096,0.0674983751848539,0.0770667882767082,0.0105226861989207,0.9386582130131323,0.0371278650733547,0.02703857421875,0.026611328125,0.00927734375,0.00677490234375,0.00543212890625,0.00384521484375,0.0047607421875,0.00537109375,0.00830078125,0.012451171875,0.02642822265625,0.05023193359375,0.06060791015625,0.0537109375,0.02886962890625,0.01495361328125,0.00628662109375,0.005859375,0.00335693359375,0.00384521484375,0.0028076171875,0.0045166015625,0.00506591796875,0.0201416015625,0.0206298828125,0.58282470703125,106.64451219512196,29.94338917440461,130.18628048780488,1.3838333359962087,134.04451219512194,1.6397781322550955,/sessions/cool-youthful-allen/mnt/Research/color-histogram-analysis/dataset/segmented/bop1/007_particle0003.png,bop1,train
3.2,0.7528746465598491,0.51922,0.2826143908879188,64.9025,53.72030981183052,20.0,6.25,0.3905003171429098,0.8851403423168127,3.185949414455137,3.5845248269933268,6.9697869817685225,4.203731893040631,8.938886056430285,453.6601789082471,261.96542441940807,0.2894867230559593,0.0577263493931089,0.048476493546954,0.0071968054941968,0.9520364667227708,0.0277329604171258,0.02264404296875,0.0302734375,0.012451171875,0.0125732421875,0.0106201171875,0.010009765625,0.00921630859375,0.010986328125,0.01239013671875,0.01763916015625,0.0213623046875,0.0340576171875,0.04376220703125,0.0440673828125,0.027587890625,0.01715087890625,0.01019287109375,0.0101318359375,0.005615234375,0.00616455078125,0.0059814453125,0.00921630859375,0.01336669921875,0.02191162109375,0.0218505859375,0.55877685546875,105.40206445115813,29.13319286057806,130.55450654582074,1.783625259597478,131.06986404833836,3.131159095706397,/sessions/cool-youthful-allen/mnt/Research/color-histogram-analysis/dataset/segmented/opa/9_particle0008.png,opa,train
0.5346938775510204,0.335746006113386,0.1813833930518772,0.1511568674667232,14.55375,34.783913761377335,12.25,6.55,-0.0472232772559757,0.130389170358632,0.2103504150516605,0.9459603692103604,2.2816812655309824,-1.5531230174412465,-1.5308508133149874,438.754088491204,275.78121332746286,0.4783536398431822,0.0639396923567219,0.1191702679074382,0.012337089386068,0.922734090492163,0.0483655126437698,0.0179443359375,0.02667236328125,0.0108642578125,0.00970458984375,0.0096435546875,0.00933837890625,0.0064697265625,0.00750732421875,0.0086669921875,0.0159912109375,0.02972412109375,0.0474853515625,0.0653076171875,0.05145263671875,0.02484130859375,0.014404296875,0.01123046875,0.01116943359375,0.00726318359375,0.007568359375,0.004150390625,0.00616455078125,0.01019287109375,0.02203369140625,0.03277587890625,0.53143310546875,112.12796373779638,20.53162031631186,129.38772663877268,1.3566880638818553,130.42503486750348,2.465019038892731,/sessions/cool-youthful-allen/mnt/Research/color-histogram-analysis/dataset/segmented/bop1/004_particle0013.png,bop1,train
3.163265306122449,0.7545003913383772,0.3807768268597761,0.2686145312331624,7.23,18.391168743371964,7.75,2.45,0.2162841084047527,0.4710686773087863,1.8635438883935735,2.006834314399321,3.942875453847616,2.274957469001194,5.145596957987522,205.69334853233653,127.59008830856834,0.4562210213256604,0.0793667650799927,0.1679229929211741,0.0181870563915443,0.9744622009509998,0.015784592068174,0.020263671875,0.02447509765625,0.010498046875,0.0091552734375,0.01092529296875,0.00860595703125,0.008056640625,0.0089111328125,0.00732421875,0.00897216796875,0.020751953125,0.04437255859375,0.06610107421875,0.0635986328125,0.02685546875,0.01727294921875,0.00811767578125,0.01068115234375,0.00457763671875,0.00775146484375,0.00531005859375,0.01080322265625,0.01580810546875,0.029541015625,0.05206298828125,0.49920654296875,119.81921110299488,20.942977204575623,129.2673484295106,1.0967281425007058,129.12436084733383,2.3347624774185465,/sessions/cool-youthful-allen/mnt/Research/color-histogram-analysis/dataset/segmented/bop1/001_particle0025.png,bop1,train
1.252808988764045,0.3026723632403451,0.1820426260895853,0.1202753822277429,18.065,43.4445739030838,11.15,8.9,0.0348696026286258,0.4554329963775085,0.7997710621712052,1.5317470273407616,-2.7078294874877784,-1.8220542470526453,3.3641127872007264,358.0956632258631,210.79318237327428,0.489952180719757,0.0592900517905086,0.1567113910658501,0.0132901612005288,0.9272928114997656,0.0425597662753743,0.0126953125,0.02301025390625,0.0115966796875,0.01104736328125,0.0078125,0.0079345703125,0.00714111328125,0.008056640625,0.0091552734375,0.0186767578125,0.03521728515625,0.0665283203125,0.08367919921875,0.06414794921875,0.02410888671875,0.0137939453125,0.01055908203125,0.00823974609375,0.005615234375,0.00372314453125,0.00341796875,0.00738525390625,0.0128173828125,0.02978515625,0.03143310546875,0.482421875,124.72659932659931,25.87117787547325,130.1949494949495,1.3655359010705428,130.9835016835017,2.238791128714475,/sessions/cool-youthful-allen/mnt/Research/color-histogram-analysis/dataset/segmented/bop1/003_particle0040.png,bop1,train
1.16,0.6687259378637299,0.2060413793103448,0.2509311596427307,9.33625,21.622896593809127,7.25,6.25,0.2192223938106426,0.511628181442666,1.338297836786792,1.7679363437040512,3.360909720677669,2.2152117940828884,3.70880559415928,303.9062652625819,227.9540529141027,0.3712515466265449,0.0622687726147304,0.0829472348958584,0.0091694192066812,0.9555582136731108,0.0331943228769236,0.02642822265625,0.025390625,0.00885009765625,0.0062255859375,0.00439453125,0.00445556640625,0.0042724609375,0.00543212890625,0.0069580078125,0.011474609375,0.022705078125,0.04888916015625,0.07086181640625,0.05389404296875,0.02301025390625,0.01507568359375,0.00921630859375,0.0064697265625,0.0037841796875,0.00360107421875,0.003173828125,0.0042724609375,0.00830078125,0.01861572265625,0.018310546875,0.5859375,92.20065252854812,24.83977759483425,130.0858075040783,1.3157885045554234,128.87177814029363,1.9956403388063837,/sessions/cool-youthful-allen/mnt/Research/color-histogram-analysis/dataset/segmented/bop1/003_particle0000.png,bop1,train
1.0694444444444444,0.5681354549163606,0.188379329004329,0.2141737172643231,10.44375,24.754267424345016,7.7,7.2,0.1836209014535584,0.4212821595893951,1.3494101242808385,1.3487957938192028,2.6979012286187247,1.564362861072661,5.16942379842675,283.970434962682,188.2624661561496,0.5464116605007334,0.0603916391281,0.2383045102070637,0.0182883813448496,0.9406216096571132,0.0391752288421331,0.0162353515625,0.01861572265625,0.0115966796875,0.00762939453125,0.00396728515625,0.00421142578125,0.0040283203125,0.00738525390625,0.00958251953125,0.01788330078125,0.0321044921875,0.0560302734375,0.06689453125,0.0587158203125,0.03692626953125,0.02569580078125,0.01220703125,0.01263427734375,0.00506591796875,0.0064697265625,0.00445556640625,0.0106201171875,0.01318359375,0.03350830078125,0.04022216796875,0.484130859375,131.30288940551313,23.148860287305425,130.0308867485885,1.242196169133865,133.86183992029223,1.915391122128287,/sessions/cool-youthful-allen/mnt/Research/color-histogram-analysis/dataset/segmented/bop1/004_particle0019.png,bop1,train
0.5683962264150944,0.7703622392974753,0.3262301338761449,0.3020143242013741,83.33875,58.886352223157886,21.2,12.05,0.327505310290743,0.7246354797707893,3.417899594123811,4.032227568611277,7.935958788212182,4.909321266597699,7.882888084207466,431.7045470688061,268.0503727449864,0.3931333533432468,0.059428504639596,0.0889505975562502,0.0104371489445194,0.9485670561093692,0.0318068928610224,0.0189208984375,0.02117919921875,0.01397705078125,0.01092529296875,0.0096435546875,0.00921630859375,0.007568359375,0.0089111328125,0.0093994140625,0.0155029296875,0.02777099609375,0.0565185546875,0.072021484375,0.0601806640625,0.03271484375,0.01898193359375,0.010498046875,0.00836181640625,0.00543212890625,0.00244140625,0.001953125,0.00360107421875,0.006591796875,0.0216064453125,0.02044677734375,0.525634765625,110.64524869363268,26.536523869233545,129.595316431198,1.0349800929708473,129.1503773950068,2.238626578425055,/sessions/cool-youthful-allen/mnt/Research/color-histogram-analysis/dataset/segmented/opa/4_particle0003.png,opa,train
1.8682170542635657,0.7086843272001774,0.4113191160860754,0.2795131561158994,31.96875,37.9111215531826,12.05,6.45,0.4261356841806499,0.970431062235034,3.822675174915585,4.023421767273326,7.94972584605861,4.529118787897112,-8.860157133401287,335.5223914558286,211.4779398650452,0.3708131223935216,0.0614751529977736,0.085135199739832,0.0111699026903606,0.958589098652924,0.0260684771494595,0.01690673828125,0.0308837890625,0.01800537109375,0.01043701171875,0.00946044921875,0.0108642578125,0.01123046875,0.0133056640625,0.014892578125,0.018798828125,0.03070068359375,0.05255126953125,0.068603515625,0.05242919921875,0.0262451171875,0.025390625,0.01568603515625,0.01617431640625,0.01031494140625,0.01055908203125,0.00970458984375,0.01373291015625,0.01458740234375,0.0218505859375,0.0277099609375,0.448974609375,117.5068998716303,23.475746447389444,131.5035301668806,1.3921383391675104,127.76347881899872,2.6084121278085517,/sessions/cool-youthful-allen/mnt/Research/color-histogram-analysis/dataset/segmented/op/001_particle0043.png,op,train
3.193548387096774,1.0,0.9859165127982332,0.5682846951227365,68.08,38.8,14.85,4.65,0.5316277900572692,1.231597782864026,29.973271524310597,29.97015786492125,30.0,29.993197273739465,-30.0,376.8120682299441,204.87210099319697,0.233830220783811,0.0475079883672706,0.0457712626555572,0.006814337717553,0.9545131086207418,0.0249071529457062,0.02783203125,0.040283203125,0.0179443359375,0.00970458984375,0.0054931640625,0.0064697265625,0.00604248046875,0.010498046875,0.00994873046875,0.012451171875,0.01983642578125,0.0269775390625,0.03375244140625,0.02691650390625,0.015380859375,0.0126953125,0.00689697265625,0.006591796875,0.00506591796875,0.0067138671875,0.00616455078125,0.0101318359375,0.0123291015625,0.0242919921875,0.0272216796875,0.61236572265625,230.4016230068337,20.343778122556035,129.39194191343964,1.4208414479864235,132.01608769931664,2.011682214395846,/sessions/cool-youthful-allen/mnt/Research/color-histogram-analysis/dataset/segmented/op/004_particle0000.png,op,train
0.5251396648044693,0.6952178969692824,0.3019731368120765,0.290150546004922,12.7025,23.45512964129448,8.95,4.7,0.2636853360608585,0.599285835501214,1.4510201110057646,1.64184127214346,3.188546721152944,1.9451306098351688,4.637311759187549,182.44424015527136,128.19212074211873,0.4817010815155623,0.0519479734737737,0.1917308378673386,0.0119300704738716,0.9634947879799186,0.0255739825874484,0.01409912109375,0.01153564453125,0.00970458984375,0.01177978515625,0.01092529296875,0.0137939453125,0.00921630859375,0.008056640625,0.01080322265625,0.0185546875,0.02557373046875,0.05914306640625,0.0863037109375,0.07489013671875,0.02581787109375,0.02728271484375,0.015869140625,0.0242919921875,0.01226806640625,0.01953125,0.01348876953125,0.0235595703125,0.01800537109375,0.02484130859375,0.052001953125,0.378662109375,152.25795996186844,24.01715299078877,130.0886558627264,1.508019555179905,131.15557673975215,2.5848812235791163,/sessions/cool-youthful-allen/mnt/Research/color-histogram-analysis/dataset/segmented/op/009_particle0026.png,op,train
0.9367088607594936,0.3036255797359971,0.129404721176873,0.1355395925772595,17.02125,39.72533509731293,11.85,11.1,-0.1058966081003732,-0.0993112248177234,0.2452608166551777,0.604855922901448,1.075723872668812,0.8494509440236259,-1.3903155668209846,361.7617833787932,227.3864139954383,0.581333133136706,0.0503180058264459,0.2254408079009428,0.0157772546531324,0.9126023941446452,0.0546129143423255,0.01287841796875,0.01568603515625,0.01104736328125,0.00750732421875,0.0052490234375,0.00445556640625,0.00347900390625,0.00372314453125,0.00439453125,0.00860595703125,0.0211181640625,0.05767822265625,0.07330322265625,0.0548095703125,0.022705078125,0.01641845703125,0.0076904296875,0.00836181640625,0.00408935546875,0.0067138671875,0.0030517578125,0.0072021484375,0.0087890625,0.03436279296875,0.0501708984375,0.5465087890625,123.31466913465988,26.40816226544461,129.7991670522906,1.4622883217432128,131.20592318371123,1.797391830291997,/sessions/cool-youthful-allen/mnt/Research/color-histogram-analysis/dataset/segmented/bop1/006_particle0007.png,bop1,train
0.452914798206278,0.7298199913168353,0.4851263153221152,0.3855826011989755,27.31625,29.83711010813713,11.15,5.05,0.5315821924710229,1.3749338409629428,1.8409694824891965,2.2518601317566955,4.31895652664887,3.01740344865491,-4.819118884724952,251.8270547471795,160.38463033208444,0.3729827368535816,0.0582333957713638,0.1140930766499369,0.0094267594607988,0.9684548722454196,0.0200701314189266,0.0167236328125,0.02032470703125,0.0159912109375,0.01739501953125,0.01348876953125,0.012939453125,0.00634765625,0.00830078125,0.008056640625,0.015380859375,0.02520751953125,0.074951171875,0.08355712890625,0.06927490234375,0.02960205078125,0.01776123046875,0.00958251953125,0.01019287109375,0.00506591796875,0.00848388671875,0.00506591796875,0.010009765625,0.01495361328125,0.0242919921875,0.0279541015625,0.4490966796875,125.03019808837789,22.28519516116486,130.68555201551462,1.3823238039388197,128.63263609918272,1.9307785104991064,/sessions/cool-youthful-allen/mnt/Research/color-histogram-analysis/dataset/segmented/op/001_particle0003.png,op,train
0.1841269841269841,0.614824920418372,0.3700054734537493,0.1656419604956497,16.9,35.80660153031349,15.75,2.9,-0.0130360775456615,-0.0046935616219419,1.0422688390812256,1.158680872398978,2.2598155294303712,1.20628898970983,-3.518156122487404,392.74025937408567,231.47562852576127,0.2708112530780874,0.0812766898728444,0.0442949325020374,0.0090689820870155,0.9520704997572598,0.0281941215057032,0.0302734375,0.037109375,0.01251220703125,0.00775146484375,0.00653076171875,0.00732421875,0.00677490234375,0.00775146484375,0.007080078125,0.0111083984375,0.01336669921875,0.0177001953125,0.03131103515625,0.0185546875,0.01287841796875,0.01031494140625,0.00726318359375,0.00714111328125,0.0047607421875,0.005615234375,0.003662109375,0.006591796875,0.0126953125,0.02276611328125,0.02362060546875,0.66754150390625,100.09142000749344,22.72481616995176,131.0584488572499,1.657762373735777,130.90352191832147,2.10920096188758,/sessions/cool-youthful-allen/mnt/Research/color-histogram-analysis/dataset/segmented/bop1/003_particle0006.png,bop1,train
0.7566137566137566,1.0,0.9877529877529876,0.7701373505990186,66.74,33.0,9.45,7.15,0.7612718600766353,2.6487113362698,29.99772647045649,29.997784431869327,30.0,29.999905799457704,-30.0,230.25979591649923,143.90238119317493,0.2989731040108929,0.062566214620921,0.0497924260263445,0.0074694530208484,0.9664170143199132,0.0210342657735872,0.0240478515625,0.02947998046875,0.01416015625,0.01568603515625,0.01409912109375,0.0126953125,0.01055908203125,0.010009765625,0.0101318359375,0.018798828125,0.02264404296875,0.04022216796875,0.0609130859375,0.05352783203125,0.031494140625,0.01788330078125,0.0089111328125,0.006591796875,0.0028076171875,0.0020751953125,0.00250244140625,0.00372314453125,0.00927734375,0.02020263671875,0.0279541015625,0.52960205078125,235.7883134130146,12.657887701342858,128.95790172642762,0.9277809742385528,130.01739707835324,1.4709547803500818,/sessions/cool-youthful-allen/mnt/Research/color-histogram-analysis/dataset/segmented/op/009_particle0017.png,op,train
0.7053571428571429,0.6914336971146658,0.2613584990958408,0.247821511146847,5.78125,17.121677267551423,5.6,3.95,0.3310128602073796,0.7688906006048195,1.7491429537821312,2.1870943321223515,4.194868173464923,2.7979809343263047,4.543966011171992,275.61621753142254,183.6495544997132,0.4260536801082724,0.0785910423149611,0.0880412805799594,0.0137552019082508,0.958229753634003,0.0277462157629025,0.01422119140625,0.0230712890625,0.0167236328125,0.0137939453125,0.00775146484375,0.0086669921875,0.0115966796875,0.011962890625,0.0174560546875,0.02276611328125,0.037353515625,0.052978515625,0.08782958984375,0.07464599609375,0.048095703125,0.031494140625,0.01995849609375,0.0181884765625,0.01177978515625,0.007080078125,0.00653076171875,0.0076904296875,0.0106201171875,0.01556396484375,0.0135498046875,0.40863037109375,115.27765237020316,23.327321803407592,130.2019061951342,1.218582143789669,128.8903937797843,2.344812250487029,/sessions/cool-youthful-allen/mnt/Research/color-histogram-analysis/dataset/segmented/bop1/001_particle0035.png,bop1,train
1.7739130434782608,1.0,0.9864450127877238,0.7234895081986585,57.855,31.7,10.2,5.75,0.7095427865401871,1.986265732869292,0.0,0.0,0.0,0.0,0.0,465.2147456536421,271.38166363872176,0.2639751808714032,0.0487425704980198,0.059059162404597,0.0076711600867285,0.9443984829749464,0.0325329124541006,0.02606201171875,0.0296630859375,0.0186767578125,0.0130615234375,0.0101318359375,0.0093994140625,0.013916015625,0.0157470703125,0.01287841796875,0.01324462890625,0.01922607421875,0.02911376953125,0.04888916015625,0.0401611328125,0.0284423828125,0.01531982421875,0.011962890625,0.01104736328125,0.00872802734375,0.00860595703125,0.00848388671875,0.00787353515625,0.0120849609375,0.02655029296875,0.0264892578125,0.53424072265625,233.46222887060583,20.31261554932608,129.01196709050112,1.4626084678429565,131.8674894041386,2.0996770903865696,/sessions/cool-youthful-allen/mnt/Research/color-histogram-analysis/dataset/segmented/op/004_particle0031.png,op,train
0.8262108262108262,0.7094923191724777,0.2708812260536398,0.2899933872153956,68.9325,54.65411916971207,17.55,14.5,0.3217430393838129,0.732247189695492,2.1369583068850195,2.7675200225977687,5.438299863910782,3.820117306619703,5.318552379806673,404.6391270903176,237.8631317572598,0.4845785531805752,0.0549425475892286,0.1451732455387171,0.0130573890098268,0.9396200515114372,0.0353901208994554,0.01715087890625,0.01092529296875,0.00732421875,0.00762939453125,0.00848388671875,0.01318359375,0.010498046875,0.011474609375,0.01031494140625,0.0198974609375,0.0301513671875,0.07025146484375,0.08306884765625,0.07586669921875,0.0377197265625,0.035400390625,0.01922607421875,0.02105712890625,0.009033203125,0.01080322265625,0.00555419921875,0.00830078125,0.0086669921875,0.02166748046875,0.052490234375,0.39385986328125,129.8422278695468,27.34994275791538,129.33650995340955,1.0315117311550157,129.7257518000847,2.73508618478194,/sessions/cool-youthful-allen/mnt/Research/color-histogram-analysis/dataset/segmented/opa/1_particle0021.png,opa,train
1.1761006289308176,0.4358463875936501,0.1398950660881848,0.157405057549515,10.39875,28.81284609436989,9.35,7.95,0.0241774877493598,0.1477209595194906,0.5440757378474097,1.1736315929990735,2.2438635607038644,1.873046285218417,-2.135514620973048,361.92869715422927,261.0365016068652,0.5006528298830566,0.0708150583091225,0.1742842695318335,0.0161946274441855,0.92554547672328,0.053455839971222,0.017822265625,0.02557373046875,0.00872802734375,0.00970458984375,0.00701904296875,0.00592041015625,0.00384521484375,0.00286865234375,0.00604248046875,0.012939453125,0.0274658203125,0.06207275390625,0.097900390625,0.0833740234375,0.03643798828125,0.02099609375,0.011962890625,0.01129150390625,0.00396728515625,0.00518798828125,0.0052490234375,0.00823974609375,0.0118408203125,0.0283203125,0.02874755859375,0.45648193359375,115.94215885947048,27.555474774425683,129.54745417515275,1.354816645156742,131.44969450101834,2.1432922189935453,/sessions/cool-youthful-allen/mnt/Research/color-histogram-analysis/dataset/segmented/bop1/004_particle0033.png,bop1,train
1.3472222222222223,0.7265068895709528,0.1991158361970217,0.2443744175283569,13.90625,26.74127305150032,9.7,7.2,0.1422720483964213,0.312395651360985,3.1983428919454453,3.608011881340614,7.050030726125203,3.9928300535832304,-7.404049984734453,380.93480891197686,270.1364155917977,0.535604649235241,0.0640600131770511,0.1792121256505312,0.0169048018858554,0.9398635970340804,0.0424459095562896,0.01312255859375,0.01141357421875,0.0081787109375,0.01025390625,0.010009765625,0.01214599609375,0.01165771484375,0.0137939453125,0.0126953125,0.019775390625,0.03192138671875,0.0635986328125,0.07440185546875,0.0733642578125,0.03765869140625,0.02655029296875,0.01416015625,0.01971435546875,0.00701904296875,0.0093994140625,0.00811767578125,0.01470947265625,0.01263427734375,0.019775390625,0.04510498046875,0.4188232421875,111.46941992433796,25.30517415735126,128.70996216897856,1.6770430121636708,131.91614123581337,2.715474174088333,/sessions/cool-youthful-allen/mnt/Research/color-histogram-analysis/dataset/segmented/bop1/005_particle0023.png,bop1,train
1.1521739130434785,0.6764220939818631,0.1869701941482089,0.2219830296666769,10.25625,24.095688712596893,7.95,6.9,0.189748950350657,0.4338647964208392,1.3748244788396802,1.5544942491230915,3.020678553318379,1.8369252551948665,4.0966663861847525,295.62058083262536,214.8117438049057,0.5723929107886531,0.0544274474658517,0.2533022140063815,0.0195590556425377,0.9493372485042522,0.0366370203057178,0.01593017578125,0.01409912109375,0.00830078125,0.0086669921875,0.00738525390625,0.00787353515625,0.0068359375,0.009033203125,0.00823974609375,0.01434326171875,0.02508544921875,0.05731201171875,0.08746337890625,0.07879638671875,0.02447509765625,0.0244140625,0.0091552734375,0.02008056640625,0.0078125,0.01141357421875,0.00775146484375,0.01715087890625,0.0145263671875,0.02471923828125,0.07635498046875,0.41278076171875,116.44585987261146,29.325430838352357,128.60911833724438,1.2571261146473642,131.90512906469996,1.801603889787928,/sessions/cool-youthful-allen/mnt/Research/color-histogram-analysis/dataset/segmented/bop1/005_particle0038.png,bop1,train
0.5793269230769231,0.563167110170246,0.2839231567187998,0.244489783595985,71.1625,60.478383189439775,20.8,12.05,0.357644006423197,0.8985107051046137,1.6240179335280207,2.295886302840618,4.735995319322004,-3.3649075646630533,4.281038193379184,373.5691168126002,194.667368013399,0.4137831160140746,0.0628602802536011,0.1008814503424055,0.0109963170056359,0.9400437767892712,0.0311002650802612,0.00982666015625,0.01953125,0.0152587890625,0.01129150390625,0.00640869140625,0.00775146484375,0.0069580078125,0.008056640625,0.01348876953125,0.02471923828125,0.04248046875,0.07281494140625,0.0855712890625,0.06939697265625,0.03704833984375,0.0201416015625,0.01068115234375,0.0098876953125,0.0035400390625,0.0048828125,0.00201416015625,0.00421142578125,0.00445556640625,0.01611328125,0.01763916015625,0.475830078125,128.27896536981615,29.23455201775082,131.07588713125267,1.1922921246746545,131.4664386489953,3.062140761416804,/sessions/cool-youthful-allen/mnt/Research/color-histogram-analysis/dataset/segmented/opa/8_particle0015.png,opa,train
0.7824561403508772,0.6933880318981936,0.2606246558099284,0.2751269405432123,41.41,43.49015824198723,14.25,11.15,0.3146465328368766,0.7139024390320752,1.7674485541059202,2.186144605670907,4.202837733009458,2.747307661175356,4.550493620366927,331.7651260358846,217.7623087447225,0.4350858393212964,0.0714763119583027,0.0989928026086014,0.0103607561112003,0.9436218796700596,0.0368559548956877,0.01483154296875,0.02032470703125,0.0108642578125,0.00994873046875,0.00897216796875,0.00823974609375,0.00885009765625,0.0096435546875,0.0125732421875,0.02337646484375,0.04180908203125,0.07525634765625,0.0894775390625,0.07952880859375,0.0394287109375,0.01995849609375,0.0108642578125,0.009033203125,0.00341796875,0.003662109375,0.00274658203125,0.00396728515625,0.0062255859375,0.0177001953125,0.021240234375,0.44805908203125,124.4184938036225,26.71820573776928,130.82554814108676,1.182198477840931,134.79051477597713,3.0303069752380423,/sessions/cool-youthful-allen/mnt/Research/color-histogram-analysis/dataset/segmented/op/009_particle0009.png,op,train
2.63963963963964,0.3423781835492536,0.1547981428527503,0.1116538440160867,12.58625,37.63711007237434,14.65,5.55,-0.2393256375190241,-0.4458462332458162,0.3188462477045152,0.5182080813237896,0.9408163023656912,0.4158004922189997,-1.801763430959994,436.07686080794576,258.7183618205976,0.4986534295751458,0.0592922014975657,0.1873902384775726,0.0198919397723614,0.9130698635422894,0.0512967282517836,0.02056884765625,0.0262451171875,0.009765625,0.00653076171875,0.00506591796875,0.00372314453125,0.0042724609375,0.00836181640625,0.0137939453125,0.0162353515625,0.02374267578125,0.03619384765625,0.0543212890625,0.0537109375,0.0316162109375,0.02020263671875,0.00958251953125,0.0096435546875,0.00421142578125,0.00469970703125,0.0025634765625,0.00518798828125,0.0115966796875,0.0316162109375,0.03289794921875,0.55364990234375,116.85714285714286,26.89477598055163,129.5885395941106,1.2667579337340769,131.0441703143653,2.245400046079568,/sessions/cool-youthful-allen/mnt/Research/color-histogram-analysis/dataset/segmented/bop1/004_particle0012.png,bop1,train
0.4661016949152542,0.4911464938236813,0.2014060092449923,0.1697186980307522,13.07125,31.10990226864815,11.8,5.5,0.0629280630483092,0.2012807485695894,0.847534932125381,1.472146096366859,2.824751013200889,2.1670155854869733,2.7471488196464477,419.212765416293,258.6233122620871,0.5508056392879028,0.0580696010793731,0.1721560399334291,0.0189177073324157,0.9325453436075064,0.0414092756242688,0.01702880859375,0.0189208984375,0.0091552734375,0.00848388671875,0.0086669921875,0.0093994140625,0.0069580078125,0.0135498046875,0.01312255859375,0.0185546875,0.01873779296875,0.0382080078125,0.0518798828125,0.05963134765625,0.02691650390625,0.0216064453125,0.01226806640625,0.0167236328125,0.0067138671875,0.00811767578125,0.00775146484375,0.01409912109375,0.01513671875,0.027099609375,0.03759765625,0.513671875,115.84455632473254,24.361985953631,129.23725613593456,1.3966503208702896,132.5037759597231,2.0038081027572683,/sessions/cool-youthful-allen/mnt/Research/color-histogram-analysis/dataset/segmented/bop1/005_particle0017.png,bop1,train
1.0144927536231885,0.2689135381114903,0.130503795721187,0.1255239907683981,14.1825,37.68061296343804,10.5,10.35,-0.071892796593438,0.0805919475112694,0.0449969359657946,0.8606903425327482,-1.3902013181744366,-0.9238290957148668,1.576812929564163,355.9278357876515,209.3792750747228,0.5538235803749159,0.0541093990084496,0.241115237440866,0.014333538025775,0.9089590388944336,0.0531968618765109,0.02044677734375,0.02197265625,0.0078125,0.00274658203125,0.001708984375,0.00360107421875,0.00567626953125,0.00616455078125,0.00775146484375,0.0107421875,0.022705078125,0.05194091796875,0.09130859375,0.06610107421875,0.02532958984375,0.01385498046875,0.00653076171875,0.00921630859375,0.00274658203125,0.00408935546875,0.00177001953125,0.00653076171875,0.00775146484375,0.03143310546875,0.04974365234375,0.52032470703125,124.92592592592592,25.448988084264403,129.9189814814815,1.4556438309627902,132.225,1.793332558859808,/sessions/cool-youthful-allen/mnt/Research/color-histogram-analysis/dataset/segmented/bop1/002_particle0005.png,bop1,train
0.4663865546218487,0.3055241113878197,0.204330380800969,0.1465843786485732,13.495,34.013203012943265,11.9,5.55,0.0182949669966318,0.3076538252389976,0.2551856509305991,1.064119939791193,-1.8308590193536536,-1.2502354643970863,1.9286301502146168,424.8724438982391,272.6940545263952,0.4289856875900476,0.0669897419396442,0.1204820878824458,0.0137298893423441,0.9259912006864872,0.0473487060515008,0.017578125,0.0201416015625,0.0084228515625,0.0087890625,0.01080322265625,0.01080322265625,0.0106201171875,0.0106201171875,0.01422119140625,0.018310546875,0.0284423828125,0.05877685546875,0.09747314453125,0.06494140625,0.02984619140625,0.02001953125,0.01190185546875,0.0155029296875,0.01025390625,0.00885009765625,0.0052490234375,0.00555419921875,0.00750732421875,0.0189208984375,0.01904296875,0.4674072265625,117.81104560968042,24.57764818260924,129.22649705243563,1.2237510367618891,129.40366118523116,2.250096477954604,/sessions/cool-youthful-allen/mnt/Research/color-histogram-analysis/dataset/segmented/bop1/003_particle0014.png,bop1,train
0.7314148681055156,0.5831840521795049,0.2994810708810001,0.2381024917390564,95.22375,70.89173445701599,20.85,15.25,0.2975961536341822,0.7608212560189369,1.59430903407214,2.1818263037597414,4.274185882610582,3.682938853228584,4.177341517914267,424.6557988708786,239.9166327888716,0.3592675641521516,0.0589367160329892,0.0893279324430141,0.0099422742168112,0.940259689805556,0.0336552879855417,0.020263671875,0.02642822265625,0.01123046875,0.01055908203125,0.0089111328125,0.00726318359375,0.00579833984375,0.00872802734375,0.01226806640625,0.01800537109375,0.03155517578125,0.06317138671875,0.0802001953125,0.06842041015625,0.03326416015625,0.01751708984375,0.008056640625,0.00494384765625,0.00384521484375,0.00274658203125,0.002685546875,0.00592041015625,0.00811767578125,0.01922607421875,0.021240234375,0.4996337890625,125.53409484250606,22.65044997178965,131.38231221876083,1.0704237044363658,127.34804430598822,1.8766515929232768,/sessions/cool-youthful-allen/mnt/Research/color-histogram-analysis/dataset/segmented/opa/3_particle0011.png,opa,train
0.3540856031128405,0.8692648848070961,0.4735109248727925,0.374491310384687,27.685,30.479393684864043,12.85,4.55,0.4128365945777278,0.9144907066685964,4.019820199077125,4.342834268492455,8.54506451009686,4.893785813748315,-9.042801938823958,282.682827910989,168.99027460072597,0.3659005832702154,0.0571122316599198,0.102047079367178,0.0119635348370337,0.9634358909427204,0.0218348658108744,0.01556396484375,0.01959228515625,0.0181884765625,0.01812744140625,0.01348876953125,0.00836181640625,0.0040283203125,0.00433349609375,0.00653076171875,0.01416015625,0.02825927734375,0.0599365234375,0.070556640625,0.063720703125,0.03717041015625,0.02203369140625,0.0111083984375,0.01300048828125,0.00396728515625,0.005615234375,0.00390625,0.00634765625,0.0074462890625,0.02044677734375,0.02337646484375,0.500732421875,126.79223163841807,18.457813301037262,130.41073446327684,1.78599321861755,133.40225988700564,2.4407777495819287,/sessions/cool-youthful-allen/mnt/Research/color-histogram-analysis/dataset/segmented/op/003_particle0008.png,op,train
2.075949367088608,0.3375566766715627,0.1133280161915543,0.1042266995382281,33.03625,63.11183552145958,24.6,11.85,-0.2543897166033884,-0.4613206233699772,0.5681940467402896,1.479432563748594,-2.792810541716769,-1.5022123631135589,-2.5696756017288576,370.3915240506069,234.6930310469105,0.4394029791426982,0.0470575836595763,0.1288383466652379,0.006798355380121,0.9083304342698748,0.0578049728383215,0.029541015625,0.02783203125,0.00848388671875,0.0078125,0.00592041015625,0.00531005859375,0.00665283203125,0.00775146484375,0.00927734375,0.010986328125,0.01898193359375,0.03973388671875,0.0643310546875,0.05438232421875,0.02239990234375,0.01263427734375,0.00494384765625,0.0069580078125,0.00164794921875,0.0029296875,0.00213623046875,0.0042724609375,0.00732421875,0.02569580078125,0.02960205078125,0.58245849609375,106.75420703722592,29.23006150454322,130.39928607853136,1.4590027191466366,131.8674145843957,2.4454818199987414,/sessions/cool-youthful-allen/mnt/Research/color-histogram-analysis/dataset/segmented/bop1/006_particle0001.png,bop1,train
1.5806451612903225,0.7020735579219466,0.3357136139511762,0.2162154715000223,62.46875,60.254981350898746,17.15,10.85,0.3679493278371042,0.8717058521870259,2.069050351628936,2.476088866080368,4.795802528636242,3.13021679552719,5.103467895794019,380.9107151663593,201.33074618466765,0.3688179250361237,0.0569932746257676,0.0775307980750978,0.0079901578382034,0.9410856678020858,0.0310393275871426,0.0152587890625,0.01763916015625,0.007568359375,0.0079345703125,0.01141357421875,0.013916015625,0.01416015625,0.01654052734375,0.01678466796875,0.02703857421875,0.037109375,0.05633544921875,0.06561279296875,0.06170654296875,0.037353515625,0.02880859375,0.01519775390625,0.0118408203125,0.0045166015625,0.00537109375,0.0028076171875,0.00732421875,0.01055908203125,0.01995849609375,0.02734375,0.45989990234375,129.86620638178763,30.648368003460853,130.25919014741555,1.177872185699422,129.2431423773092,2.8142131690482475,/sessions/cool-youthful-allen/mnt/Research/color-histogram-analysis/dataset/segmented/opa/4_particle0016.png,opa,train
0.308411214953271,0.6780402861445783,0.5100184083828944,0.2998043974826433,18.00875,27.474368393421173,10.7,3.3,0.3142736095348359,0.7369460502347649,1.7448045986035865,2.5079908224379013,5.520676832901418,-3.6037137607634735,4.63808570484488,287.7201785226548,193.44729102161307,0.3260334627235176,0.0704526643836268,0.0635157521505833,0.0094427327771164,0.9612570041433248,0.0260088486361522,0.019775390625,0.02935791015625,0.01611328125,0.00933837890625,0.0086669921875,0.00830078125,0.00518798828125,0.01116943359375,0.01458740234375,0.0245361328125,0.03607177734375,0.0577392578125,0.06365966796875,0.0531005859375,0.032470703125,0.022216796875,0.01727294921875,0.01239013671875,0.008544921875,0.01031494140625,0.00958251953125,0.01068115234375,0.01287841796875,0.0184326171875,0.024169921875,0.46343994140625,126.59833904561032,23.42218224294822,132.11837595570788,1.9576217564120344,130.2248879514896,2.70220592125384,/sessions/cool-youthful-allen/mnt/Research/color-histogram-analysis/dataset/segmented/op/001_particle0009.png,op,train
1.153061224489796,0.5430961723550751,0.18400457528144,0.1775505335563598,45.8475,56.96416959166527,16.95,14.7,0.196744594912589,0.4737299260800567,1.2334220195263068,1.4421558514866817,2.782723965849675,1.6971304423741511,-3.7277518036360697,487.3048359920568,290.41311734994423,0.4171783661405192,0.0615294497628011,0.089739922360801,0.0098137054623022,0.9162603808686792,0.0496297670789079,0.0179443359375,0.02593994140625,0.01312255859375,0.00994873046875,0.0081787109375,0.01080322265625,0.0091552734375,0.00885009765625,0.0157470703125,0.0267333984375,0.04022216796875,0.05279541015625,0.0592041015625,0.05682373046875,0.04095458984375,0.02740478515625,0.0164794921875,0.00860595703125,0.00347900390625,0.00408935546875,0.00189208984375,0.003173828125,0.0064697265625,0.0157470703125,0.0205078125,0.4957275390625,108.40994623655914,31.651251194030973,130.47043010752688,1.132278997856098,130.97681451612902,2.959028023175823,/sessions/cool-youthful-allen/mnt/Research/color-histogram-analysis/dataset/segmented/op/008_particle0019.png,op,train
1.52,0.5842081572795517,0.2614359974009096,0.2443184874216292,50.29375,50.86086896061897,17.1,11.25,0.2697238039385051,0.6316260296774596,1.7277783418231778,2.6525892352013214,-4.842798257653685,-2.975104908368893,-6.810170264357935,401.7322172517727,236.4291231116522,0.4703598756511022,0.0550867157761746,0.1307326141927854,0.0121335562134178,0.9345677131797748,0.0383103536503511,0.01336669921875,0.0242919921875,0.0123291015625,0.00860595703125,0.00830078125,0.00775146484375,0.00762939453125,0.0089111328125,0.00982666015625,0.01715087890625,0.0242919921875,0.04437255859375,0.05706787109375,0.0589599609375,0.03076171875,0.0189208984375,0.01080322265625,0.0106201171875,0.00604248046875,0.0064697265625,0.0045166015625,0.0081787109375,0.01318359375,0.03167724609375,0.0384521484375,0.51751708984375,128.5090735434575,31.579490881240847,130.39111747851004,0.8781206556688361,134.55706781279846,3.2991330802744696,/sessions/cool-youthful-allen/mnt/Research/color-histogram-analysis/dataset/segmented/opa/9_particle0017.png,opa,train
1.5534351145038168,0.5569183868256479,0.1833092634619352,0.1902366352888037,48.8675,56.815641528368,20.35,13.1,0.0695881804682764,0.1828389475200179,1.3359218976850074,1.4984788422480522,2.9183690397084288,1.6353185947954425,3.870537681293222,418.1654920216486,254.1247976739833,0.4294234027733974,0.0609598824434207,0.0800710203916374,0.0094662107616365,0.9119436718504036,0.0533688940519341,0.0159912109375,0.0198974609375,0.01007080078125,0.01190185546875,0.009521484375,0.0098876953125,0.0089111328125,0.01446533203125,0.0150146484375,0.02423095703125,0.03277587890625,0.05047607421875,0.06707763671875,0.04571533203125,0.0294189453125,0.02227783203125,0.0167236328125,0.0118408203125,0.0054931640625,0.00537109375,0.0032958984375,0.0054931640625,0.009033203125,0.0177001953125,0.01727294921875,0.5201416015625,127.73087473331302,29.631195218537787,130.47180737580007,1.1278581738973912,136.07893934775984,2.846502567982452,/sessions/cool-youthful-allen/mnt/Research/color-histogram-analysis/dataset/segmented/opa/6_particle0012.png,opa,train
0.8782051282051282,0.5449137099367564,0.2973224312184166,0.2342630608944118,63.54375,58.38340845108032,15.6,13.7,0.3179547618451788,0.8449809486512263,1.432485058275661,1.984455746022868,3.8993236109883047,3.1865328286647463,3.799036372715816,426.7281904755606,245.6182282680588,0.4374018165823543,0.0513525438674968,0.1607727351176341,0.0081435427273679,0.9380842275695208,0.0355676102517317,0.0152587890625,0.01959228515625,0.0118408203125,0.01043701171875,0.00677490234375,0.00701904296875,0.00604248046875,0.00811767578125,0.01177978515625,0.01806640625,0.03765869140625,0.072998046875,0.08502197265625,0.06390380859375,0.0279541015625,0.02001953125,0.01324462890625,0.0123291015625,0.00677490234375,0.0067138671875,0.00433349609375,0.0072021484375,0.0108642578125,0.03509521484375,0.033447265625,0.447509765625,128.06441069025186,27.27378130701853,131.29609690444144,1.456542880749106,131.25033647375506,3.124109160813264,/sessions/cool-youthful-allen/mnt/Research/color-histogram-analysis/dataset/segmented/op/001_particle0005.png,op,train
0.5983263598326359,0.6307692307692307,0.3113058489627527,0.234571074719481,26.59875,37.74837988615036,11.95,7.15,0.4437109888761619,1.0817275707647656,1.965351676330855,2.1963213011986595,4.27785149653242,2.764876786673153,-5.525293805207609,363.7403792008274,204.57904623058516,0.4609490475241017,0.0501319545508743,0.1677669090083979,0.0159801331079808,0.9440032441811436,0.0313586463011803,0.0130615234375,0.01580810546875,0.010986328125,0.00909423828125,0.009521484375,0.01123046875,0.01043701171875,0.01788330078125,0.01776123046875,0.0255126953125,0.02301025390625,0.0426025390625,0.07135009765625,0.07550048828125,0.03179931640625,0.02734375,0.0147705078125,0.0164794921875,0.0069580078125,0.01092529296875,0.0074462890625,0.0115966796875,0.01727294921875,0.03094482421875,0.0394287109375,0.4312744140625,133.18035426731078,28.13538554922109,128.8941223832528,0.9583000806655814,131.21115136876006,2.286517148662867,/sessions/cool-youthful-allen/mnt/Research/color-histogram-analysis/dataset/segmented/op/008_particle0029.png,op,train
0.7644628099173554,0.7314403941959546,0.3000670091579182,0.3216475935773732,33.585,36.22325348854065,12.1,9.25,0.3463718789927115,0.7837334845531722,2.584047706593026,3.484361602407441,-6.925982389152729,-4.206227214913869,-6.554667598862751,566.6625346779979,274.9680448883548,0.4595896935226629,0.0534944028861261,0.1326678989938909,0.0133941772535356,0.9146364956831632,0.041163243515571,0.01629638671875,0.01922607421875,0.0093994140625,0.01153564453125,0.01092529296875,0.01318359375,0.01220703125,0.01214599609375,0.0115966796875,0.01947021484375,0.0269775390625,0.04229736328125,0.0498046875,0.05841064453125,0.03753662109375,0.02880859375,0.01385498046875,0.0172119140625,0.00567626953125,0.00933837890625,0.00335693359375,0.01043701171875,0.01025390625,0.02325439453125,0.0416259765625,0.48516845703125,130.91330942839065,33.340152691876305,129.52647120860578,1.141342868841997,132.66631512339168,4.09726992836626,/sessions/cool-youthful-allen/mnt/Research/color-histogram-analysis/dataset/segmented/op/010_particle0016.png,op,train
1.2,0.7450093521509947,0.3565592447916667,0.3235138774932811,27.38375,32.614065206050874,9.6,8.0,0.4931913350672076,1.1525857869292762,2.47105440231897,3.2220129163830054,6.237814574755096,4.268695236103369,6.201800136258078,405.90343091206125,257.207134963539,0.335474626449651,0.0607265493478484,0.060119013620279,0.0083485417162651,0.9549802334223574,0.0284481202784532,0.0191650390625,0.0235595703125,0.01715087890625,0.0108642578125,0.0074462890625,0.0093994140625,0.00848388671875,0.00982666015625,0.01300048828125,0.0177001953125,0.0325927734375,0.0413818359375,0.05059814453125,0.0430908203125,0.02618408203125,0.0150146484375,0.01043701171875,0.01031494140625,0.0052490234375,0.003662109375,0.00537109375,0.00732421875,0.00885009765625,0.019287109375,0.0164794921875,0.56756591796875,99.1267217630854,28.39904731386053,131.76326905417815,1.4219745845695455,129.6576675849403,2.972351700808954,/sessions/cool-youthful-allen/mnt/Research/color-histogram-analysis/dataset/segmented/op/010_particle0019.png,op,train
1.5804195804195804,0.7984363081617086,0.3886688532706231,0.3699372914177076,31.4025,32.66051194667816,11.3,7.15,0.5106622589949241,1.193546415560088,2.875041058177201,3.295303820192822,6.391512483128991,3.9368548811841775,-7.032937910229185,328.46571105915814,220.46092405461985,0.4167775422672324,0.0621463046524365,0.1184734067830174,0.0114191847545842,0.9572110850788056,0.0286565537115385,0.01751708984375,0.02679443359375,0.0118408203125,0.0111083984375,0.00762939453125,0.00762939453125,0.006591796875,0.00787353515625,0.009765625,0.01446533203125,0.02386474609375,0.0484619140625,0.08331298828125,0.06854248046875,0.037841796875,0.022705078125,0.01287841796875,0.013427734375,0.0037841796875,0.00897216796875,0.00677490234375,0.01239013671875,0.0137939453125,0.0257568359375,0.0345458984375,0.46173095703125,124.90846489754789,25.08562131186197,130.42307692307693,1.802159214719404,129.99378569029224,3.243369248645653,/sessions/cool-youthful-allen/mnt/Research/color-histogram-analysis/dataset/segmented/op/009_particle0019.png,op,train
1.894736842105263,0.8825244133508235,0.4917966211825861,0.4545006962852569,30.275,28.93208494186401,10.8,5.7,0.5393565657883543,1.2621472276697163,2.97919910186462,3.858891477094194,-9.280932292124756,-5.050526549759351,-7.277958184858082,358.22165650605024,214.86684713738788,0.3546162604697165,0.0534677089848231,0.0958151534701299,0.0113298608278205,0.9507005756831612,0.0295479948847525,0.02215576171875,0.03070068359375,0.01666259765625,0.0137939453125,0.00860595703125,0.0081787109375,0.00628662109375,0.00579833984375,0.006591796875,0.01007080078125,0.0159912109375,0.02685546875,0.04376220703125,0.03973388671875,0.02435302734375,0.01776123046875,0.00830078125,0.0076904296875,0.00439453125,0.0062255859375,0.006103515625,0.00885009765625,0.012451171875,0.02569580078125,0.03033447265625,0.5926513671875,133.75046979865772,24.35740347011838,130.18134228187918,1.3795246033200217,127.85812080536913,2.7079558077167736,/sessions/cool-youthful-allen/mnt/Research/color-histogram-analysis/dataset/segmented/op/001_particle0033.png,op,train
2.727272727272727,0.6757134058714843,0.5088744588744589,0.3279136412870071,20.57125,28.077312207221983,10.5,3.85,0.3572988288843304,0.8081455114326633,2.0606066492236814,2.3054198559312447,4.492741154573264,2.7284441639593324,5.341820558969903,180.49982425748544,118.57152000021948,0.3133837426682932,0.0796997262280895,0.0422244951555369,0.0078030421530413,0.9700884175223284,0.0196797609361792,0.015380859375,0.03253173828125,0.013427734375,0.01123046875,0.01080322265625,0.014892578125,0.013671875,0.0142822265625,0.01763916015625,0.03314208984375,0.0458984375,0.071044921875,0.07574462890625,0.05206298828125,0.02764892578125,0.01654052734375,0.01300048828125,0.01287841796875,0.012939453125,0.01324462890625,0.012939453125,0.01202392578125,0.01263427734375,0.0142822265625,0.0196533203125,0.41046142578125,132.48898678414096,18.717866930793303,130.80242958216527,1.7632385686137584,131.34654919236417,2.697798147384119,/sessions/cool-youthful-allen/mnt/Research/color-histogram-analysis/dataset/segmented/op/009_particle0021.png,op,train
0.445273631840796,0.5094054551639952,0.3537549681758803,0.1628118322992975,63.63875,70.08462765216828,20.1,8.95,0.1823342702578632,0.4969474227675494,1.8096538537459164,1.9435590996155745,3.8205652491279727,2.3264514542285344,5.1878902261503015,589.966773857245,315.5046093283797,0.3140861530564576,0.0551500118766177,0.0620677716007428,0.0081533239086789,0.921697810077822,0.041715773673705,0.01629638671875,0.02642822265625,0.016845703125,0.01739501953125,0.01727294921875,0.015380859375,0.01226806640625,0.0135498046875,0.0111083984375,0.0166015625,0.02557373046875,0.039306640625,0.04974365234375,0.0506591796875,0.028076171875,0.019287109375,0.0155029296875,0.01177978515625,0.005126953125,0.0030517578125,0.00457763671875,0.00537109375,0.0072021484375,0.01904296875,0.02032470703125,0.5322265625,116.31064880112837,31.16697896359671,129.45909732016926,0.925515007231428,133.7766220028209,3.2656798732933425,/sessions/cool-youthful-allen/mnt/Research/color-histogram-analysis/dataset/segmented/op/008_particle0026.png,op,train
1.0035714285714286,0.4859558457845914,0.285638027452974,0.2138668169455042,56.185,57.457062882184985,14.05,14.0,0.4113065232033576,1.2816536226601731,1.6307553911471713,2.6299609755905764,-4.761533309714848,-3.4138499251079577,-5.887166802093264,463.5192151101924,241.01884694524497,0.4823803499034018,0.0500412563119145,0.1694027617016943,0.0130048288609936,0.9191153068503308,0.0418502965250447,0.0150146484375,0.0155029296875,0.01116943359375,0.0086669921875,0.00921630859375,0.0115966796875,0.010009765625,0.01361083984375,0.01318359375,0.0179443359375,0.02288818359375,0.05462646484375,0.0733642578125,0.07470703125,0.02532958984375,0.02691650390625,0.01385498046875,0.0186767578125,0.0074462890625,0.012451171875,0.00665283203125,0.01043701171875,0.0140380859375,0.0357666015625,0.05230712890625,0.42462158203125,141.74285714285713,30.96983071228445,129.42705627705627,1.1794064437688374,133.52380952380952,3.616112959161507,/sessions/cool-youthful-allen/mnt/Research/color-histogram-analysis/dataset/segmented/opa/2_particle0019.png,opa,train
1.6058394160583942,0.5762768817204301,0.2845056403450564,0.2399760748303753,21.4375,33.504877001047134,11.0,6.85,0.2635301369954689,0.6500482848924506,1.7178888587874086,2.2769077900440133,4.383255743789023,3.2735954679638914,4.476272322855843,325.81369491051333,205.06786726245852,0.3449200242976553,0.0570804187035142,0.0526621812009235,0.0066286252545599,0.9549748641791188,0.0282432494598256,0.01812744140625,0.02752685546875,0.0147705078125,0.0118408203125,0.0091552734375,0.0081787109375,0.0087890625,0.0106201171875,0.01116943359375,0.0196533203125,0.033203125,0.0506591796875,0.06280517578125,0.05206298828125,0.03436279296875,0.0208740234375,0.01239013671875,0.00872802734375,0.007080078125,0.00640869140625,0.00433349609375,0.00506591796875,0.00640869140625,0.01220703125,0.01751708984375,0.52606201171875,106.31592268752875,30.84159026905781,131.47353888633225,1.4601200371075826,132.77680625862862,3.350704539209905,/sessions/cool-youthful-allen/mnt/Research/color-histogram-analysis/dataset/segmented/op/006_particle0008.png,op,train
0.6311688311688312,0.5860719322990127,0.2664902998236331,0.2599025294379686,62.32875,54.896402823925015,19.25,12.15,0.3345517906796886,0.9085899834510324,1.170018775435492,1.912509977527218,3.7364975930752338,3.635971786347595,3.522705790830222,486.8826393002693,253.5331211844629,0.4552676852568755,0.0513463254542971,0.1292482580398253,0.0105032416167673,0.9261807267652388,0.0381884952417423,0.02569580078125,0.025146484375,0.011474609375,0.01007080078125,0.00732421875,0.00628662109375,0.00732421875,0.00872802734375,0.01220703125,0.01654052734375,0.0274658203125,0.0399169921875,0.04736328125,0.04608154296875,0.02447509765625,0.0203857421875,0.0108642578125,0.01239013671875,0.00579833984375,0.00787353515625,0.004638671875,0.0107421875,0.01220703125,0.03057861328125,0.0355224609375,0.53289794921875,122.69510456273764,30.190640385874868,130.10860266159696,1.161953148663376,130.42989543726236,3.3962529380899893,/sessions/cool-youthful-allen/mnt/Research/color-histogram-analysis/dataset/segmented/opa/4_particle0007.png,opa,train
0.5800865800865801,0.7104094535601385,0.3049202041739355,0.2696900495699824,23.59625,33.15843043327332,11.55,6.7,0.3282295902959433,0.7515737394876488,1.801794175934789,2.152855410834468,4.133904609345607,2.53819124255882,-5.014888445089756,224.71147055426056,160.56692707823336,0.4477739855445757,0.0724231493351085,0.1139645315342283,0.0122999141287266,0.9681761048693728,0.0226636868058191,0.009521484375,0.0146484375,0.0150146484375,0.01214599609375,0.0096435546875,0.00909423828125,0.0087890625,0.01141357421875,0.01495361328125,0.01934814453125,0.03289794921875,0.07659912109375,0.1044921875,0.07781982421875,0.0413818359375,0.0223388671875,0.0120849609375,0.01031494140625,0.006103515625,0.00537109375,0.004638671875,0.008544921875,0.01080322265625,0.0224609375,0.031494140625,0.4080810546875,120.1900826446281,26.59944574730736,130.29985166348803,1.2787660513745296,131.70989616444163,3.5329661068884097,/sessions/cool-youthful-allen/mnt/Research/color-histogram-analysis/dataset/segmented/op/009_particle0018.png,op,train
0.4778156996587031,0.4431587298515838,0.2791565090199902,0.1921141088378694,28.6275,43.2730008661747,14.65,7.0,0.1817452814718021,0.6737342214832285,0.7709025555271383,1.6627996903420654,-3.3589257777930217,-2.1428557997572346,2.9049593565315246,362.7743050670904,230.6862729816948,0.4460689136600336,0.0578566408672115,0.1720243006603259,0.0158357518204711,0.9457101404007672,0.0344005314609934,0.01666259765625,0.02447509765625,0.00811767578125,0.0074462890625,0.00640869140625,0.0115966796875,0.009521484375,0.01416015625,0.01544189453125,0.02044677734375,0.02471923828125,0.04412841796875,0.0811767578125,0.06884765625,0.02984619140625,0.0179443359375,0.01214599609375,0.01336669921875,0.00579833984375,0.0079345703125,0.00494384765625,0.01068115234375,0.01513671875,0.030029296875,0.0537109375,0.4453125,129.66922402455063,30.601330725023587,128.5135905304691,1.6671555361055836,129.77575624725998,2.158230001292787,/sessions/cool-youthful-allen/mnt/Research/color-histogram-analysis/dataset/segmented/bop1/002_particle0028.png,bop1,train
1.2,0.8740157480314961,0.346875,0.465925463278767,0.41625,3.350609630346298,1.2,1.0,0.4494988956648154,1.0101041059140417,2.9052250797789774,3.368595601512085,6.547676869063495,4.0267116314914055,6.882120856584605,144.86800500414873,85.24325225127215,0.5546630918537019,0.1377957032673548,0.112681474272733,0.0195414721099815,0.9722519853258078,0.0162252570110115,0.02777099609375,0.0089111328125,0.02191162109375,0.01617431640625,0.02716064453125,0.01580810546875,0.00970458984375,0.01544189453125,0.0164794921875,0.02447509765625,0.029052734375,0.0513916015625,0.0543212890625,0.0762939453125,0.04791259765625,0.045166015625,0.03192138671875,0.02471923828125,0.0128173828125,0.01483154296875,0.011474609375,0.0152587890625,0.018310546875,0.00885009765625,0.04229736328125,0.33154296875,127.00088183421516,31.30089035512667,130.92445620223398,1.554382139053188,135.36360964138743,2.2959473326926427,/sessions/cool-youthful-allen/mnt/Research/color-histogram-analysis/dataset/segmented/opa/1_particle0000.png,opa,train
0.8358862144420132,0.4674196977066782,0.2229369780150538,0.1717332338375246,97.2975,84.37787790894508,22.85,19.1,0.1879975523947285,0.5116581864302877,0.9899527284395724,1.4769764229643978,2.7663904656930334,1.9169716041380105,3.0322945883105046,450.65938400525,257.70139428923284,0.4341667887895836,0.0562926834500374,0.1294863436517287,0.0133088800891623,0.9276108909190428,0.0412076110039433,0.01300048828125,0.01641845703125,0.00689697265625,0.00714111328125,0.0107421875,0.00927734375,0.00799560546875,0.00799560546875,0.0081787109375,0.014404296875,0.02972412109375,0.056884765625,0.08184814453125,0.05712890625,0.02764892578125,0.02008056640625,0.00946044921875,0.00738525390625,0.0047607421875,0.003662109375,0.0040283203125,0.00555419921875,0.00732421875,0.02001953125,0.0257568359375,0.53668212890625,125.45765510733663,25.021906651520705,131.82613824015098,1.374185201804517,131.034677990092,2.739276087443633,/sessions/cool-youthful-allen/mnt/Research/color-histogram-analysis/dataset/segmented/opa/3_particle0003.png,opa,train
0.5627705627705628,0.3931658562938951,0.1454045954045954,0.1367925091859264,10.91625,31.667261666059492,11.55,6.5,-0.1154195785294264,-0.1428609907574733,-0.0126979176722891,0.2777494123257383,0.4229274114599721,0.3016911634112637,-1.033863814488561,443.9335885091468,291.7139238683327,0.4787944904447376,0.0595385606285277,0.1491206185586998,0.0124533082417987,0.9152401013791002,0.0553647572181594,0.0257568359375,0.0308837890625,0.0072021484375,0.0062255859375,0.00555419921875,0.00567626953125,0.0062255859375,0.00567626953125,0.00738525390625,0.012451171875,0.01812744140625,0.0338134765625,0.0477294921875,0.03729248046875,0.021484375,0.01153564453125,0.00714111328125,0.0079345703125,0.00372314453125,0.00457763671875,0.0025634765625,0.00579833984375,0.00738525390625,0.0272216796875,0.03045654296875,0.62017822265625,105.81849169152107,23.955564224004583,129.51256923732424,1.485102732728315,128.82999573924158,1.748718966269292,/sessions/cool-youthful-allen/mnt/Research/color-histogram-analysis/dataset/segmented/bop1/006_particle0015.png,bop1,train
0.3253012048192771,0.8165742024965326,0.5254350736278447,0.3940443074730522,2.94375,9.689087218046188,4.15,1.35,0.4065683414245237,0.9044972893153732,2.908258998828823,3.0790749841788765,6.0736024363512415,3.566930342751768,-7.274183709965455,208.1360024073252,125.71828050939534,0.3490837387594403,0.1410953298547851,0.0426083585635366,0.0124499269830053,0.9770461128524598,0.0138785044766438,0.0294189453125,0.0321044921875,0.01654052734375,0.0130615234375,0.00982666015625,0.0081787109375,0.009765625,0.01361083984375,0.01806640625,0.02978515625,0.0263671875,0.041748046875,0.0369873046875,0.0384521484375,0.021728515625,0.02020263671875,0.01239013671875,0.0169677734375,0.01568603515625,0.011962890625,0.0078125,0.00872802734375,0.01434326171875,0.01812744140625,0.0216064453125,0.50653076171875,97.9644128113879,24.099668666893194,132.03342101191396,1.8608061630027468,129.96673371499304,2.997338748157932,/sessions/cool-youthful-allen/mnt/Research/color-histogram-analysis/dataset/segmented/bop1/001_particle0039.png,bop1,train
0.7086092715231788,0.7035690235690236,0.3233273503744507,0.3570965256156778,13.06,21.43797243237496,7.55,5.35,0.3437713381430451,0.7976753092940663,1.702152415806707,2.0446574191147784,3.9335705816576456,2.525198488872271,4.498866142319063,239.39461620083648,162.1201581505784,0.3354796529636937,0.0650197041325895,0.069421700246937,0.0092095809028671,0.97056714103795,0.0198783596784503,0.02008056640625,0.02325439453125,0.01239013671875,0.011962890625,0.00836181640625,0.0074462890625,0.0059814453125,0.0091552734375,0.01171875,0.01678466796875,0.03118896484375,0.0726318359375,0.0823974609375,0.06378173828125,0.029541015625,0.01690673828125,0.01177978515625,0.01165771484375,0.0096435546875,0.0093994140625,0.0048828125,0.00567626953125,0.00836181640625,0.016357421875,0.0181884765625,0.48046875,99.14005016722408,26.62853822796172,129.4878762541806,1.410461452777276,130.1438127090301,1.8865755757586768,/sessions/cool-youthful-allen/mnt/Research/color-histogram-analysis/dataset/segmented/bop1/006_particle0034.png,bop1,train
2.522727272727273,0.7264356269881131,0.4442055692055692,0.3423185341488487,5.42375,14.110407519340516,5.55,2.2,0.4675756950114946,1.1377842431005625,1.609650583722246,1.8784240657889175,3.625282098508389,2.4597007950710625,-4.567068313302302,225.0985064663784,149.17739339437512,0.4241636250803768,0.0931762621611878,0.1380826442484676,0.0165966480405624,0.9747167832837836,0.0167113933660568,0.01983642578125,0.0225830078125,0.01336669921875,0.0120849609375,0.010009765625,0.00982666015625,0.006591796875,0.00762939453125,0.010498046875,0.01361083984375,0.0289306640625,0.04486083984375,0.0623779296875,0.05133056640625,0.02593994140625,0.02032470703125,0.0115966796875,0.01422119140625,0.0087890625,0.00885009765625,0.00726318359375,0.01116943359375,0.01025390625,0.02178955078125,0.0340576171875,0.51220703125,114.2681609947644,20.47838969237886,128.66263089005236,1.765652924895604,130.8296793193717,2.579866169423864,/sessions/cool-youthful-allen/mnt/Research/color-histogram-analysis/dataset/segmented/bop1/002_particle0025.png,bop1,train
1.3487179487179488,0.7654669135058337,0.3466803158818368,0.3330288117347726,44.44875,40.953762197494505,13.15,9.75,0.3926388560321722,0.8966312494151287,2.5096083271851444,3.2696258347392777,7.057519581220371,-5.072697596580831,6.16273989670086,277.26896984105883,184.6925548515513,0.4061607270742451,0.0725599542109661,0.0917865898465637,0.0103094445638173,0.9571474466079856,0.0284708885132422,0.015625,0.02203369140625,0.01513671875,0.0126953125,0.01116943359375,0.01422119140625,0.01153564453125,0.0123291015625,0.01263427734375,0.015380859375,0.02447509765625,0.05322265625,0.09820556640625,0.0775146484375,0.03521728515625,0.02130126953125,0.010009765625,0.00885009765625,0.00537109375,0.00579833984375,0.004150390625,0.00665283203125,0.010498046875,0.0191650390625,0.01995849609375,0.45684814453125,127.48373303588028,23.535432606194146,131.08365867261574,1.5048013630023962,131.84402305261202,2.486854651381964,/sessions/cool-youthful-allen/mnt/Research/color-histogram-analysis/dataset/segmented/op/009_particle0022.png,op,train
0.9178082191780822,0.4631280751453705,0.0992320077693723,0.1213314017704024,19.41375,44.84076784849167,14.6,13.4,-0.081930529651172,-0.1317476075583756,1.210926249777665,1.7096128194751403,3.239644819461572,1.990418321233438,-3.4503967844990657,396.13586554432766,303.26603973122934,0.4783758429354579,0.0388754304347571,0.1226018462937739,0.0075314601123075,0.9174632716058144,0.063100636778947,0.026123046875,0.02880859375,0.0093994140625,0.00579833984375,0.0037841796875,0.00421142578125,0.004638671875,0.00604248046875,0.00665283203125,0.00799560546875,0.01251220703125,0.04150390625,0.05621337890625,0.04400634765625,0.0147705078125,0.01416015625,0.006591796875,0.010498046875,0.0032958984375,0.0062255859375,0.0035400390625,0.00762939453125,0.01025390625,0.02557373046875,0.025390625,0.6143798828125,108.85797752808988,29.689941707693475,129.72,1.423488356511424,131.96,2.4356380240646724,/sessions/cool-youthful-allen/mnt/Research/color-histogram-analysis/dataset/segmented/bop1/002_particle0004.png,bop1,train
0.8210116731517509,0.8553428702336711,0.3098364283475022,0.3357533300820007,42.00375,39.64959906339645,12.85,10.55,0.4417700184488473,1.0038108541733513,2.2858648270535618,2.741299471391095,5.287987094603686,3.459499775357365,5.679651353513278,349.27937210648975,217.15844063302973,0.4524873971429888,0.0494796822706,0.1538737521575736,0.0127893635193134,0.951167603198612,0.0302323892465328,0.01629638671875,0.02239990234375,0.0086669921875,0.00946044921875,0.00567626953125,0.004150390625,0.00335693359375,0.0045166015625,0.00506591796875,0.00982666015625,0.01422119140625,0.04461669921875,0.07525634765625,0.0528564453125,0.02532958984375,0.0198974609375,0.00775146484375,0.01165771484375,0.00439453125,0.005615234375,0.00408935546875,0.00927734375,0.01287841796875,0.0308837890625,0.0374755859375,0.55438232421875,126.79091653027824,30.970401623771583,130.42635024549918,1.3512955298215308,136.3314238952537,4.331381069125142,/sessions/cool-youthful-allen/mnt/Research/color-histogram-analysis/dataset/segmented/op/003_particle0031.png,op,train
0.6450617283950617,0.7206482289058324,0.3782562466772993,0.2762320995214009,64.035,53.97300105690956,16.2,10.45,0.4713472501507443,1.128309273429755,2.2018011447538184,2.346698783750058,4.621467090088564,2.914157036682708,-5.932276788994461,350.667466474791,214.0752185923969,0.3970610319973375,0.0652007777010968,0.1082585591028439,0.0129208084916768,0.9559348240670826,0.0268177478103572,0.01190185546875,0.01715087890625,0.01214599609375,0.0142822265625,0.009765625,0.0111083984375,0.0096435546875,0.0174560546875,0.021728515625,0.0286865234375,0.03546142578125,0.05596923828125,0.0762939453125,0.07061767578125,0.039306640625,0.02484130859375,0.01495361328125,0.01239013671875,0.0074462890625,0.00897216796875,0.0072021484375,0.01080322265625,0.0120849609375,0.02081298828125,0.0234375,0.425537109375,120.20145343924284,27.78270383405194,129.9905357444651,0.9419046577355868,132.89640020280547,3.0665397879041696,/sessions/cool-youthful-allen/mnt/Research/color-histogram-analysis/dataset/segmented/opa/9_particle0006.png,opa,train
1.9047619047619049,0.666760589837513,0.2640997023809524,0.2667490193439294,8.87375,20.445941358804703,8.0,4.2,0.2006044515247105,0.463551864004008,1.463426695629461,2.010917640638687,3.843957089793748,2.5296044716956394,3.97180475837658,259.34352762708426,182.24388263567985,0.3858657961152971,0.0706562746421392,0.078915753384365,0.0105952457851865,0.9610689236448076,0.0272521058538116,0.0157470703125,0.02374267578125,0.012451171875,0.0093994140625,0.00787353515625,0.00750732421875,0.0086669921875,0.0123291015625,0.01568603515625,0.02313232421875,0.03515625,0.052734375,0.0760498046875,0.06024169921875,0.03668212890625,0.02142333984375,0.01177978515625,0.00811767578125,0.00390625,0.00372314453125,0.00238037109375,0.004638671875,0.00775146484375,0.01544189453125,0.01806640625,0.50537109375,107.38355815729192,22.950647959380117,130.5752099770934,1.5395048547183685,130.95036905064902,2.1404800548181258,/sessions/cool-youthful-allen/mnt/Research/color-histogram-analysis/dataset/segmented/bop1/001_particle0005.png,bop1,train
0.8304093567251462,0.5968225948808473,0.2088584136397331,0.2317514656994526,12.67875,26.21995285749436,8.55,7.1,0.2010651530488388,0.4700803185791126,1.4875863311088733,2.062854527698678,3.93369001154508,2.560839922465743,-4.062245097581845,308.1379760931048,208.60982591144423,0.4123430109851677,0.0711638315278382,0.0839514703332814,0.0114621146038839,0.9510446536521352,0.0329855071165256,0.02093505859375,0.02252197265625,0.00799560546875,0.010009765625,0.00970458984375,0.01251220703125,0.01025390625,0.0108642578125,0.01458740234375,0.02197265625,0.03570556640625,0.04974365234375,0.06292724609375,0.055419921875,0.03662109375,0.02056884765625,0.01123046875,0.00811767578125,0.00408935546875,0.00567626953125,0.00421142578125,0.00714111328125,0.01116943359375,0.01788330078125,0.01898193359375,0.5091552734375,99.28384687208217,27.964692133413664,129.53159041394335,1.024147231361168,132.5465297230003,2.2149011387857223,/sessions/cool-youthful-allen/mnt/Research/color-histogram-analysis/dataset/segmented/bop1/007_particle0038.png,bop1,train
0.4804804804804805,0.5760361232059346,0.3352102102102102,0.2137253423148546,44.65,51.237467157840726,16.65,8.0,0.3392502402962612,0.8278413695465994,2.2969270567677693,3.2471961930602853,-6.185897977658225,-3.8016035733653113,6.15476276398548,402.8195181156505,212.64222871905744,0.3725465859783938,0.0616588802144896,0.091838315840194,0.0121262830492426,0.9462863482875282,0.0282326105154638,0.0172119140625,0.0167236328125,0.012451171875,0.01141357421875,0.01153564453125,0.01336669921875,0.01214599609375,0.0157470703125,0.018798828125,0.03277587890625,0.047607421875,0.0631103515625,0.07769775390625,0.05767822265625,0.02685546875,0.017333984375,0.01202392578125,0.01153564453125,0.00616455078125,0.005126953125,0.0048828125,0.00714111328125,0.01312255859375,0.0213623046875,0.0191650390625,0.447021484375,117.14991417127598,28.60632770944725,130.72954415411024,1.2858250664726492,131.19740606522984,3.4446298590718523,/sessions/cool-youthful-allen/mnt/Research/color-histogram-analysis/dataset/segmented/opa/5_particle0008.png,opa,train
3.3230769230769237,0.7148001440403313,0.4241452991452991,0.2529321148809929,14.8875,27.19655101299286,10.8,3.25,0.2095516503335724,0.4667525518459227,1.346388355702094,1.4451808815750569,2.84096553001658,1.6801566753338917,6.2722130597144,402.1754767949355,252.92185304448347,0.2955452120326634,0.0684204982275738,0.0589653198152327,0.0086302477164839,0.958007907441038,0.0263359066561322,0.01983642578125,0.02764892578125,0.0152587890625,0.01171875,0.01239013671875,0.0125732421875,0.00994873046875,0.01116943359375,0.014404296875,0.0174560546875,0.02685546875,0.052001953125,0.0645751953125,0.04901123046875,0.02496337890625,0.01495361328125,0.00927734375,0.00750732421875,0.00439453125,0.0072021484375,0.00811767578125,0.01043701171875,0.01055908203125,0.02001953125,0.02313232421875,0.51458740234375,97.93959948320412,23.143592498603045,130.89906330749355,1.403663221872186,132.34754521963825,2.246878493889119,/sessions/cool-youthful-allen/mnt/Research/color-histogram-analysis/dataset/segmented/bop1/004_particle0000.png,bop1,train
1.1025,0.3716677095676177,0.2373837868480725,0.1451272936535381,104.68625,95.20838651061058,22.05,20.0,0.1624921153706878,0.8188160575112128,0.8904246632684029,1.759747420083088,-3.089689676423912,-2.173299268767915,-3.912485263741954,660.0805559728483,312.12653373300606,0.4621412936970888,0.0565390795191217,0.1148289040236458,0.0134496351928233,0.8986438578291625,0.0476610778205668,0.01129150390625,0.02313232421875,0.013671875,0.01043701171875,0.00714111328125,0.0107421875,0.0103759765625,0.01416015625,0.0128173828125,0.0189208984375,0.0357666015625,0.061279296875,0.07086181640625,0.060791015625,0.0321044921875,0.02691650390625,0.01422119140625,0.013671875,0.009521484375,0.00909423828125,0.00537109375,0.00494384765625,0.00634765625,0.0194091796875,0.02166748046875,0.475341796875,125.57323172183854,29.55027374751974,130.60014289116455,1.4043819351353577,131.4598713979519,3.8367803098586815,/sessions/cool-youthful-allen/mnt/Research/color-histogram-analysis/dataset/segmented/opa/7_particle0012.png,opa,train
1.24375,0.2759586653386454,0.1392273869346733,0.125898799058077,11.0825,33.259292632341385,9.95,8.0,-0.0668044519635368,0.0782702260567677,0.0919050692413808,0.8022506835665097,2.8785214487108464,-1.3085877181406995,-1.2494483686664604,403.7351022757488,235.0578169421884,0.5528292276694746,0.0573035190276084,0.2096249768882118,0.0169851427971349,0.9106700511570224,0.0516556399238704,0.01629638671875,0.02215576171875,0.01031494140625,0.00762939453125,0.00640869140625,0.00738525390625,0.005126953125,0.00579833984375,0.0078125,0.01220703125,0.02178955078125,0.0435791015625,0.060302734375,0.0611572265625,0.02685546875,0.01715087890625,0.00848388671875,0.01031494140625,0.00421142578125,0.00592041015625,0.003173828125,0.00872802734375,0.0115966796875,0.03460693359375,0.04840087890625,0.5325927734375,119.30136383633965,25.074342308875437,131.06335239771226,1.499505308473609,131.21029476462826,2.307382049785545,/sessions/cool-youthful-allen/mnt/Research/color-histogram-analysis/dataset/segmented/bop1/004_particle0015.png,bop1,train
0.4289617486338797,0.6945869637815356,0.3981587831958512,0.2770206984203875,57.1975,50.93746709823608,18.3,7.85,0.2986789774552522,0.6916906699086932,1.9097948247006595,2.7094688704154035,-6.760267429983498,-3.497167739023752,5.019172248664421,352.6946629999231,209.4314066080345,0.4050453630944549,0.0606528844347024,0.1198807665604774,0.0101312687699264,0.95432500934933,0.0270476276359087,0.01611328125,0.0201416015625,0.012451171875,0.017822265625,0.013427734375,0.0115966796875,0.0072021484375,0.0064697265625,0.00860595703125,0.018310546875,0.02984619140625,0.06976318359375,0.08343505859375,0.076416015625,0.037841796875,0.02447509765625,0.0135498046875,0.0130615234375,0.006103515625,0.006103515625,0.00482177734375,0.00799560546875,0.01409912109375,0.03033447265625,0.035400390625,0.41461181640625,124.2516534924988,25.940715105831604,129.91046943055332,0.9546340170253014,132.2256815615422,2.9219914091304,/sessions/cool-youthful-allen/mnt/Research/color-histogram-analysis/dataset/segmented/opa/9_particle0007.png,opa,train
0.6616541353383458,0.3846474325591084,0.1577665755297334,0.143367704207398,18.465,40.230360347032544,13.3,8.8,-0.03751394413788,0.0165923960910177,0.3233246384822572,0.6221287212807253,1.1091172964800151,0.7819831518040242,-1.6932358567041144,350.1757233834501,219.61592984797988,0.5083252690387696,0.0527844124055722,0.1673422523397376,0.0148113572839079,0.9302959754641787,0.0434815241521051,0.0201416015625,0.02789306640625,0.01007080078125,0.00726318359375,0.00384521484375,0.00396728515625,0.00439453125,0.00445556640625,0.00494384765625,0.0069580078125,0.01904296875,0.05450439453125,0.07183837890625,0.0419921875,0.0164794921875,0.01336669921875,0.00994873046875,0.01220703125,0.00518798828125,0.00506591796875,0.0028076171875,0.00836181640625,0.01092529296875,0.029052734375,0.03582763671875,0.5694580078125,121.61509290860826,32.21185275967429,129.8839590443686,1.3961987871751511,130.7550246492226,2.1510768372789046,/sessions/cool-youthful-allen/mnt/Research/color-histogram-analysis/dataset/segmented/bop1/006_particle0009.png,bop1,train
2.704225352112676,0.7597879858657244,0.3943295187793427,0.3059408391916,13.43875,23.49446946978569,9.6,3.55,0.3170892313969851,0.7007572526585919,2.507019403228829,2.881589506212319,5.586013739209851,3.293827747228274,6.246725858981318,217.33402669245828,135.29625274234485,0.3335923848241203,0.0643120096179925,0.0598758534982714,0.0082823417201823,0.9719210010711412,0.017443933953365,0.01385498046875,0.01947021484375,0.01763916015625,0.0166015625,0.01104736328125,0.0125732421875,0.0130615234375,0.01593017578125,0.01666259765625,0.0313720703125,0.045166015625,0.05950927734375,0.07037353515625,0.06610107421875,0.04339599609375,0.0257568359375,0.015869140625,0.01348876953125,0.0078125,0.00726318359375,0.00579833984375,0.01129150390625,0.01409912109375,0.0177001953125,0.0152587890625,0.41290283203125,114.06289960255744,27.643272740916498,128.7103853464662,1.112988327532846,127.9457404527389,1.8988124171440055,/sessions/cool-youthful-allen/mnt/Research/color-histogram-analysis/dataset/segmented/bop1/001_particle0047.png,bop1,train
0.6,0.8039577068580852,0.3593479014915019,0.3532401974401105,51.8,42.927416533231735,15.5,9.3,0.4634577768951048,1.0625772092510777,2.575634396411366,2.9460595741510542,5.713549208612908,3.501776162162852,6.46742591686069,322.9199526353226,190.4322582467172,0.3800731291779194,0.0470322549408097,0.1010737292831404,0.0088426874273374,0.9624136395004492,0.0220836767997396,0.023681640625,0.0302734375,0.01043701171875,0.0078125,0.00390625,0.00555419921875,0.0068359375,0.00946044921875,0.01336669921875,0.01885986328125,0.02630615234375,0.04241943359375,0.0625,0.0595703125,0.02679443359375,0.01666259765625,0.0074462890625,0.00738525390625,0.00439453125,0.006591796875,0.00506591796875,0.00860595703125,0.0106201171875,0.0201416015625,0.021728515625,0.5435791015625,110.00425909494231,26.221099010609265,129.16042590949422,1.28253402242975,133.29795918367347,2.666454216527971,/sessions/cool-youthful-allen/mnt/Research/color-histogram-analysis/dataset/segmented/op/004_particle0032.png,op,train
0.5577689243027888,0.6190528816930984,0.3188104723961297,0.2877921686637873,28.0075,34.970562535524365,12.55,7.0,0.4076795833966099,0.97236767998638,1.6734198555203674,1.9672661986396685,3.803878620794324,2.567153719956039,4.358384590869517,254.14966186396103,178.10352841664516,0.4712165704252689,0.0617230625031849,0.1540255752617032,0.011949863633259,0.9647339988159084,0.0246319548587905,0.01300048828125,0.02142333984375,0.013671875,0.00787353515625,0.00738525390625,0.00885009765625,0.0064697265625,0.010986328125,0.0096435546875,0.01690673828125,0.02947998046875,0.06488037109375,0.10009765625,0.0753173828125,0.03912353515625,0.02728271484375,0.0146484375,0.0115966796875,0.004150390625,0.0057373046875,0.0072021484375,0.01226806640625,0.0133056640625,0.01806640625,0.02337646484375,0.437255859375,120.9965552178318,26.72125216778069,130.5807497467072,1.277787096276915,131.91732522796352,3.281839399880458,/sessions/cool-youthful-allen/mnt/Research/color-histogram-analysis/dataset/segmented/op/009_particle0006.png,op,val
3.515873015873016,0.599942672877105,0.3749776057902468,0.2108535536165639,52.32625,55.843711596727374,22.15,6.3,0.2238226853431364,0.5147587643174409,1.8045273203473,2.156943725397057,4.155096380002907,2.551503868204485,-4.694218448090071,597.9989677440345,306.5596401892183,0.3177102371038587,0.0585600790353861,0.0520326774878392,0.0084837661279119,0.9085295663701431,0.0467715991756664,0.028076171875,0.0316162109375,0.01287841796875,0.013427734375,0.0098876953125,0.0108642578125,0.01080322265625,0.0128173828125,0.01507568359375,0.021240234375,0.02850341796875,0.03424072265625,0.03228759765625,0.0274658203125,0.015869140625,0.0125732421875,0.0089111328125,0.0087890625,0.00469970703125,0.006103515625,0.0040283203125,0.0062255859375,0.0089111328125,0.022216796875,0.02410888671875,0.58837890625,129.4574322004806,29.803043661065757,130.539821489873,1.1065188834982371,131.59612083762443,2.5993698677552888,/sessions/cool-youthful-allen/mnt/Research/color-histogram-analysis/dataset/segmented/opa/1_particle0013.png,opa,val
0.5992366412213741,0.722529332129964,0.3113968979433072,0.2802930067353845,32.0225,37.89015815258026,13.1,7.85,0.3760913393684856,0.8608162793755194,2.306411705756896,3.126977793608003,6.787335060094264,-5.457936731218115,-5.846505626203119,390.9986881213025,237.33212207206583,0.4332779255575485,0.0583653849614041,0.1325980575442302,0.0129870451999924,0.939863416885236,0.0363614209804675,0.01373291015625,0.018798828125,0.0106201171875,0.0111083984375,0.010986328125,0.00933837890625,0.0086669921875,0.01165771484375,0.010986328125,0.01611328125,0.02630615234375,0.05279541015625,0.0672607421875,0.0621337890625,0.0279541015625,0.023193359375,0.01324462890625,0.0096435546875,0.0052490234375,0.00555419921875,0.00439453125,0.00604248046875,0.00994873046875,0.030029296875,0.029296875,0.50494384765625,131.3545923632611,30.444003004721296,130.50113519091846,1.3533007278311755,135.3106295149639,3.904365067456564,/sessions/cool-youthful-allen/mnt/Research/color-histogram-analysis/dataset/segmented/op/006_particle0021.png,op,val
2.0,0.6159579550883899,0.3873565290547443,0.2973737598067708,32.23,36.90487705469131,12.9,6.45,0.4179736062522508,0.9837676114465376,2.0377623080435145,2.711480679948856,5.51554928816789,-4.725247269315334,-5.118446893842091,406.1857288122339,225.9102059839161,0.2917436948370758,0.0484932393934769,0.0467795763477912,0.005349199563465,0.9473674901608604,0.0291934570574689,0.02490234375,0.03240966796875,0.0115966796875,0.0091552734375,0.00946044921875,0.009765625,0.0079345703125,0.00799560546875,0.0086669921875,0.01220703125,0.01580810546875,0.02490234375,0.0302734375,0.03057861328125,0.01580810546875,0.010498046875,0.00567626953125,0.00604248046875,0.00244140625,0.0029296875,0.0023193359375,0.00494384765625,0.007080078125,0.0234375,0.02410888671875,0.6590576171875,111.64140638334187,22.758471935875143,129.8837685611879,1.4467770202771195,134.11827956989248,2.2558275316489897,/sessions/cool-youthful-allen/mnt/Research/color-histogram-analysis/dataset/segmented/op/003_particle0022.png,op,val
2.333333333333333,0.6141902242027573,0.3738408855888386,0.228862824169297,55.13125,55.01944754719735,18.55,7.95,0.3434152720135139,0.8351617971831616,1.4924254461235813,1.5997406900343734,3.146025848553767,2.022035623598837,4.661529068137462,684.7039431385258,340.77641837047406,0.4193311392286672,0.050310438878384,0.1549630744385522,0.0166793798280531,0.9095232727945572,0.0448274696460183,0.02777099609375,0.02764892578125,0.01019287109375,0.01031494140625,0.008544921875,0.00787353515625,0.00738525390625,0.00775146484375,0.0081787109375,0.01025390625,0.01409912109375,0.02447509765625,0.03515625,0.03839111328125,0.017578125,0.0145263671875,0.00750732421875,0.01141357421875,0.00628662109375,0.0084228515625,0.0069580078125,0.01080322265625,0.0140380859375,0.0335693359375,0.049072265625,0.581787109375,129.84940170940172,33.16926371202116,129.91094017094017,1.434888829730527,130.36444444444444,3.1188153691333897,/sessions/cool-youthful-allen/mnt/Research/color-histogram-analysis/dataset/segmented/opa/1_particle0012.png,opa,val
0.8739130434782608,0.820269770879527,0.4801319489508976,0.3539172387121082,55.49125,44.38807666897774,11.5,10.05,0.6939980525100758,2.076797311441262,2.965206738360546,4.112706045044086,7.655018352258251,5.645726351763591,-8.558809882043684,553.2834046828057,321.5371352605827,0.2885988960753348,0.0527342471889997,0.0610376151534305,0.0083630592930175,0.941184322091917,0.0341739419286686,0.02264404296875,0.02508544921875,0.0189208984375,0.017578125,0.01202392578125,0.01165771484375,0.00958251953125,0.01202392578125,0.0106201171875,0.013916015625,0.0235595703125,0.0364990234375,0.05108642578125,0.04925537109375,0.02520751953125,0.01519775390625,0.00787353515625,0.00665283203125,0.00311279296875,0.00311279296875,0.00286865234375,0.00531005859375,0.0078125,0.02325439453125,0.02587890625,0.55926513671875,109.71203419260053,31.43720304836464,129.97315346600774,1.3751211487441612,134.11045812742086,3.410549616734712,/sessions/cool-youthful-allen/mnt/Research/color-histogram-analysis/dataset/segmented/opa/6_particle0000.png,opa,val
0.7692307692307693,0.6039892261774769,0.2216079059829059,0.2444194201811633,10.37125,23.091525715589523,7.8,6.0,0.180726571007019,0.4585475043885493,1.2891002274148131,2.224702229956499,-4.078808565998608,-2.5419514868915667,-4.20292858422102,360.39418750822745,240.1618532368654,0.474935291610204,0.0693440402360617,0.1088464734288068,0.0157341308130148,0.9440413703192452,0.037114829715401,0.01641845703125,0.01776123046875,0.01226806640625,0.0140380859375,0.01263427734375,0.00970458984375,0.0096435546875,0.012451171875,0.0111083984375,0.0172119140625,0.02325439453125,0.04534912109375,0.05645751953125,0.065185546875,0.0400390625,0.02484130859375,0.0128173828125,0.01092529296875,0.00494384765625,0.00787353515625,0.0054931640625,0.00885009765625,0.0118408203125,0.01947021484375,0.01983642578125,0.50958251953125,110.51755412521943,25.28840923290475,128.39672322995904,1.1016296376042545,132.40052662375658,2.04031049020811,/sessions/cool-youthful-allen/mnt/Research/color-histogram-analysis/dataset/segmented/bop1/005_particle0037.png,bop1,val
3.3734939759036147,1.0,0.9844234079173838,0.5515101689583972,57.195,36.1,14.0,4.15,0.5114086485004972,1.1732517472753765,0.0,0.0,0.0,0.0,0.0,281.6924050807432,174.07393724493963,0.2667019817112378,0.0635150500724111,0.0439623026942738,0.0076111368957975,0.9497588739936992,0.0311573576535635,0.0252685546875,0.02777099609375,0.01422119140625,0.01226806640625,0.0111083984375,0.01556396484375,0.01861572265625,0.02105712890625,0.018798828125,0.02685546875,0.0233154296875,0.03839111328125,0.046630859375,0.03082275390625,0.01947021484375,0.01318359375,0.01080322265625,0.00946044921875,0.0064697265625,0.00762939453125,0.0084228515625,0.01141357421875,0.013916015625,0.021728515625,0.024169921875,0.52264404296875,234.34325998155225,13.909893981606416,128.89115825536962,1.0257006205213317,130.2931875082356,1.8227800337794744,/sessions/cool-youthful-allen/mnt/Research/color-histogram-analysis/dataset/segmented/op/009_particle0015.png,op,val
1.276190476190476,0.6739011986923357,0.2637171286425018,0.3115550200292845,9.27625,19.342997586727144,6.7,5.25,0.2934808324486042,0.6566351100446821,2.260625903924171,2.3642618755067866,4.677806710731437,2.734383240776523,-5.82475025107683,299.28805763125433,216.8214065033069,0.4647885531289361,0.0682536610500483,0.1545776008031037,0.0153126727125943,0.9612040734102016,0.0280152298095017,0.0177001953125,0.02386474609375,0.01202392578125,0.00982666015625,0.00677490234375,0.00537109375,0.00494384765625,0.00579833984375,0.0091552734375,0.01318359375,0.024169921875,0.062744140625,0.1024169921875,0.069091796875,0.0313720703125,0.023193359375,0.01220703125,0.015625,0.0062255859375,0.0076904296875,0.0037841796875,0.00946044921875,0.0128173828125,0.02386474609375,0.0302734375,0.4564208984375,107.91979949874688,25.405909441432428,128.88972431077696,1.2988792833312617,128.5576441102757,1.751779750538045,/sessions/cool-youthful-allen/mnt/Research/color-histogram-analysis/dataset/segmented/bop1/006_particle0022.png,bop1,val
1.072327044025157,0.6284478176126632,0.1962457809992807,0.2260124505947615,53.20125,54.38757160902024,17.05,15.9,0.1427420801960938,0.3367097271672463,1.3803171627999944,1.401680681208134,2.7927211105307177,1.6019269294780276,-4.652015175492574,416.3231065174696,268.0933361516938,0.3974015477174629,0.0617273128121546,0.0729675823141235,0.0074805485453353,0.9323660167399032,0.0434285718182397,0.0118408203125,0.01739501953125,0.01068115234375,0.009521484375,0.01226806640625,0.01605224609375,0.01788330078125,0.0240478515625,0.02728271484375,0.03546142578125,0.047607421875,0.0670166015625,0.0904541015625,0.08203125,0.034423828125,0.0211181640625,0.01123046875,0.00921630859375,0.00433349609375,0.00689697265625,0.0047607421875,0.0064697265625,0.00927734375,0.01885986328125,0.0113525390625,0.39251708984375,122.45936395759718,28.069106375038235,131.4120141342756,1.2261757684411947,130.34110718492343,2.98398066147223,/sessions/cool-youthful-allen/mnt/Research/color-histogram-analysis/dataset/segmented/op/001_particle0025.png,op,val
1.4630872483221478,0.705587044534413,0.4024074872236931,0.3624242552885171,32.6775,33.66051188111305,10.9,7.45,0.5120496804739186,1.2543049739115362,2.4332713158515618,3.433401297715886,-6.704059774959863,-4.461630351657271,6.418342829802732,400.3817862034199,232.6448742495456,0.4073354457681528,0.050091096730495,0.165017483956609,0.0145180810056893,0.9516229188223656,0.028045654059556,0.0220947265625,0.02191162109375,0.0106201171875,0.00921630859375,0.00897216796875,0.0101318359375,0.00885009765625,0.010986328125,0.01025390625,0.0150146484375,0.0218505859375,0.0435791015625,0.0526123046875,0.05426025390625,0.021240234375,0.01416015625,0.00775146484375,0.01129150390625,0.0057373046875,0.00860595703125,0.0047607421875,0.00921630859375,0.01531982421875,0.03155517578125,0.0369873046875,0.53302001953125,123.14697359948488,26.901943323642723,128.86912427559562,1.3599338808722916,132.29555698647778,2.544116774647656,/sessions/cool-youthful-allen/mnt/Research/color-histogram-analysis/dataset/segmented/op/003_particle0029.png,op,val
1.1754385964912282,0.5358546168958742,0.249967268918565,0.2722417056228001,9.54625,20.991525715589525,6.7,5.7,0.2198383841231516,0.5534371538649409,1.8306924014096484,2.426865226488242,4.929351088057076,4.425453683001964,-4.598443352445536,277.4759770575281,176.11651412093445,0.3572262650915114,0.0643317642068561,0.0804054151793537,0.0086015625272326,0.9568635734344756,0.0272707843729485,0.0220947265625,0.02313232421875,0.0103759765625,0.010009765625,0.00799560546875,0.00616455078125,0.00677490234375,0.00909423828125,0.01190185546875,0.02056884765625,0.0313720703125,0.05419921875,0.0704345703125,0.04852294921875,0.0291748046875,0.0189208984375,0.01007080078125,0.00836181640625,0.00262451171875,0.00384521484375,0.00286865234375,0.0050048828125,0.0087890625,0.01708984375,0.01641845703125,0.544189453125,104.81613159989386,24.673767328127457,132.50570443088353,1.7695672808809335,131.74661713982488,2.0590267691346167,/sessions/cool-youthful-allen/mnt/Research/color-histogram-analysis/dataset/segmented/bop1/001_particle0001.png,bop1,val
0.4029850746268656,0.7920484423551908,0.3052945150789263,0.2559178729115267,12.42625,24.701576220989228,10.05,4.05,0.2406118132281731,0.5215950771756047,2.972458725409695,3.531114150161252,6.8691242688136,4.0849302973834,-7.025151624608157,248.03291417253556,158.47878266139315,0.4282860481760622,0.064867741257972,0.109364902195212,0.0156428730833683,0.95950923434888,0.0257808348548778,0.0230712890625,0.02203369140625,0.01239013671875,0.01025390625,0.0098876953125,0.0093994140625,0.00811767578125,0.0096435546875,0.00970458984375,0.01483154296875,0.0274658203125,0.057373046875,0.076416015625,0.07147216796875,0.03289794921875,0.0177001953125,0.009765625,0.01361083984375,0.0072021484375,0.01031494140625,0.008056640625,0.013671875,0.01397705078125,0.0201416015625,0.0321044921875,0.45849609375,127.10279765777489,21.2274771191212,128.84471914985903,1.098373130196631,132.3597918022121,1.185294976507449,/sessions/cool-youthful-allen/mnt/Research/color-histogram-analysis/dataset/segmented/bop1/007_particle0039.png,bop1,val
1.1090909090909091,0.4971218706262431,0.2816095380029806,0.1784225271286173,59.05,64.48965295553208,15.25,13.75,0.3384345854299843,1.2364074814529964,1.307290387980215,2.147521266957252,-4.130950562907315,-3.1976325338663454,3.954741175526884,611.4301322268823,328.19632255006377,0.4578616860527199,0.0553602467181119,0.1310646865394731,0.0142068618327551,0.9180630393665068,0.0437661993841663,0.01641845703125,0.01800537109375,0.01141357421875,0.009521484375,0.0086669921875,0.0076904296875,0.0078125,0.01068115234375,0.013916015625,0.02508544921875,0.03131103515625,0.04974365234375,0.05877685546875,0.06292724609375,0.0406494140625,0.0318603515625,0.01971435546875,0.0155029296875,0.00933837890625,0.00933837890625,0.005615234375,0.0067138671875,0.00897216796875,0.02191162109375,0.0240478515625,0.474365234375,117.67458379578248,28.85783954848544,130.83263041065482,1.2774665662504137,130.48390677025526,2.896018286899493,/sessions/cool-youthful-allen/mnt/Research/color-histogram-analysis/dataset/segmented/opa/4_particle0002.png,opa,val
2.5720338983050848,0.4280157800995411,0.2692458045960963,0.1482894837645213,96.425,90.39503539204595,30.35,11.8,0.1516944946245425,0.4349519708059445,0.8645894582995456,1.675780103749111,-3.549097953822049,-2.142782617737298,-2.959907896252621,417.06286475144464,222.8178334152837,0.3507675864121442,0.0626479596276064,0.0597574296546056,0.0081544184934969,0.9376645471085104,0.0331874487183959,0.01470947265625,0.028564453125,0.01239013671875,0.010986328125,0.00933837890625,0.00885009765625,0.00677490234375,0.01129150390625,0.01910400390625,0.02783203125,0.0506591796875,0.0745849609375,0.0999755859375,0.06201171875,0.03350830078125,0.02093505859375,0.008544921875,0.00677490234375,0.00421142578125,0.00567626953125,0.005615234375,0.0069580078125,0.00653076171875,0.01409912109375,0.01641845703125,0.43365478515625,114.56757980529773,28.124452863354623,131.68394838125425,1.28546954606754,130.0287525469776,2.491250181753238,/sessions/cool-youthful-allen/mnt/Research/color-histogram-analysis/dataset/segmented/opa/4_particle0014.png,opa,val
1.4489795918367347,0.7536240187933306,0.2100380058126537,0.2488488422851769,16.44125,28.814065313339235,10.65,7.35,0.2096204564832749,0.4687551339427814,1.459009126636772,1.692004330559446,3.2720599902401086,2.000479337813549,-4.109204033354128,412.8177525373663,284.2516539979386,0.4318384492718712,0.0687573845843989,0.1229461310069288,0.0165838021480876,0.9367009709432004,0.0433900721061795,0.0242919921875,0.02105712890625,0.0133056640625,0.011474609375,0.0098876953125,0.00946044921875,0.00689697265625,0.0068359375,0.0074462890625,0.011962890625,0.02703857421875,0.0509033203125,0.067138671875,0.05804443359375,0.0338134765625,0.02044677734375,0.00927734375,0.0079345703125,0.00384521484375,0.00347900390625,0.00347900390625,0.004638671875,0.0078125,0.0213623046875,0.03009033203125,0.528076171875,108.16264333132166,27.29917252468311,128.62854556427277,1.27291780226676,132.86722993361496,2.194631979738476,/sessions/cool-youthful-allen/mnt/Research/color-histogram-analysis/dataset/segmented/bop1/005_particle0021.png,bop1,val
2.335664335664336,0.4188343512025936,0.2907646245969599,0.1434768904605523,34.71875,55.14371163845063,16.7,7.15,0.0806508718570895,0.2849183134401724,1.2659263901358424,2.1304131747580444,-3.9869464363021625,-2.283969632519841,3.971523278553211,543.6024202215348,334.87145528102496,0.3303797463167776,0.0590714366162687,0.0573433384184291,0.0071023663578433,0.920388271146992,0.0488553987783923,0.01641845703125,0.03057861328125,0.01336669921875,0.01104736328125,0.0115966796875,0.0126953125,0.0123291015625,0.0125732421875,0.0181884765625,0.0286865234375,0.03765869140625,0.05908203125,0.06610107421875,0.05224609375,0.02899169921875,0.02020263671875,0.011962890625,0.00823974609375,0.00494384765625,0.00579833984375,0.00286865234375,0.003662109375,0.0067138671875,0.015380859375,0.0162353515625,0.492431640625,114.41069071711397,29.40053751042903,131.22327320721513,1.6430456904578,136.38231412230533,3.131785657165421,/sessions/cool-youthful-allen/mnt/Research/color-histogram-analysis/dataset/segmented/op/002_particle0012.png,op,val
1.803468208092485,0.6582129165437924,0.2274344152956869,0.2233407811935078,30.69,41.55462436079979,15.6,8.65,0.238282450451531,0.5512487170397019,1.0161883539849368,1.1550912961761113,2.2407776834742608,1.430889567758485,4.075114731596894,217.4529193531756,161.02640643373195,0.4751845858374117,0.0722104237678819,0.094512890988665,0.0103729442276994,0.9577204652000156,0.031186462816008,0.01702880859375,0.0206298828125,0.01373291015625,0.01141357421875,0.00799560546875,0.0072021484375,0.00726318359375,0.0091552734375,0.01214599609375,0.0213623046875,0.0321044921875,0.0697021484375,0.10064697265625,0.07366943359375,0.041748046875,0.02374267578125,0.0130615234375,0.0126953125,0.0069580078125,0.00665283203125,0.004638671875,0.00531005859375,0.00811767578125,0.01959228515625,0.0247802734375,0.42864990234375,124.84915112719176,24.606382179215355,131.67353186752018,1.6729584914988438,132.8444197049819,2.5860116658581807,/sessions/cool-youthful-allen/mnt/Research/color-histogram-analysis/dataset/segmented/op/009_particle0010.png,op,val
0.9649122807017544,0.759692935574774,0.4156299840510367,0.3854052516674338,29.3175,30.917871284484864,8.55,8.25,0.5251461894722349,1.3355194461650326,2.101020487791688,2.8836262217404496,5.514173179891867,3.8281404298456976,-5.539493676351319,452.039789468663,267.6860603457671,0.3627411510069347,0.0566847110418472,0.10558444157915,0.0131680601035816,0.950422111118888,0.0292942546399762,0.01947021484375,0.02484130859375,0.0118408203125,0.009033203125,0.009521484375,0.0101318359375,0.00830078125,0.013427734375,0.01715087890625,0.02484130859375,0.02703857421875,0.0435791015625,0.052490234375,0.05841064453125,0.0357666015625,0.0277099609375,0.01300048828125,0.01007080078125,0.00555419921875,0.0059814453125,0.00494384765625,0.006591796875,0.01129150390625,0.0206298828125,0.0235595703125,0.50482177734375,108.2785770750988,24.591001108631016,129.32363636363635,1.0524968516386672,132.0208695652174,2.129679046404476,/sessions/cool-youthful-allen/mnt/Research/color-histogram-analysis/dataset/segmented/op/008_particle0000.png,op,val
1.0161290322580645,0.726763115427083,0.2628776241679467,0.2485155733443363,64.175,56.965388828516005,15.75,15.5,0.3065177110813594,0.69014393005564,2.2767971095900665,2.7326540131373016,5.3045285521218455,3.3476385970444102,5.524947013681645,381.4369233505264,242.87706678179725,0.4328218800645645,0.0627513453811728,0.1214789210651198,0.0130534678122608,0.947845586156984,0.0330500077107919,0.021728515625,0.02227783203125,0.0107421875,0.017822265625,0.01214599609375,0.00860595703125,0.00421142578125,0.00445556640625,0.0059814453125,0.01287841796875,0.022216796875,0.058349609375,0.1036376953125,0.07647705078125,0.0364990234375,0.0186767578125,0.0107421875,0.00811767578125,0.00457763671875,0.00494384765625,0.0035400390625,0.00653076171875,0.0089111328125,0.0289306640625,0.0263671875,0.46063232421875,110.09720246562352,28.782766377613733,131.2629208155524,1.0797305759016185,133.7733522996681,2.758637660973814,/sessions/cool-youthful-allen/mnt/Research/color-histogram-analysis/dataset/segmented/opa/2_particle0013.png,opa,val
2.551282051282051,0.6561417804033408,0.3112678778507924,0.252485119864143,12.07875,24.518733555078505,9.95,3.9,0.1513996192995027,0.3509228639166667,1.7552562603478985,2.683859854155273,-5.019617014472312,-2.9500537743505046,5.094708550876497,272.6054032952829,171.53017881253672,0.4939853610858356,0.0547848849765702,0.1947411893690968,0.0168180934185929,0.9610741804791504,0.024391501070914,0.0101318359375,0.01043701171875,0.0089111328125,0.011474609375,0.00787353515625,0.008056640625,0.00885009765625,0.01141357421875,0.00897216796875,0.016357421875,0.02777099609375,0.04949951171875,0.06719970703125,0.0640869140625,0.03131103515625,0.0242919921875,0.01226806640625,0.01519775390625,0.005859375,0.006591796875,0.005615234375,0.0084228515625,0.00933837890625,0.01983642578125,0.03436279296875,0.515869140625,125.84022915340547,20.91373719012177,131.50541056651815,2.1455677737190806,132.2711648631445,3.011522229248678,/sessions/cool-youthful-allen/mnt/Research/color-histogram-analysis/dataset/segmented/bop1/001_particle0014.png,bop1,val
2.108910891089109,0.7618249534450652,0.4754102170780458,0.33518062512376,25.56875,30.961374115943908,10.65,5.05,0.502069592357722,1.171297681172434,2.5192082311074517,2.6899963013238555,5.295304782973191,3.285773620252621,-6.538860135158703,565.311094188022,321.0510295185045,0.2478333375014303,0.051321730497098,0.0383527805606302,0.0057051983485173,0.9354399344111828,0.0366576875880101,0.03466796875,0.040771484375,0.01318359375,0.00762939453125,0.00701904296875,0.00787353515625,0.00506591796875,0.00726318359375,0.00897216796875,0.01190185546875,0.01593017578125,0.0220947265625,0.02569580078125,0.0242919921875,0.01727294921875,0.01055908203125,0.00933837890625,0.00860595703125,0.006591796875,0.00537109375,0.00537109375,0.00518798828125,0.0096435546875,0.02520751953125,0.02557373046875,0.638916015625,111.28199415123242,29.050215976825413,130.3392285197048,1.49070551817922,134.56510235343268,3.4579619714003584,/sessions/cool-youthful-allen/mnt/Research/color-histogram-analysis/dataset/segmented/op/002_particle0010.png,op,val
0.8873239436619719,0.8286538725782073,0.2527945450480662,0.2874475260935712,45.23,44.467113429307936,14.2,12.6,0.3182768711777476,0.6928852740392828,2.8858963377563933,3.0146229613439224,5.965183560091733,3.371282178837229,7.394163631028095,422.4954076370094,264.77962341303095,0.4793968965944272,0.0622915329299689,0.1394593522383534,0.0158259458668194,0.935258152055614,0.0403664339489448,0.012451171875,0.0145263671875,0.0068359375,0.0089111328125,0.010986328125,0.012939453125,0.01123046875,0.01336669921875,0.01220703125,0.02191162109375,0.035400390625,0.061279296875,0.0789794921875,0.0703125,0.03997802734375,0.02593994140625,0.014404296875,0.01141357421875,0.0054931640625,0.005615234375,0.00311279296875,0.0050048828125,0.006591796875,0.0206298828125,0.02972412109375,0.46075439453125,121.515376984127,24.98595362654234,130.01289682539684,1.0816526987825494,131.32589285714286,2.692111528258794,/sessions/cool-youthful-allen/mnt/Research/color-histogram-analysis/dataset/segmented/op/010_particle0012.png,op,val
0.5348837209302325,0.7219840578739366,0.4359352881698685,0.3713074343552007,26.94625,30.198632496595383,10.75,5.75,0.4566872790876933,1.0776334402601762,2.3730522858833805,3.202337587559401,-6.664440898852876,-4.097074350743279,5.9999831453907,254.84097940681343,163.81970830754227,0.3903658521589317,0.0696061051837938,0.0796482344140498,0.0099085821393022,0.967839037254461,0.0206309435323337,0.01397705078125,0.03057861328125,0.0145263671875,0.01715087890625,0.00921630859375,0.01092529296875,0.00555419921875,0.00677490234375,0.01025390625,0.0238037109375,0.03369140625,0.06536865234375,0.076904296875,0.0738525390625,0.04058837890625,0.0263671875,0.01507568359375,0.01007080078125,0.00677490234375,0.00677490234375,0.00738525390625,0.01275634765625,0.0140380859375,0.01904296875,0.02374267578125,0.4248046875,119.05384261389784,23.53322906578477,131.1719588894002,1.69078578500955,131.85442552538734,2.859947367553204,/sessions/cool-youthful-allen/mnt/Research/color-histogram-analysis/dataset/segmented/op/009_particle0004.png,op,val
0.2684210526315789,0.6520519116099615,0.3836945304437564,0.2189043014463659,9.295,23.099494779109957,9.5,2.55,0.1899863161839889,0.4309082394380067,2.422160606704881,2.967558481958127,5.6698670250150505,3.212784379767451,6.398460086520193,383.5976695768551,236.71761272947785,0.2625748973708591,0.0990370796489918,0.0342651347958155,0.008395712932386,0.9388188824578266,0.0377626577358997,0.0361328125,0.03961181640625,0.01727294921875,0.011474609375,0.00726318359375,0.0096435546875,0.01165771484375,0.009521484375,0.00933837890625,0.01068115234375,0.007568359375,0.01934814453125,0.02850341796875,0.02740478515625,0.01129150390625,0.0093994140625,0.0068359375,0.00823974609375,0.0059814453125,0.0064697265625,0.00531005859375,0.00775146484375,0.01043701171875,0.02166748046875,0.02227783203125,0.638916015625,112.64371645382197,23.3010663207699,129.28243568387933,0.9400898144466748,134.52230242457892,1.9467300828612528,/sessions/cool-youthful-allen/mnt/Research/color-histogram-analysis/dataset/segmented/bop1/007_particle0007.png,bop1,val
0.9745222929936306,0.3582977700306545,0.1240789309354315,0.1377996691790701,7.45125,26.067261695861816,7.85,7.65,-0.0357503558058971,0.0503213323567261,0.2779550782582217,1.137987418949305,-2.205935687538185,-1.266778760577528,1.8918680099215543,321.7709567441959,217.96793562038908,0.5457127528612984,0.0709500478258164,0.1828229191031451,0.0215381397356195,0.9230926044148512,0.0517924545136343,0.01739501953125,0.01849365234375,0.01708984375,0.00970458984375,0.006591796875,0.00921630859375,0.00848388671875,0.00677490234375,0.00537109375,0.0130615234375,0.024169921875,0.05230712890625,0.080078125,0.06890869140625,0.02850341796875,0.01385498046875,0.00714111328125,0.006103515625,0.00360107421875,0.0062255859375,0.00439453125,0.0120849609375,0.017822265625,0.03076171875,0.04168701171875,0.49017333984375,113.56867588932806,30.198588870810383,130.67588932806325,1.2485927650319226,134.848814229249,2.5098361002412504,/sessions/cool-youthful-allen/mnt/Research/color-histogram-analysis/dataset/segmented/bop1/007_particle0032.png,bop1,val
1.685483870967742,0.7431319179822173,0.3950648248186448,0.3294314737845962,25.59625,31.24716056585312,10.45,6.2,0.4821321536336528,1.139778181791185,2.3662080401319088,3.307902362942768,-8.035115936464964,-4.59689786592504,6.144993578664625,444.5591796937862,278.0594331335353,0.3317004758567667,0.0565890622711007,0.0664614049077335,0.0075132399789256,0.9488952438060336,0.0318931242309664,0.02301025390625,0.02691650390625,0.0120849609375,0.009765625,0.007568359375,0.0079345703125,0.00750732421875,0.0068359375,0.01104736328125,0.01751708984375,0.02886962890625,0.052734375,0.0640869140625,0.0557861328125,0.0389404296875,0.02392578125,0.0118408203125,0.008544921875,0.00274658203125,0.0032958984375,0.00341796875,0.009033203125,0.01263427734375,0.0213623046875,0.021240234375,0.5113525390625,109.85820158102769,26.405488458739192,130.75510540184453,1.910240490267111,133.15629117259553,3.583942551941057,/sessions/cool-youthful-allen/mnt/Research/color-histogram-analysis/dataset/segmented/op/004_particle0011.png,op,val
0.5862068965517241,0.5980974270573964,0.1938982489547543,0.2008657017886029,11.71,27.066399413347245,10.15,5.95,0.0872493948353661,0.2388067942590921,1.1223268415026966,2.088284025452257,-3.7204229102529416,-2.239560269366187,-4.16090693068756,339.0669535258372,243.0163425572578,0.4755817028419458,0.0667403133098016,0.125363917832971,0.0165000403910903,0.9383111690471042,0.0440089906170727,0.01904296875,0.018310546875,0.0130615234375,0.0093994140625,0.0098876953125,0.01239013671875,0.011474609375,0.0157470703125,0.01763916015625,0.02703857421875,0.03106689453125,0.04443359375,0.05938720703125,0.0548095703125,0.02923583984375,0.01983642578125,0.01068115234375,0.01116943359375,0.007080078125,0.0086669921875,0.00469970703125,0.00634765625,0.01080322265625,0.01995849609375,0.02996826171875,0.49786376953125,118.19632907243526,28.272225147838977,127.53523434939363,1.2032080884766942,133.46968207145198,1.7102411551553351,/sessions/cool-youthful-allen/mnt/Research/color-histogram-analysis/dataset/segmented/bop1/005_particle0034.png,bop1,val
1.2539184952978055,0.7646140086235667,0.2244435736677116,0.2685035287284582,71.5975,57.88670935630798,20.0,15.95,0.2262416052993978,0.4990026664719773,1.8608230086473452,2.1547819050823174,4.173213815969175,2.5111370813035467,4.822999088494676,412.1212971615517,285.192147611339,0.4570293386082557,0.0657529381206567,0.1340865585886722,0.0127056316577565,0.9440084332509912,0.0387107694051027,0.01409912109375,0.01824951171875,0.00830078125,0.01055908203125,0.007080078125,0.0057373046875,0.005859375,0.0111083984375,0.01165771484375,0.01837158203125,0.0283203125,0.07373046875,0.12176513671875,0.0887451171875,0.0400390625,0.02734375,0.01434326171875,0.00994873046875,0.00469970703125,0.00518798828125,0.0029296875,0.0052490234375,0.0069580078125,0.018310546875,0.026611328125,0.414794921875,106.4571865443425,24.49894320121613,129.96865443425077,1.0880155807844742,127.12206931702345,2.2858051977198275,/sessions/cool-youthful-allen/mnt/Research/color-histogram-analysis/dataset/segmented/op/010_particle0023.png,op,val
0.9794520547945206,0.6421842567459684,0.3852859469297825,0.3182428433568147,20.11,28.179393672943117,7.3,7.15,0.5164432196921623,1.7090417004078142,1.7278053890418283,2.625263325452975,-5.397853451881047,-3.6109326648406688,4.8162182910949625,320.9817895452112,191.6208866874221,0.3033946797541285,0.0535983122826549,0.0536192817404443,0.0059702682885594,0.9610847092564742,0.023168948667465,0.02252197265625,0.02691650390625,0.014892578125,0.0093994140625,0.00799560546875,0.0086669921875,0.01025390625,0.01287841796875,0.01519775390625,0.0201416015625,0.0263671875,0.04205322265625,0.04888916015625,0.050048828125,0.028076171875,0.01708984375,0.01165771484375,0.0087890625,0.00439453125,0.0048828125,0.00469970703125,0.00762939453125,0.01239013671875,0.0203857421875,0.0238037109375,0.53997802734375,103.05381471389646,25.20110866248805,130.84451634877385,1.3155848609266811,133.98382152588556,2.3619753661442644,/sessions/cool-youthful-allen/mnt/Research/color-histogram-analysis/dataset/segmented/op/004_particle0013.png,op,val
1.0828729281767957,0.751748993004028,0.399819596346826,0.3727615536572715,35.46,34.57472552061081,9.8,9.05,0.5721166528945036,1.4680741383048572,2.2401044563602275,3.16728760770291,6.167597587016071,4.756355002333291,5.934945209453365,442.7184404754,264.93255394834165,0.3855382591959576,0.0606698843347514,0.091957911165008,0.0111155539286461,0.939791413661664,0.0359384111511469,0.018310546875,0.0279541015625,0.01483154296875,0.0096435546875,0.0062255859375,0.0067138671875,0.0050048828125,0.0064697265625,0.00921630859375,0.015380859375,0.02935791015625,0.04815673828125,0.0687255859375,0.06304931640625,0.03546142578125,0.025390625,0.01416015625,0.01068115234375,0.00506591796875,0.00384521484375,0.00408935546875,0.0067138671875,0.0115966796875,0.02020263671875,0.02886962890625,0.5048828125,129.96784670347515,30.44075284630516,130.2447223124391,0.9875979463641048,132.23075673920104,3.169435642494133,/sessions/cool-youthful-allen/mnt/Research/color-histogram-analysis/dataset/segmented/opa/8_particle0005.png,opa,val
0.6434977578475336,0.6379683631504253,0.2405626474586334,0.2096192881949847,76.98125,67.93315587043762,22.3,14.35,0.2025324666754676,0.4594937687663434,3.007665859374776,3.917335801758127,-7.414425508636748,-4.148474315142114,-7.795810484267859,539.7316376194312,302.18052507447754,0.4603702820253572,0.0586703739988597,0.1418988313857506,0.0131917977963057,0.9175788150568788,0.04590419722166,0.0172119140625,0.01580810546875,0.00775146484375,0.00927734375,0.00994873046875,0.01202392578125,0.008544921875,0.0125732421875,0.014404296875,0.02154541015625,0.03729248046875,0.06097412109375,0.08123779296875,0.0699462890625,0.03814697265625,0.01910400390625,0.0107421875,0.01141357421875,0.00555419921875,0.00421142578125,0.00189208984375,0.003173828125,0.00518798828125,0.0213623046875,0.02923583984375,0.471435546875,121.0534408873204,28.806835932703805,129.74313082934208,1.1531623003398197,134.78321149483236,3.3293903953618846,/sessions/cool-youthful-allen/mnt/Research/color-histogram-analysis/dataset/segmented/opa/2_particle0009.png,opa,val
0.7008196721311475,0.6009891941293479,0.13396366599559,0.1585767593939111,13.97375,33.27680695652962,12.2,8.55,-0.0011750629677041,0.0206365417397207,0.5413321740943229,0.5871746877904418,1.1514660761557909,0.6076782988794213,-3.030175895329571,272.81126360563263,214.45538294504317,0.4948737602902105,0.0688013434578271,0.1194567281850715,0.0096078426592578,0.9378119052357714,0.0486564359639718,0.0177001953125,0.01751708984375,0.01104736328125,0.01025390625,0.00665283203125,0.00537109375,0.00433349609375,0.0047607421875,0.00396728515625,0.01080322265625,0.03155517578125,0.070068359375,0.10003662109375,0.08892822265625,0.0430908203125,0.023193359375,0.00933837890625,0.00994873046875,0.00390625,0.0054931640625,0.0037841796875,0.0059814453125,0.010498046875,0.019775390625,0.0240478515625,0.45794677734375,112.12838147638698,27.50052355123827,132.04951856946354,1.59588133271413,131.5217790004585,2.611495019048564,/sessions/cool-youthful-allen/mnt/Research/color-histogram-analysis/dataset/segmented/bop1/006_particle0036.png,bop1,val
0.62882096069869,0.6573413951809404,0.1104439592430858,0.133350682215888,9.105,29.29188268780708,11.45,7.2,-0.2194143447611947,-0.4308955710389197,1.3262371492171383,2.0455437497241533,4.154744050826011,-2.941341980489228,3.764781047508564,247.0280832284854,208.8203946643247,0.4416918605554698,0.0761362207475327,0.1069018189089907,0.0139041759659523,0.9304518547189548,0.0585234064375436,0.0201416015625,0.0230712890625,0.01153564453125,0.00909423828125,0.0074462890625,0.0054931640625,0.00341796875,0.0040283203125,0.005859375,0.01409912109375,0.02923583984375,0.07135009765625,0.09588623046875,0.0751953125,0.03753662109375,0.02001953125,0.00634765625,0.006591796875,0.00213623046875,0.00311279296875,0.00079345703125,0.002685546875,0.0040283203125,0.01806640625,0.0205078125,0.5023193359375,107.83471531232723,29.923244170185463,130.22388059701493,0.9197568471816396,134.47650635710335,1.5612165743151938,/sessions/cool-youthful-allen/mnt/Research/color-histogram-analysis/dataset/segmented/bop1/005_particle0049.png,bop1,val
1.0612813370473535,0.4811952912767884,0.2622442041541464,0.1900670425635117,89.67375,76.99884119033814,19.05,17.95,0.2012890390009049,0.5796069855085434,1.9722674501373,1.9482397712494084,3.917306950638101,2.3454315543634072,4.608686522171316,540.6755831707928,260.10433348557746,0.463237384829502,0.0558731134891949,0.1332942278615593,0.0135636167866219,0.9164090857952844,0.0399496392878362,0.01708984375,0.02410888671875,0.01318359375,0.01019287109375,0.00604248046875,0.00799560546875,0.0054931640625,0.0101318359375,0.01055908203125,0.0174560546875,0.02618408203125,0.0433349609375,0.06146240234375,0.06378173828125,0.030029296875,0.0184326171875,0.0103759765625,0.01104736328125,0.00634765625,0.0084228515625,0.0062255859375,0.0096435546875,0.01092529296875,0.02606201171875,0.02984619140625,0.515625,125.572714353387,28.16788832869022,129.43486499289438,1.0741777586543009,131.33183325438182,2.9345498070431244,/sessions/cool-youthful-allen/mnt/Research/color-histogram-analysis/dataset/segmented/opa/1_particle0003.png,opa,val
0.3708333333333333,0.4072966310599836,0.2900749063670412,0.1699178192099236,15.49,33.84629833102226,12.0,4.45,0.0762389732100548,0.2900993608272093,0.7941639063636364,1.5771981538270892,-3.770971962912168,-1.9537575481668528,-2.7649813607211,400.5134247592965,252.66098684377047,0.4181620559657175,0.0653389627139146,0.1053430850043523,0.0135693067811999,0.9424427915808896,0.0361611493964882,0.01385498046875,0.02105712890625,0.01495361328125,0.01171875,0.00848388671875,0.00677490234375,0.00726318359375,0.0091552734375,0.0101318359375,0.02288818359375,0.03753662109375,0.06915283203125,0.08270263671875,0.0657958984375,0.0364990234375,0.02532958984375,0.01336669921875,0.01092529296875,0.003662109375,0.00537109375,0.00616455078125,0.0081787109375,0.0098876953125,0.0172119140625,0.024169921875,0.457763671875,118.25853107344632,22.875671039903303,130.4598870056497,1.3650297439695378,132.66350282485877,2.052087580107803,/sessions/cool-youthful-allen/mnt/Research/color-histogram-analysis/dataset/segmented/op/006_particle0009.png,op,val
1.786885245901639,0.7706884497921036,0.3937622198826891,0.3868871203273235,26.18125,29.1613741338253,10.9,6.1,0.4344167807317611,1.0119937644485075,2.077890634402909,3.077173365001496,-5.686016697575158,-3.59729251708998,6.090699322820316,410.7043301122035,252.72631282121225,0.3482793878967326,0.0607951707089607,0.0690568190497053,0.0108190010442072,0.9487162862231342,0.0314868300936591,0.0218505859375,0.02716064453125,0.00909423828125,0.01177978515625,0.01019287109375,0.00689697265625,0.00738525390625,0.008056640625,0.0093994140625,0.0130615234375,0.021728515625,0.0423583984375,0.0570068359375,0.0455322265625,0.0303955078125,0.022216796875,0.01446533203125,0.00994873046875,0.00579833984375,0.00537109375,0.00555419921875,0.0059814453125,0.00616455078125,0.0186767578125,0.0167236328125,0.56719970703125,120.23535319718782,32.75354882140012,129.6750920656177,1.1135974948530571,128.50267827251423,3.186047197363826,/sessions/cool-youthful-allen/mnt/Research/color-histogram-analysis/dataset/segmented/op/010_particle0017.png,op,val
0.7798507462686567,0.71593591640175,0.2030457759051631,0.2009449828717195,28.4325,42.167113435268405,13.4,10.45,0.1951796568181527,0.4292592635017305,2.839873588172784,3.46295399102146,6.805101993882445,4.167915801485725,6.7309615005152645,267.69131177610126,209.18837334269855,0.5745603827644075,0.0581931688088177,0.2394326785755965,0.0150433184135884,0.9456496756947864,0.0422950556780456,0.0081787109375,0.0126953125,0.00579833984375,0.01153564453125,0.0089111328125,0.00970458984375,0.00653076171875,0.0074462890625,0.00799560546875,0.013427734375,0.0213623046875,0.05633544921875,0.09674072265625,0.08074951171875,0.03265380859375,0.0318603515625,0.0169677734375,0.024169921875,0.0068359375,0.00970458984375,0.0042724609375,0.00982666015625,0.01275634765625,0.03619384765625,0.06158447265625,0.40576171875,134.53683888719047,26.636411425128404,130.99021705900336,1.393710700149143,131.4035463161113,2.338472959420796,/sessions/cool-youthful-allen/mnt/Research/color-histogram-analysis/dataset/segmented/op/001_particle0000.png,op,val
1.717741935483871,0.8058209871131761,0.174011812812358,0.1998257986131839,11.49,26.88061295747757,10.65,6.2,0.0034114302932013,0.021165902744875,2.216948693048185,2.5827236119297434,5.006953030242841,2.773320258970465,-5.469384417026847,317.4698845549996,243.0596612798758,0.5504069598839161,0.0623394046074582,0.2057844916025867,0.0263048811534077,0.9455837427713554,0.0414637790377733,0.0205078125,0.0145263671875,0.00872802734375,0.01055908203125,0.00738525390625,0.0072021484375,0.00567626953125,0.00494384765625,0.0045166015625,0.01080322265625,0.01617431640625,0.0411376953125,0.06689453125,0.0489501953125,0.01806640625,0.0174560546875,0.00726318359375,0.01092529296875,0.0032958984375,0.00665283203125,0.004150390625,0.00946044921875,0.0166015625,0.0301513671875,0.0325927734375,0.57537841796875,109.483174835406,25.91688593574842,129.2029992684711,0.8789864578724143,132.33430870519385,1.979636810942362,/sessions/cool-youthful-allen/mnt/Research/color-histogram-analysis/dataset/segmented/bop1/007_particle0016.png,bop1,val
1.1612903225806452,0.6571529745042493,0.1662903225806451,0.2234786748267514,11.59875,25.538329273462296,9.0,7.75,0.0588972573202348,0.1460547437101416,1.4848633060608754,2.409270066417652,-4.468676365837716,-2.5471460704843283,-4.5532010449973175,262.6881953162665,210.94970098256223,0.5473196648799342,0.0678534370947693,0.1681071529988694,0.019854736977475,0.9475877021652912,0.0418946166251454,0.01226806640625,0.01544189453125,0.00994873046875,0.0133056640625,0.00762939453125,0.00665283203125,0.00726318359375,0.00958251953125,0.00823974609375,0.0125732421875,0.02337646484375,0.0611572265625,0.10516357421875,0.0758056640625,0.02484130859375,0.01605224609375,0.00677490234375,0.01153564453125,0.00396728515625,0.00860595703125,0.00384521484375,0.0074462890625,0.0108642578125,0.02606201171875,0.04278564453125,0.46881103515625,113.4816933638444,24.60427165260328,129.90541571319602,0.963985952005844,132.268115942029,1.7805323311971768,/sessions/cool-youthful-allen/mnt/Research/color-histogram-analysis/dataset/segmented/bop1/007_particle0043.png,bop1,val
2.6903225806451614,0.7070390141404963,0.3852479306877079,0.2648575133190205,62.25125,54.34665536284447,20.85,7.75,0.233908938719686,0.5265860832590024,1.4754025274075808,1.62972558563696,3.182294289221077,1.893078311124449,-5.517079897287613,440.5248253022926,237.86655016269023,0.2726020341500089,0.0536902127096302,0.0403188258801455,0.0054846141299735,0.9376795890652496,0.0335937577752048,0.027099609375,0.03704833984375,0.01171875,0.01025390625,0.0087890625,0.00933837890625,0.01104736328125,0.01190185546875,0.0146484375,0.01629638671875,0.023681640625,0.035400390625,0.03656005859375,0.03936767578125,0.0242919921875,0.01806640625,0.01239013671875,0.0101318359375,0.00701904296875,0.004638671875,0.0054931640625,0.0079345703125,0.01177978515625,0.01898193359375,0.02105712890625,0.5650634765625,115.134955014995,27.3427791543279,129.74341886037988,0.7955709876761617,132.40219926691103,2.606578295673398,/sessions/cool-youthful-allen/mnt/Research/color-histogram-analysis/dataset/segmented/opa/10_particle0009.png,opa,val
1.3860759493670889,0.8050544385281729,0.2927576440668169,0.3148667632267404,25.325,31.79188283085823,10.95,7.9,0.3917001279397545,0.8682782164489582,3.309111955958972,3.4760675484163523,6.868729644842456,3.924649662667693,8.607368654917014,333.55857756403213,208.70150583164136,0.356866470827259,0.0646171564689748,0.0617500558929701,0.0087601176151754,0.9484728167020038,0.0321085731158507,0.02154541015625,0.02398681640625,0.013916015625,0.0108642578125,0.01068115234375,0.00628662109375,0.0052490234375,0.009033203125,0.011962890625,0.0177001953125,0.02960205078125,0.0548095703125,0.07684326171875,0.0595703125,0.03350830078125,0.01995849609375,0.01116943359375,0.00732421875,0.00421142578125,0.00445556640625,0.00262451171875,0.00433349609375,0.0081787109375,0.01812744140625,0.01812744140625,0.51593017578125,111.22469190140843,28.014142199919828,130.7794894366197,1.0849734305312908,134.5125440140845,3.152704133269724,/sessions/cool-youthful-allen/mnt/Research/color-histogram-analysis/dataset/segmented/opa/10_particle0005.png,opa,val
0.8872549019607843,0.7229264526092272,0.304273643158921,0.3277538316767532,28.0875,32.81614680886268,10.2,9.05,0.4647769283599402,1.1522537273468385,1.675074103478294,2.158961755150407,4.110871756334442,2.846957072975188,4.490205941151229,303.99591888021126,189.8618936468152,0.3521591978443246,0.05390391144584,0.0599098794325891,0.0061269260520588,0.9589205778762748,0.0255536184391449,0.01947021484375,0.02587890625,0.015869140625,0.01373291015625,0.0096435546875,0.0072021484375,0.005859375,0.008544921875,0.01104736328125,0.01422119140625,0.026123046875,0.0533447265625,0.06329345703125,0.04791259765625,0.0267333984375,0.016357421875,0.0079345703125,0.005859375,0.00311279296875,0.004150390625,0.0029296875,0.00640869140625,0.01171875,0.01776123046875,0.01861572265625,0.5562744140625,107.2710101867572,26.79878855302816,130.22219864176571,1.6965433512129433,133.24044991511036,2.67068322041202,/sessions/cool-youthful-allen/mnt/Research/color-histogram-analysis/dataset/segmented/op/004_particle0017.png,op,val
0.9681528662420382,0.6945156086915267,0.306717230975528,0.2932435790617986,18.29875,28.00279545783997,7.85,7.6,0.3759234421843943,0.8714192209131535,1.6786689734125328,1.9202968099030435,3.722036245416975,2.373713739932961,-4.712562265000074,348.7851730610642,228.68768764522144,0.3956980162060975,0.0633495647651819,0.0795961516605036,0.0099587886130994,0.9594102413582866,0.0265280900881977,0.0184326171875,0.02178955078125,0.0126953125,0.0107421875,0.00897216796875,0.01025390625,0.00946044921875,0.00927734375,0.01153564453125,0.0206298828125,0.03448486328125,0.056884765625,0.07244873046875,0.0565185546875,0.03436279296875,0.02325439453125,0.01531982421875,0.01336669921875,0.0057373046875,0.00555419921875,0.00592041015625,0.00823974609375,0.01092529296875,0.015869140625,0.0177001953125,0.4896240234375,101.61460794844254,27.41542058898213,131.2573576799141,1.6419373364582543,133.6779806659506,2.953644475217853,/sessions/cool-youthful-allen/mnt/Research/color-histogram-analysis/dataset/segmented/op/002_particle0000.png,op,val
2.1298701298701297,0.5703868633453938,0.4057253721887868,0.2776518709749182,12.80875,24.077312219142915,8.2,3.85,0.3137096227214709,0.7914202453962166,1.5664737456632003,1.841919334985319,3.572168751249421,2.400251601232876,4.019461410582731,396.7848053676011,251.7281604409293,0.2947059551208175,0.0664550961857041,0.0553953363652836,0.0082398235450177,0.956883144393401,0.0272692838281195,0.02496337890625,0.0316162109375,0.017333984375,0.0164794921875,0.01019287109375,0.00762939453125,0.006103515625,0.00830078125,0.0091552734375,0.0115966796875,0.0179443359375,0.0350341796875,0.04486083984375,0.03759765625,0.0191650390625,0.01239013671875,0.00787353515625,0.00860595703125,0.00518798828125,0.00592041015625,0.00439453125,0.00726318359375,0.0084228515625,0.0201416015625,0.02520751953125,0.59661865234375,94.09150991357396,23.259048180404434,128.70665988815455,0.921161732193322,132.5153363836638,2.186518058391235,/sessions/cool-youthful-allen/mnt/Research/color-histogram-analysis/dataset/segmented/bop1/005_particle0039.png,bop1,val
0.2513661202185792,0.8233039478727482,0.5103349964362082,0.2905106104151519,10.74,21.55391040444374,9.15,2.3,0.2493571062956429,0.5402146745236558,5.087044841216011,5.220216098620955,10.384262152481638,5.527636665372115,-11.03856889082993,277.18253369109766,174.54823254078056,0.3023201224753243,0.1014281703463757,0.0492349994538015,0.0105640021034984,0.962519863617718,0.0236351485088009,0.02264404296875,0.03424072265625,0.016357421875,0.0133056640625,0.01043701171875,0.0101318359375,0.00970458984375,0.00970458984375,0.0126953125,0.01519775390625,0.021240234375,0.030029296875,0.0462646484375,0.03314208984375,0.02362060546875,0.01519775390625,0.01190185546875,0.01263427734375,0.008056640625,0.00482177734375,0.00439453125,0.00921630859375,0.01287841796875,0.0244140625,0.02252197265625,0.56524658203125,120.83194328607172,21.385411156176502,129.59799833194327,1.4320593145722538,129.2274117319989,1.96529361251238,/sessions/cool-youthful-allen/mnt/Research/color-histogram-analysis/dataset/segmented/bop1/001_particle0043.png,bop1,val
0.4608150470219436,0.4583333333333333,0.2782078348580811,0.1978468671268797,32.615,45.51442228555679,15.95,7.35,0.182584145263688,0.6032322209257068,0.8911564396080363,1.749132596139221,-3.267699269096984,-2.1743352820779367,3.180567491049035,512.4198260740866,290.1498147532189,0.297431587227821,0.0575413769823976,0.0462231470313198,0.0061430379425753,0.9237781846378244,0.0429929479837653,0.02191162109375,0.024169921875,0.0155029296875,0.016845703125,0.0145263671875,0.01129150390625,0.00933837890625,0.00811767578125,0.011474609375,0.01654052734375,0.02099609375,0.0379638671875,0.058349609375,0.0445556640625,0.026611328125,0.017333984375,0.00994873046875,0.00689697265625,0.00494384765625,0.00494384765625,0.00347900390625,0.00372314453125,0.00628662109375,0.01654052734375,0.01800537109375,0.5697021484375,103.69629798903108,26.32365777913114,129.50274223034734,0.9027136487982512,130.80827239488116,1.8487198829212943,/sessions/cool-youthful-allen/mnt/Research/color-histogram-analysis/dataset/segmented/op/008_particle0015.png,op,val
2.075268817204301,0.7669274908711529,0.4607429383252548,0.3518926657860051,82.69875,54.34371162056923,19.3,9.3,0.4870606840164909,1.160007736814508,2.216719486929586,2.9911601406341344,5.873931178304358,4.447892462602093,5.665503568462088,589.4789102288617,312.6465347706488,0.2997062283834293,0.0559575884074529,0.049169215727015,0.008049864092487,0.9168063179368474,0.044050144035039,0.02685546875,0.0318603515625,0.01715087890625,0.0120849609375,0.009765625,0.0123291015625,0.0107421875,0.0126953125,0.01361083984375,0.018310546875,0.0264892578125,0.03704833984375,0.04168701171875,0.03570556640625,0.02008056640625,0.01409912109375,0.0074462890625,0.0057373046875,0.00384521484375,0.00457763671875,0.0047607421875,0.00604248046875,0.01080322265625,0.0245361328125,0.02642822265625,0.5653076171875,131.25467128027682,28.74643087180949,128.98975778546713,1.0737021344451405,130.8708650519031,2.4872412725505693,/sessions/cool-youthful-allen/mnt/Research/color-histogram-analysis/dataset/segmented/opa/1_particle0015.png,opa,val
1.5182926829268293,0.482612949128424,0.132885199333921,0.144292514355537,13.56625,34.37264394760132,12.45,8.2,0.0004024973479932,0.0393137989514341,1.2210197434458188,2.096378120187574,-4.073586026119407,-2.27041258163224,3.8120193591704856,407.5149054449868,268.76004209930744,0.5729979512834518,0.0622280965884931,0.2396235108357037,0.0250372543122796,0.9160445392271026,0.0550396999415404,0.0208740234375,0.015869140625,0.00640869140625,0.0086669921875,0.00384521484375,0.0052490234375,0.00628662109375,0.00738525390625,0.0086669921875,0.01605224609375,0.01947021484375,0.03955078125,0.06707763671875,0.05487060546875,0.02728271484375,0.02410888671875,0.0130615234375,0.0167236328125,0.00421142578125,0.0081787109375,0.0050048828125,0.01025390625,0.01519775390625,0.02935791015625,0.05438232421875,0.511962890625,112.17028003613368,28.99768551666783,128.52574525745257,1.3461498713769993,131.87127371273712,2.101351675817435,/sessions/cool-youthful-allen/mnt/Research/color-histogram-analysis/dataset/segmented/bop1/007_particle0022.png,bop1,val
3.89344262295082,1.0,0.9897152717860224,0.5089553140427625,143.385,59.5,23.75,6.1,0.4587714080082644,1.0309065738435756,29.996508492870174,29.999610665701,-30.0,-29.99989512934964,-30.0,607.1248413196968,279.8190774494027,0.2122898077716251,0.0460101615494681,0.0349910544038315,0.0059475304939968,0.9267657013335896,0.0338602174876727,0.03460693359375,0.039794921875,0.01318359375,0.008544921875,0.006103515625,0.0062255859375,0.00689697265625,0.00830078125,0.0069580078125,0.00982666015625,0.01019287109375,0.01385498046875,0.01971435546875,0.0189208984375,0.0159912109375,0.01129150390625,0.00799560546875,0.0076904296875,0.00543212890625,0.0054931640625,0.00408935546875,0.00537109375,0.008544921875,0.0224609375,0.025634765625,0.6768798828125,234.07513999218648,10.902124342275586,129.27855189477796,0.7180425034304295,128.40343794764942,0.7626306960873465,/sessions/cool-youthful-allen/mnt/Research/color-histogram-analysis/dataset/segmented/opa/4_particle0004.png,opa,val
4.651162790697675,0.6396173229691637,0.4353488372093023,0.2212511860432452,9.36,23.056854164600374,10.0,2.15,0.021144627488394,0.0757074840875272,0.6236738314305542,0.7056709072740824,1.370439221005823,0.7447803334463118,3.0477586357986084,312.56194999636864,184.6921053582436,0.4465442904248066,0.0859781692596142,0.1399257291735018,0.0144583363140803,0.963134105427066,0.0216885059892285,0.02069091796875,0.02630615234375,0.0128173828125,0.01177978515625,0.00628662109375,0.00616455078125,0.0042724609375,0.00604248046875,0.010498046875,0.0179443359375,0.02874755859375,0.0416259765625,0.05047607421875,0.04278564453125,0.026611328125,0.02032470703125,0.01055908203125,0.01409912109375,0.00665283203125,0.00897216796875,0.00494384765625,0.01275634765625,0.017578125,0.03045654296875,0.03973388671875,0.5208740234375,120.45023774389244,20.27667961505824,129.93507132316773,1.4543548731519755,130.43646499426134,2.0197471666106352,/sessions/cool-youthful-allen/mnt/Research/color-histogram-analysis/dataset/segmented/bop1/006_particle0016.png,bop1,val
0.7670454545454546,0.7664066852367688,0.2894991582491582,0.3402093026646455,17.19625,25.202795457839965,8.8,6.75,0.3714269019185561,0.831063301290817,2.671962265122777,2.7361785703368207,5.440254133097559,3.1558274971875764,7.7529347230164785,239.9593916360239,157.69711887122423,0.4824599438546255,0.06783298523412,0.14938328838994,0.0155242872569763,0.9570702327657674,0.0281018208172647,0.01190185546875,0.01422119140625,0.0087890625,0.0098876953125,0.01129150390625,0.013916015625,0.01336669921875,0.01483154296875,0.01312255859375,0.0191650390625,0.03240966796875,0.06524658203125,0.08819580078125,0.08099365234375,0.0423583984375,0.03302001953125,0.0169677734375,0.01336669921875,0.00811767578125,0.00836181640625,0.0054931640625,0.00848388671875,0.01153564453125,0.017333984375,0.03033447265625,0.40728759765625,137.1127669039146,23.064825417196143,130.8689946619217,1.2130516003142182,129.20106761565836,2.071360101002717,/sessions/cool-youthful-allen/mnt/Research/color-histogram-analysis/dataset/segmented/op/001_particle0038.png,op,val
2.593220338983051,0.5302847974328119,0.2928990805361692,0.2342755677418107,6.61,18.82964630126953,7.65,2.95,0.1009290831376978,0.2901505484811132,1.0870786960753622,2.034215816554754,-3.6058236880141945,-2.1793064161019142,-4.248780022572472,246.202355403308,160.10327069422547,0.4611120151644857,0.0745347714767191,0.1328337569773116,0.0175613116199144,0.9629144867912952,0.0240196392883388,0.01983642578125,0.0238037109375,0.01336669921875,0.00634765625,0.00543212890625,0.007080078125,0.00933837890625,0.01007080078125,0.01043701171875,0.0203857421875,0.025146484375,0.05914306640625,0.08782958984375,0.05987548828125,0.0291748046875,0.015380859375,0.01043701171875,0.0086669921875,0.0048828125,0.00543212890625,0.00390625,0.00848388671875,0.0123291015625,0.0245361328125,0.03240966796875,0.48626708984375,118.9816513761468,20.610789659541684,130.4107268877911,1.1625043390257768,132.39543636791342,1.767094580662614,/sessions/cool-youthful-allen/mnt/Research/color-histogram-analysis/dataset/segmented/bop1/004_particle0010.png,bop1,val
2.0,0.4284451549203065,0.2353460743801652,0.1937520141022947,56.95375,60.7775209069252,22.0,11.0,0.213676130004902,0.5879776022642922,0.9460827027618126,1.6948507124409629,-4.04477194776668,-2.2585628699154143,3.0172217764205103,400.9480601585173,221.85660864586856,0.519532972816112,0.0525281505407259,0.2020747706642704,0.0134373874687509,0.9332143343593424,0.036762275351433,0.016357421875,0.01824951171875,0.0108642578125,0.00811767578125,0.0078125,0.00872802734375,0.00860595703125,0.01171875,0.01123046875,0.017333984375,0.02301025390625,0.0386962890625,0.0543212890625,0.051025390625,0.0235595703125,0.0196533203125,0.00787353515625,0.0140380859375,0.00531005859375,0.0076904296875,0.00506591796875,0.011474609375,0.01800537109375,0.03533935546875,0.04248046875,0.5234375,128.53492063492064,27.9355379972314,130.28994708994708,2.21790560849776,132.47962962962964,3.504095543376565,/sessions/cool-youthful-allen/mnt/Research/color-histogram-analysis/dataset/segmented/opa/6_particle0014.png,opa,val
1.4350649350649352,0.4033420324854906,0.3042545689604513,0.187243337679567,25.8875,41.68183220624924,11.05,7.7,0.2467383769768404,1.1399771613234493,1.0345613017241782,1.63352673475522,4.351262829397358,-2.691478032883408,2.9679420670802967,360.9552646540893,228.02445691591817,0.4241105478054123,0.0618333481554815,0.126338337732659,0.0123272438450002,0.9421315511163452,0.0364356635684469,0.01336669921875,0.02337646484375,0.00872802734375,0.005859375,0.004638671875,0.00732421875,0.00616455078125,0.01007080078125,0.01104736328125,0.01983642578125,0.0389404296875,0.0728759765625,0.10723876953125,0.06494140625,0.029296875,0.0201416015625,0.01092529296875,0.00836181640625,0.0032958984375,0.00457763671875,0.00457763671875,0.00823974609375,0.00909423828125,0.02032470703125,0.02923583984375,0.45751953125,130.36367406178726,20.28983497253884,129.16131038772548,1.342807111579035,132.96371552975327,2.016141077152827,/sessions/cool-youthful-allen/mnt/Research/color-histogram-analysis/dataset/segmented/op/003_particle0002.png,op,val
2.3714285714285714,0.4505078737473584,0.1421794320137693,0.1189785956566348,16.52125,41.77264394760132,16.6,7.0,-0.1426875696724523,-0.2399494234796516,0.3999797969558049,0.8928066439807434,1.6004871838013222,1.071924553387451,1.8438151115674477,472.7221265821729,307.70507182887854,0.510911559705216,0.0630457518037088,0.1692583959761344,0.0169019055049599,0.9095773624172636,0.058742333660201,0.01641845703125,0.021240234375,0.010986328125,0.01007080078125,0.006103515625,0.00433349609375,0.00225830078125,0.00384521484375,0.007568359375,0.01385498046875,0.025146484375,0.061279296875,0.083984375,0.06658935546875,0.03607177734375,0.0216064453125,0.0101318359375,0.01043701171875,0.00421142578125,0.0052490234375,0.00323486328125,0.00537109375,0.00677490234375,0.0257568359375,0.029296875,0.5081787109375,112.96389751552796,25.392903548981597,129.55007763975155,1.2852997065225589,128.6983695652174,2.302664635249293,/sessions/cool-youthful-allen/mnt/Research/color-histogram-analysis/dataset/segmented/bop1/003_particle0030.png,bop1,val
3.4915254237288136,0.7951692721135254,0.4990743788053315,0.261147318341687,60.6575,54.02619729042053,20.6,5.9,0.2426011574797449,0.5344730954075261,2.100334107838421,2.268068586146785,4.452672251822806,2.537328019945784,5.818563118544682,444.9720892448536,235.81678580600388,0.3421304711740722,0.0390400986755511,0.1508413922183311,0.0122944877438134,0.946777740064707,0.0282260199790264,0.0274658203125,0.0341796875,0.01416015625,0.01251220703125,0.00872802734375,0.00518798828125,0.00555419921875,0.00750732421875,0.0064697265625,0.0103759765625,0.0135498046875,0.02130126953125,0.03607177734375,0.0323486328125,0.017333984375,0.02001953125,0.012451171875,0.01666259765625,0.0086669921875,0.01275634765625,0.0062255859375,0.0125732421875,0.01153564453125,0.026123046875,0.08489990234375,0.53533935546875,120.8464681075382,30.77696677102601,130.51449657353717,1.822710266894193,129.37308908803374,3.946378613790936,/sessions/cool-youthful-allen/mnt/Research/color-histogram-analysis/dataset/segmented/opa/9_particle0018.png,opa,val
0.6984924623115578,0.3406157316512803,0.1473916344311485,0.13422583401527,10.1925,30.8906634926796,9.95,6.95,-0.0588593343072604,0.0768352283157356,0.317242791428353,1.005643501651337,1.800265467377807,2.655102184340568,1.8364429049396715,338.8822884630304,208.39430039973297,0.373596338697578,0.061531991988267,0.074550260634343,0.0074346893546151,0.919364666692662,0.0493611722405392,0.022705078125,0.025146484375,0.01104736328125,0.00994873046875,0.0079345703125,0.007568359375,0.00836181640625,0.0133056640625,0.0155029296875,0.02459716796875,0.0357666015625,0.07073974609375,0.09503173828125,0.0745849609375,0.0357666015625,0.01983642578125,0.010498046875,0.0076904296875,0.00506591796875,0.00537109375,0.00262451171875,0.00604248046875,0.00628662109375,0.01654052734375,0.01629638671875,0.44573974609375,113.3413670485974,27.327585723472364,129.59976293954958,1.1586105688804609,129.3081785855393,1.5635643846223528,/sessions/cool-youthful-allen/mnt/Research/color-histogram-analysis/dataset/segmented/bop1/003_particle0045.png,bop1,val
1.2435897435897436,0.2945414060709257,0.1486089082738567,0.1324162963335811,11.24375,32.665537148714066,9.7,7.8,0.0187567232819547,0.4777964040212475,0.0738774881392335,0.5088718781492696,0.9031367588983498,1.284713115512507,1.011854265093536,388.5685996919655,255.33133134985607,0.4549450217285908,0.071878357261293,0.1344332097449986,0.0168401525732396,0.9187795073739276,0.0531298603108673,0.02752685546875,0.0247802734375,0.01141357421875,0.00823974609375,0.007568359375,0.00665283203125,0.0052490234375,0.00872802734375,0.01025390625,0.01605224609375,0.02093505859375,0.04766845703125,0.07073974609375,0.05828857421875,0.02520751953125,0.0167236328125,0.00701904296875,0.0081787109375,0.00592041015625,0.00848388671875,0.0081787109375,0.0079345703125,0.00823974609375,0.02392578125,0.02569580078125,0.5303955078125,109.35457178320232,30.52841166684249,128.0372362432768,1.1763510156765276,132.44642118328505,2.014974099571174,/sessions/cool-youthful-allen/mnt/Research/color-histogram-analysis/dataset/segmented/bop1/005_particle0045.png,bop1,val
0.3346456692913386,1.0,0.9843446039833256,0.5878816144730541,53.13,33.7,12.7,4.25,0.5549252929125196,1.3021288956006245,0.0,0.0,0.0,0.0,0.0,253.2137884069224,152.35005296018232,0.2391577067066647,0.0642111994381631,0.0318660824065756,0.0055842356638699,0.967455789970774,0.0196440983361999,0.02685546875,0.02801513671875,0.0228271484375,0.0169677734375,0.01104736328125,0.01123046875,0.0101318359375,0.0106201171875,0.0115966796875,0.01849365234375,0.02764892578125,0.04620361328125,0.05841064453125,0.05072021484375,0.02752685546875,0.0147705078125,0.0101318359375,0.00640869140625,0.00360107421875,0.00347900390625,0.004638671875,0.00909423828125,0.01177978515625,0.0206298828125,0.02301025390625,0.51416015625,230.79697315819533,15.880214873201169,129.29654483152484,1.0966355005352093,128.3218161050828,0.9750328743702464,/sessions/cool-youthful-allen/mnt/Research/color-histogram-analysis/dataset/segmented/op/001_particle0028.png,op,val
1.2289156626506024,0.6717980679339358,0.3183026222537207,0.2354083274142336,26.9475,37.927416551113126,10.2,8.3,0.4866437681755522,1.1875615709019125,3.1874803587897103,2.815401815508392,5.825381822137727,3.4101053660361167,-6.52377407052142,513.4832049230677,322.30626635542785,0.3775282042452263,0.0612396449541265,0.0734380957758818,0.0101597569479555,0.93719435789144,0.0392877818981421,0.02099609375,0.02508544921875,0.0130615234375,0.01458740234375,0.0103759765625,0.00958251953125,0.0091552734375,0.010498046875,0.0106201171875,0.017578125,0.02716064453125,0.0418701171875,0.0523681640625,0.0531005859375,0.02801513671875,0.021484375,0.01116943359375,0.01031494140625,0.00750732421875,0.00653076171875,0.0074462890625,0.00799560546875,0.0087890625,0.0174560546875,0.0186767578125,0.53857421875,109.46701528559936,31.54833089598201,130.5249396621078,1.1804170658270672,131.23310539018505,3.1866333504771456,/sessions/cool-youthful-allen/mnt/Research/color-histogram-analysis/dataset/segmented/op/008_particle0008.png,op,val
0.5222672064777328,0.75088316106241,0.360229733546747,0.3273047561865908,28.695,33.19188280701637,12.35,6.45,0.3681351837923962,0.8360167046844433,2.2748124837007677,2.738052519127001,5.307608707510752,3.488962513318269,5.543563807431399,291.49687241284454,197.1864846171169,0.4433022629777354,0.0617778708006634,0.1362587318794872,0.0142882628598121,0.961236642380454,0.0261493340836042,0.0111083984375,0.0218505859375,0.01385498046875,0.01080322265625,0.00787353515625,0.00677490234375,0.00567626953125,0.00555419921875,0.00927734375,0.017822265625,0.0267333984375,0.04656982421875,0.07232666015625,0.07598876953125,0.03765869140625,0.02642822265625,0.01373291015625,0.01275634765625,0.00653076171875,0.00823974609375,0.0054931640625,0.00872802734375,0.01483154296875,0.02850341796875,0.0361328125,0.46875,124.42349332370983,22.79933434440669,130.95831829664382,1.1846311878976168,129.19469505593648,2.378590148071273,/sessions/cool-youthful-allen/mnt/Research/color-histogram-analysis/dataset/segmented/op/001_particle0035.png,op,val
1.3355704697986577,0.2852013792613131,0.1352905466931975,0.1241540535531594,10.02875,31.860154891014098,9.95,7.45,-0.0841871451729979,0.0945039722963783,-0.0593697474347507,0.9028531444953992,-1.327852338075075,-0.9546387187688116,2.23815683008069,332.6509568248703,201.71082835627297,0.507636516753998,0.0714548596723667,0.1550209924504593,0.0181041925856607,0.9203166680101724,0.0479998755657751,0.0184326171875,0.026611328125,0.01007080078125,0.00738525390625,0.006103515625,0.00592041015625,0.00506591796875,0.00726318359375,0.008544921875,0.01568603515625,0.02716064453125,0.05059814453125,0.0745849609375,0.06170654296875,0.02490234375,0.0135498046875,0.006591796875,0.00604248046875,0.00360107421875,0.00579833984375,0.00390625,0.01007080078125,0.01263427734375,0.02423095703125,0.03143310546875,0.5321044921875,116.87824529991047,28.708510078109462,128.6414503133393,0.8945777428217213,132.5161145926589,1.4220919493419877,/sessions/cool-youthful-allen/mnt/Research/color-histogram-analysis/dataset/segmented/bop1/007_particle0036.png,bop1,val
0.4386792452830189,0.6862790607713435,0.4499137756137147,0.3292797139250075,22.17625,29.091525715589523,10.6,4.65,0.4123585044326138,1.0069375023852862,1.8244903896918976,2.2871531639333296,4.406045037429978,2.9669104049778454,4.64221265869868,317.3828649870661,189.58881529901083,0.2584995322155415,0.057144715501934,0.0413304694109773,0.0053692915654784,0.9656710084163524,0.0204728211550155,0.025634765625,0.030517578125,0.015380859375,0.0133056640625,0.0093994140625,0.009033203125,0.00677490234375,0.009033203125,0.01318359375,0.021728515625,0.03521728515625,0.056640625,0.07574462890625,0.0546875,0.0313720703125,0.01837158203125,0.00823974609375,0.0089111328125,0.0047607421875,0.004150390625,0.0032958984375,0.00689697265625,0.010009765625,0.01837158203125,0.02349853515625,0.48583984375,91.7180116600184,25.920168307796484,129.9159251304081,1.2306761632860947,132.0676587910402,2.547467817027273,/sessions/cool-youthful-allen/mnt/Research/color-histogram-analysis/dataset/segmented/op/004_particle0020.png,op,val
0.4045454545454545,0.3769326878025925,0.2465270684371808,0.1677506944376848,12.0675,30.06639940738678,11.0,4.45,0.0377204043118976,0.2095256165335954,0.6355533257065248,0.832873026684841,1.571655084178747,1.1133559005806268,-2.407838858376824,336.5262786279956,212.78023815236773,0.3626820210817301,0.0731327603474382,0.0676127360078368,0.0107795136857251,0.9413262847588362,0.0369560956967022,0.01934814453125,0.0313720703125,0.01422119140625,0.0130615234375,0.012451171875,0.00958251953125,0.0072021484375,0.0096435546875,0.01422119140625,0.01873779296875,0.02655029296875,0.05352783203125,0.087890625,0.05908203125,0.0277099609375,0.01849365234375,0.01031494140625,0.010009765625,0.005126953125,0.0064697265625,0.0064697265625,0.00506591796875,0.00762939453125,0.0172119140625,0.01727294921875,0.4913330078125,118.78594080338266,23.97683547819213,130.62711416490487,1.2039463482134585,134.4526955602537,2.478743272233335,/sessions/cool-youthful-allen/mnt/Research/color-histogram-analysis/dataset/segmented/bop1/004_particle0036.png,bop1,val
0.7038461538461539,0.5427991755764524,0.3542454812946616,0.2505829851646637,42.1375,45.96883796453476,13.0,9.15,0.4514637717222217,1.3950596361515568,1.612618907837313,2.4252590200541464,-4.522035092300327,-3.148714909292404,4.7047390517968495,504.6848999968062,284.2368129022428,0.2878016342884086,0.0483124279874111,0.0533889984617153,0.0047636920145428,0.9454174088815428,0.0306457334034004,0.0228271484375,0.02923583984375,0.01434326171875,0.01263427734375,0.0101318359375,0.0079345703125,0.0079345703125,0.009521484375,0.01324462890625,0.02032470703125,0.032958984375,0.059814453125,0.069580078125,0.05047607421875,0.02935791015625,0.0146484375,0.00640869140625,0.00506591796875,0.00262451171875,0.00433349609375,0.00537109375,0.00830078125,0.01214599609375,0.0252685546875,0.0220947265625,0.50341796875,96.79657348963028,31.10645074110805,129.77096483318306,1.5321693419335642,134.26257889990984,3.405233470761348,/sessions/cool-youthful-allen/mnt/Research/color-histogram-analysis/dataset/segmented/op/002_particle0021.png,op,val
0.8127659574468085,0.8315102630928148,0.4869109947643979,0.4740439586163875,54.6375,38.05756814479828,11.75,9.55,0.5914495492827118,1.4487258715603848,3.051314252456639,4.00124128372577,-7.706530625823337,-4.850783181827778,-7.652847004155263,547.0892208052743,296.283191087525,0.3729136640213171,0.0483411727916476,0.129922103693182,0.0086603270216901,0.9348796677253828,0.0352123882493876,0.0201416015625,0.0325927734375,0.01171875,0.010986328125,0.0069580078125,0.00604248046875,0.0072021484375,0.0067138671875,0.00830078125,0.0133056640625,0.0230712890625,0.038818359375,0.0576171875,0.06927490234375,0.029052734375,0.02197265625,0.0113525390625,0.01654052734375,0.00433349609375,0.008544921875,0.0037841796875,0.009765625,0.01007080078125,0.0281982421875,0.05474853515625,0.4888916015625,125.91398853180424,25.05376941424151,130.78557140952128,1.0162828777722506,132.67142285638084,2.2869955915117983,/sessions/cool-youthful-allen/mnt/Research/color-histogram-analysis/dataset/segmented/opa/8_particle0000.png,opa,val
0.5897435897435898,0.619786668129096,0.3499783228044097,0.2864368866058575,28.25375,35.206958532333374,11.7,6.9,0.3849631600786029,0.9088148489238124,2.1975674747194183,2.278622551360475,4.523316141272542,2.7507293221754545,-5.278660515685753,404.37675234434937,247.50408352289435,0.3758909225816446,0.0622888465400298,0.0853060973710401,0.010913887109051,0.9512838865033508,0.0297204127952107,0.0186767578125,0.0230712890625,0.01263427734375,0.0113525390625,0.00799560546875,0.009521484375,0.0064697265625,0.010009765625,0.01287841796875,0.0203857421875,0.03826904296875,0.05902099609375,0.0726318359375,0.0567626953125,0.031494140625,0.02008056640625,0.01043701171875,0.0098876953125,0.00457763671875,0.00433349609375,0.0030517578125,0.0068359375,0.0113525390625,0.01934814453125,0.02716064453125,0.49176025390625,109.0127095229324,25.00837260072799,130.62847669920797,1.1416234124686495,132.94639896850248,2.199038709749394,/sessions/cool-youthful-allen/mnt/Research/color-histogram-analysis/dataset/segmented/op/008_particle0006.png,op,val
0.4539473684210526,0.3883555031109204,0.3068268497330282,0.1316741163782885,72.405,83.1264061152935,22.8,10.35,0.1313708907642413,0.5127473241229678,0.954317213262416,1.5582393856042651,2.9150296191895926,1.955094225263016,-3.030106926817645,792.7988702783941,419.9723114102998,0.3637698575920999,0.060956330529341,0.0853328008298405,0.0107876739140959,0.8830352897323089,0.0617213090360613,0.01751708984375,0.02349853515625,0.01055908203125,0.01104736328125,0.0107421875,0.01019287109375,0.010498046875,0.01214599609375,0.0196533203125,0.02752685546875,0.0374755859375,0.05712890625,0.07568359375,0.064697265625,0.0350341796875,0.022216796875,0.010498046875,0.00994873046875,0.0035400390625,0.0050048828125,0.0020751953125,0.0048828125,0.00628662109375,0.01849365234375,0.0235595703125,0.4700927734375,126.30391173520562,28.809144645230305,129.7717151454363,1.1863662003721531,127.24774322968906,2.8734260306693096,/sessions/cool-youthful-allen/mnt/Research/color-histogram-analysis/dataset/segmented/opa/5_particle0011.png,opa,val
0.6037735849056604,0.4224798054112489,0.1152139019916142,0.13123215532235,17.58625,41.03660486340523,15.9,9.6,-0.1999066568961827,-0.3689930919722763,0.4507972690081226,1.3683851431115055,-2.394788687520521,-1.2427987974244794,2.4684033477641543,358.2605016160899,254.90295432556957,0.5719314082295206,0.0686831616359626,0.1730272509709225,0.0153830143996729,0.9094806476494048,0.0640441243282132,0.01513671875,0.01202392578125,0.0078125,0.00799560546875,0.007080078125,0.00726318359375,0.00714111328125,0.0115966796875,0.0087890625,0.014404296875,0.02313232421875,0.0650634765625,0.0867919921875,0.0758056640625,0.03314208984375,0.02215576171875,0.011474609375,0.00994873046875,0.0050048828125,0.006103515625,0.00518798828125,0.01031494140625,0.01556396484375,0.02972412109375,0.0445556640625,0.456787109375,114.91259105098857,26.75990014214104,130.1404786680541,1.1996510851626137,132.93236212278876,2.51832070345164,/sessions/cool-youthful-allen/mnt/Research/color-histogram-analysis/dataset/segmented/bop1/005_particle0047.png,bop1,val
1.7181208053691277,0.346337636402539,0.1273070469798657,0.1219311523653732,12.14,35.37178171277046,12.8,7.45,-0.1403754639474418,-0.2024176159046753,0.3758808759514367,1.2920613541221602,-2.2627666083185947,-1.218210045712387,-2.2912625250589103,454.31165060125664,285.7269738800728,0.5610039445840116,0.0637175360813778,0.2114038477651003,0.0231254426732107,0.9024275841939036,0.0610353246371746,0.0203857421875,0.0166015625,0.00665283203125,0.00689697265625,0.0067138671875,0.00823974609375,0.00732421875,0.0096435546875,0.00897216796875,0.017822265625,0.03204345703125,0.0538330078125,0.067626953125,0.0560302734375,0.0306396484375,0.02142333984375,0.0093994140625,0.0118408203125,0.00408935546875,0.00701904296875,0.0028076171875,0.00738525390625,0.015625,0.029296875,0.04638671875,0.49530029296875,110.24643874643874,28.03563309139,128.53371320037988,1.0572650041810785,132.20037986704654,2.010825367633856,/sessions/cool-youthful-allen/mnt/Research/color-histogram-analysis/dataset/segmented/bop1/005_particle0019.png,bop1,val
1.966216216216216,0.4013161783539889,0.2364632673911024,0.1245991310774039,25.46,50.673000955581664,14.55,7.4,0.0677715216444272,0.2973408932553366,1.2620533446026716,1.4378147121582012,2.7933966137971904,1.6331439307694986,-3.583001243104591,650.6942448480722,342.3194080900408,0.4357307485362862,0.0658207508016634,0.1382800806452609,0.0165546766708233,0.8915040611272504,0.0567749899883655,0.02203369140625,0.02679443359375,0.0196533203125,0.00994873046875,0.005859375,0.00689697265625,0.01068115234375,0.013427734375,0.0155029296875,0.01751708984375,0.02667236328125,0.03973388671875,0.05780029296875,0.0478515625,0.02252197265625,0.021484375,0.01800537109375,0.02020263671875,0.0108642578125,0.009033203125,0.006103515625,0.00933837890625,0.009033203125,0.02301025390625,0.029541015625,0.50048828125,125.292714884696,30.4591610521444,128.42190775681345,1.027750248990687,129.38286163522014,2.122162623594378,/sessions/cool-youthful-allen/mnt/Research/color-histogram-analysis/dataset/segmented/op/008_particle0016.png,op,val
2.1634615384615383,1.0,0.985982905982906,0.6778593805574138,57.68,32.7,11.25,5.2,0.6584700680535079,1.6898667322204477,29.987420880400663,29.98333174943504,30.0,29.99773295954572,-30.0,492.9499032990815,278.4444728819486,0.2116832095005884,0.0538123706895354,0.0277273536598053,0.0047970878214022,0.94520121506338,0.031065530206022,0.03643798828125,0.03887939453125,0.01531982421875,0.01239013671875,0.00787353515625,0.00762939453125,0.00457763671875,0.0072021484375,0.00823974609375,0.0103759765625,0.01763916015625,0.0289306640625,0.03045654296875,0.028076171875,0.0216064453125,0.0133056640625,0.01068115234375,0.00665283203125,0.00311279296875,0.003173828125,0.0045166015625,0.00469970703125,0.008056640625,0.02325439453125,0.0267333984375,0.62017822265625,225.06342813994465,14.98295882492648,129.3098414296501,0.8924812766225081,130.4550717342059,0.9670158394081166,/sessions/cool-youthful-allen/mnt/Research/color-histogram-analysis/dataset/segmented/op/008_particle0001.png,op,val
0.4831460674157303,0.6616758869207735,0.4258230990331852,0.274597152964206,16.29625,27.308683001995085,8.9,4.3,0.4980177050780075,1.3163584542559312,2.1469362507553496,2.8181855696188305,5.300774971309719,3.8513140749067336,7.241780197134506,335.64744023828064,204.4430351585768,0.3526355486995056,0.0566377141651869,0.1035051132469782,0.0131594636755498,0.9640354981653148,0.0218675004443013,0.017333984375,0.01666259765625,0.0096435546875,0.01068115234375,0.01092529296875,0.01324462890625,0.0157470703125,0.019287109375,0.02105712890625,0.02496337890625,0.02886962890625,0.04833984375,0.0606689453125,0.06988525390625,0.03802490234375,0.019775390625,0.00982666015625,0.01019287109375,0.00616455078125,0.0079345703125,0.0074462890625,0.0101318359375,0.0140380859375,0.01849365234375,0.02398681640625,0.4666748046875,111.34525296689569,23.96331403159801,129.42848219862586,1.443082361873256,131.9820424734541,2.8648218222341786,/sessions/cool-youthful-allen/mnt/Research/color-histogram-analysis/dataset/segmented/op/007_particle0029.png,op,val
2.2,0.5251276906238599,0.2617045454545454,0.2365154427098358,14.39375,27.65426744222641,11.0,5.0,0.1785721308057027,0.4710958776796198,1.025463689057684,1.8973392325554208,-3.651972615694813,-2.263294864774398,3.4238729171917446,279.6820468314772,175.8792840821249,0.415993705275218,0.0604288786081702,0.1146740941841377,0.0146224045002853,0.9655146086664598,0.0215992335569083,0.0169677734375,0.0228271484375,0.01513671875,0.01226806640625,0.007568359375,0.0068359375,0.00787353515625,0.00738525390625,0.009521484375,0.012939453125,0.02642822265625,0.0531005859375,0.106201171875,0.0797119140625,0.03582763671875,0.0169677734375,0.0115966796875,0.0087890625,0.00372314453125,0.004638671875,0.0035400390625,0.00592041015625,0.00823974609375,0.02178955078125,0.02685546875,0.46734619140625,101.40467894474862,27.668997409187533,129.28621204579392,1.0985369866484196,129.2834743653559,2.078722152770069,/sessions/cool-youthful-allen/mnt/Research/color-histogram-analysis/dataset/segmented/bop1/006_particle0027.png,bop1,val
0.8874172185430463,0.5761146020347098,0.3806217258080459,0.2513297809263523,19.25375,31.02705959677696,7.55,6.7,0.5216071737538197,1.7585648292166411,1.9026494339430795,2.4154276538751,4.840585037780057,3.802627961850378,-4.649942155251402,392.1763905782603,233.59456263917104,0.4033844949863435,0.0524276834981556,0.109972248527513,0.0114737963568237,0.948911349076375,0.0303324841248904,0.01641845703125,0.025634765625,0.01654052734375,0.01446533203125,0.01007080078125,0.01031494140625,0.011474609375,0.0128173828125,0.01165771484375,0.016357421875,0.0225830078125,0.03704833984375,0.04302978515625,0.04693603515625,0.02642822265625,0.02069091796875,0.0142822265625,0.0106201171875,0.00628662109375,0.008544921875,0.00726318359375,0.009521484375,0.01409912109375,0.0274658203125,0.04547119140625,0.51397705078125,126.0187074829932,27.199789734384083,129.88163265306122,1.5119487991260403,133.75340136054422,3.527550266080704,/sessions/cool-youthful-allen/mnt/Research/color-histogram-analysis/dataset/segmented/op/004_particle0001.png,op,val
0.2488038277511961,0.6507495082411993,0.4413875598086124,0.2338598322601388,11.9925,25.385281205177307,10.45,2.6,0.1489193254623107,0.3486950920734123,1.6602332617416826,1.9818710030563824,3.812045685791843,2.1911687443166263,4.495787465874556,295.33939056966386,173.5172746130702,0.3443890938598159,0.0867768910337513,0.0782954913662767,0.0112301940434324,0.958052201478897,0.0246131892674229,0.01446533203125,0.02069091796875,0.00958251953125,0.01055908203125,0.009033203125,0.0093994140625,0.00848388671875,0.01641845703125,0.02056884765625,0.03094482421875,0.0435791015625,0.06927490234375,0.0811767578125,0.06182861328125,0.037109375,0.02056884765625,0.0103759765625,0.012939453125,0.009521484375,0.00750732421875,0.005615234375,0.00811767578125,0.0128173828125,0.01739501953125,0.022216796875,0.4298095703125,128.53135313531354,21.145910611846368,129.2142071349992,1.5384963030787044,129.74728901461577,1.9203714777422287,/sessions/cool-youthful-allen/mnt/Research/color-histogram-analysis/dataset/segmented/bop1/001_particle0040.png,bop1,val
1.4475138121546962,0.3263984535459707,0.1424233478132512,0.1119977954414217,16.885,43.52619740962982,13.1,9.05,-0.0403939856638276,0.0814853072667455,0.3022077882463926,0.4549835287757769,0.836639624259488,0.5009541273359839,1.7605930463928658,411.7264075388788,246.6560347034553,0.546799603602994,0.0548676710719437,0.2007726254718903,0.0167221079258333,0.9093859241455132,0.0539795118063695,0.0125732421875,0.02197265625,0.01007080078125,0.0098876953125,0.00775146484375,0.007080078125,0.00677490234375,0.007080078125,0.007080078125,0.01092529296875,0.01617431640625,0.03662109375,0.0732421875,0.0684814453125,0.02691650390625,0.0166015625,0.00714111328125,0.00860595703125,0.003662109375,0.00531005859375,0.00274658203125,0.00787353515625,0.012939453125,0.0379638671875,0.04522705078125,0.529296875,125.4173294265383,30.88947148366036,129.17161992465466,1.4103064735982909,129.35370447886146,2.109013099984708,/sessions/cool-youthful-allen/mnt/Research/color-histogram-analysis/dataset/segmented/bop1/006_particle0017.png,bop1,val
1.0721153846153846,0.701957810285988,0.3791501379786133,0.2891097058431571,43.96625,43.71528444886208,11.15,10.4,0.4899731079242009,1.2246704219074285,2.1428555270999823,2.407950269321547,4.69312346219027,3.0334709396869046,-5.3616433253767966,628.6649776331849,342.13746295394446,0.3611944237407525,0.0582166767868358,0.0708592282170038,0.0104201933692635,0.9191358781123856,0.043855657347545,0.019287109375,0.022705078125,0.01287841796875,0.01025390625,0.007080078125,0.009765625,0.0084228515625,0.01409912109375,0.015625,0.02117919921875,0.02630615234375,0.04290771484375,0.05615234375,0.04901123046875,0.02996826171875,0.01873779296875,0.01171875,0.0106201171875,0.00677490234375,0.0059814453125,0.005126953125,0.007568359375,0.009765625,0.01837158203125,0.023681640625,0.5360107421875,124.83737782271656,34.68039366878245,129.28008088978763,1.2026334406825483,134.57094708459724,3.718653533836672,/sessions/cool-youthful-allen/mnt/Research/color-histogram-analysis/dataset/segmented/opa/6_particle0010.png,opa,val
1.7083333333333333,0.6543379642755883,0.3664650025406504,0.2613458757397682,57.69625,52.67091948390007,16.4,9.6,0.3266527817091911,0.7689660973257288,2.8300029791863897,3.5534380445840696,7.036133931318317,4.361040384363659,-6.811085654154556,386.3460088357372,216.4086785009014,0.3686608020443886,0.0584824451895204,0.0863843178869529,0.0109228384667344,0.9458154453919532,0.0302690741168279,0.02020263671875,0.02178955078125,0.01385498046875,0.0169677734375,0.0118408203125,0.01361083984375,0.01031494140625,0.0120849609375,0.0140380859375,0.0167236328125,0.02911376953125,0.03741455078125,0.0516357421875,0.05438232421875,0.03179931640625,0.024169921875,0.01678466796875,0.01312255859375,0.00762939453125,0.00823974609375,0.005615234375,0.0084228515625,0.01092529296875,0.02117919921875,0.02496337890625,0.503173828125,123.90257929592192,25.93598354724546,129.72098292087836,0.9636377479962248,130.96671314046705,2.4665288895437354,/sessions/cool-youthful-allen/mnt/Research/color-histogram-analysis/dataset/segmented/opa/9_particle0016.png,opa,val
0.4894736842105263,0.5034043907095131,0.2238539898132427,0.1974427734899746,9.88875,25.087362736463547,9.5,4.65,0.0814863924282889,0.2410734313141213,1.3699441495359328,2.2474556016706497,-4.63017219110548,-2.5546454424327183,-4.072174707488163,333.79426439747004,195.0695589941172,0.4373695749531238,0.0619468586397661,0.1093675972745084,0.0136914216313208,0.9355783959635908,0.0374380028535442,0.02197265625,0.028076171875,0.01104736328125,0.00543212890625,0.00335693359375,0.0054931640625,0.00592041015625,0.0074462890625,0.0068359375,0.00909423828125,0.015380859375,0.03619384765625,0.0523681640625,0.038818359375,0.01806640625,0.010986328125,0.005615234375,0.00677490234375,0.00274658203125,0.00518798828125,0.00341796875,0.00579833984375,0.00799560546875,0.02325439453125,0.02734375,0.6353759765625,125.82019562715766,22.199149766702597,132.1101841196778,1.78592498284525,133.92692750287688,2.0975518351886877,/sessions/cool-youthful-allen/mnt/Research/color-histogram-analysis/dataset/segmented/bop1/003_particle0002.png,bop1,val
0.2871287128712871,0.7439353099730458,0.4711505633321953,0.2908819160641614,13.8,24.416652035713195,10.1,2.9,0.3369357697554255,0.7598173216063736,1.7647410654533142,1.9360425120745917,3.78815161105016,2.376900108106205,-4.838245171689189,377.92188149540993,221.55820880844723,0.3429788513917479,0.0739109422805301,0.0960957718808694,0.0139663813481395,0.9592526764698376,0.0238789733069709,0.023681640625,0.0321044921875,0.01556396484375,0.009521484375,0.00653076171875,0.0093994140625,0.00872802734375,0.01171875,0.01519775390625,0.01373291015625,0.01397705078125,0.028076171875,0.04083251953125,0.0400390625,0.02581787109375,0.019287109375,0.0103759765625,0.010009765625,0.00494384765625,0.00640869140625,0.00531005859375,0.01214599609375,0.01104736328125,0.02349853515625,0.03643798828125,0.56561279296875,110.2432712215321,23.01598154572061,129.61431529133392,1.348706166276266,131.64374445430346,2.5504313067984365,/sessions/cool-youthful-allen/mnt/Research/color-histogram-analysis/dataset/segmented/bop1/007_particle0030.png,bop1,val
2.3043478260869565,0.6967421581688265,0.3775553732567678,0.2725310878774578,28.765,36.41909053325653,13.25,5.75,0.3589107666290826,0.8183302979046269,1.7965965127219528,2.067498003073198,4.0042728369463125,2.5148029155204754,4.832962659735291,530.2600418282195,291.94160603190545,0.2866128986109842,0.047501546946423,0.0445287622558721,0.0055434969229138,0.9318834056862126,0.0374273623482273,0.026123046875,0.0338134765625,0.0177001953125,0.00927734375,0.00775146484375,0.008056640625,0.00836181640625,0.01025390625,0.0113525390625,0.016845703125,0.01763916015625,0.02532958984375,0.0245361328125,0.02593994140625,0.0194091796875,0.01470947265625,0.0123291015625,0.00799560546875,0.00579833984375,0.00567626953125,0.005126953125,0.0062255859375,0.00872802734375,0.0189208984375,0.01800537109375,0.63409423828125,114.830411386912,29.4417813395156,130.90661343516751,1.4635392841548729,134.17115084186773,3.433026371791837,/sessions/cool-youthful-allen/mnt/Research/color-histogram-analysis/dataset/segmented/op/003_particle0019.png,op,val
1.2996108949416345,0.5810199203187251,0.2123709778885808,0.2032483264552376,45.57375,53.08218920826912,16.7,12.85,0.1561221177552225,0.3813922589488803,1.279146124734252,1.737718064167458,3.302758511687768,2.201538852148704,-3.565776693605472,324.0207263747905,189.8154389507377,0.4879084221650643,0.0541897706651555,0.1239805334831957,0.0095464482801575,0.9313282092082515,0.0399980684400331,0.013427734375,0.02069091796875,0.01025390625,0.0059814453125,0.00372314453125,0.0076904296875,0.00970458984375,0.0135498046875,0.01324462890625,0.02093505859375,0.0357666015625,0.05426025390625,0.05670166015625,0.065673828125,0.03594970703125,0.023681640625,0.01043701171875,0.0101318359375,0.004638671875,0.00439453125,0.002685546875,0.00531005859375,0.00653076171875,0.02557373046875,0.0269775390625,0.5120849609375,129.5440791387838,24.52954831963565,130.55659004946173,1.239238603957471,134.53709630491707,2.7106896346412457,/sessions/cool-youthful-allen/mnt/Research/color-histogram-analysis/dataset/segmented/op/009_particle0003.png,op,val
2.1674008810572687,0.4620202981287662,0.2608699545145231,0.1704506590511453,72.8375,73.27960255146027,24.6,11.35,0.0761137119490561,0.255898276174333,0.8967197610815311,1.535927276293055,3.0817241339181507,-3.4393372199892047,2.8060107686288567,595.8926951830374,329.5356471371269,0.4182664953549178,0.0612507751270714,0.0929466761923355,0.0112923809211498,0.9196383170652316,0.0443660368231432,0.01519775390625,0.027587890625,0.0067138671875,0.0067138671875,0.00665283203125,0.00897216796875,0.00958251953125,0.013427734375,0.01593017578125,0.02117919921875,0.0260009765625,0.04876708984375,0.06689453125,0.06646728515625,0.02960205078125,0.023681640625,0.01788330078125,0.0157470703125,0.00811767578125,0.007568359375,0.004150390625,0.00555419921875,0.00762939453125,0.0208740234375,0.02301025390625,0.49609375,114.3688940092166,30.067038770650004,130.86082949308755,1.7256496147964708,129.43087557603687,2.9719216995414457,/sessions/cool-youthful-allen/mnt/Research/color-histogram-analysis/dataset/segmented/opa/1_particle0006.png,opa,val
1.2769230769230768,0.7764981872467477,0.3374420759962929,0.4160475018778081,4.55125,11.724621152877807,4.15,3.25,0.4380741054160835,1.0146262925573974,2.3250920165433517,3.2946330302135145,-6.110434209979178,-3.808194991022045,-6.888991173632142,246.66132835344808,178.40957375936196,0.4230615616685957,0.0781586389153381,0.0899048423868685,0.013358525772195,0.9678692959100472,0.0231781726471495,0.01837158203125,0.02081298828125,0.0101318359375,0.009521484375,0.0089111328125,0.00823974609375,0.006591796875,0.0091552734375,0.0125732421875,0.0174560546875,0.03155517578125,0.0494384765625,0.0791015625,0.0615234375,0.04071044921875,0.03302001953125,0.02032470703125,0.01507568359375,0.00860595703125,0.00518798828125,0.00433349609375,0.00634765625,0.00958251953125,0.01605224609375,0.017578125,0.47979736328125,112.19779520881916,22.15410620361809,129.685817256731,1.1557142667142684,127.62433750265,2.2874020623324456,/sessions/cool-youthful-allen/mnt/Research/color-histogram-analysis/dataset/segmented/bop1/001_particle0032.png,bop1,val
0.3813559322033898,0.8269294304215673,0.523739275999163,0.3879942124282958,62.57375,45.01822834014892,17.7,6.75,0.4138295792256495,0.935160911965532,2.206980056711406,2.52630680217026,4.904736379268333,3.072911602227516,-5.5315078701180695,302.16409364488004,188.10885247371488,0.3012285235133029,0.0596403242848511,0.0567564935880702,0.0069431311860232,0.9550101552545864,0.0279807717565712,0.0240478515625,0.0242919921875,0.02020263671875,0.02191162109375,0.0123291015625,0.00738525390625,0.00421142578125,0.00567626953125,0.0089111328125,0.0142822265625,0.02783203125,0.05206298828125,0.0731201171875,0.07135009765625,0.03118896484375,0.0164794921875,0.0078125,0.00506591796875,0.0030517578125,0.00372314453125,0.0032958984375,0.00775146484375,0.00946044921875,0.0233154296875,0.02197265625,0.499267578125,128.20865360773618,23.987748536255005,131.24386312918423,1.0944329306695872,131.9957847756013,2.4661822987098763,/sessions/cool-youthful-allen/mnt/Research/color-histogram-analysis/dataset/segmented/op/001_particle0019.png,op,val
1.0451807228915662,0.4839196425929761,0.2129613555084893,0.204410123960905,61.335,61.40559105873108,17.35,16.6,0.2154644758290173,0.5841896920430818,1.1165530645425312,1.8787553264423809,-4.668208997397034,-2.6281779344072747,-3.3769767039133454,448.6965762907035,239.0246240103954,0.4226166809178328,0.0617007413943202,0.1142084707186795,0.0133617342401968,0.9156650286628744,0.0447322577926114,0.0133056640625,0.013916015625,0.00933837890625,0.00921630859375,0.0084228515625,0.01068115234375,0.01123046875,0.0152587890625,0.0172119140625,0.02435302734375,0.03863525390625,0.06591796875,0.08941650390625,0.06463623046875,0.03594970703125,0.02508544921875,0.01507568359375,0.0118408203125,0.0062255859375,0.00738525390625,0.00433349609375,0.00640869140625,0.0089111328125,0.0179443359375,0.01849365234375,0.4508056640625,141.923991507431,26.97674074421139,131.98301486199574,1.0763468518217905,128.84819532908705,2.314931669133994,/sessions/cool-youthful-allen/mnt/Research/color-histogram-analysis/dataset/segmented/opa/3_particle0015.png,opa,val
0.3835616438356164,0.7732628035585477,0.3933463796477495,0.3211572075335761,8.04,17.73675307035446,7.3,2.8,0.4288939233841091,0.9816662320425692,1.9761495842943355,2.2351534090437823,4.340808895805568,2.7280133310946044,6.708692564347045,259.1439116684434,164.09629327187346,0.418607488080386,0.1125795121175158,0.1251515100062755,0.0126237641121434,0.9661543771313024,0.0213903456269912,0.02032470703125,0.01690673828125,0.0115966796875,0.01513671875,0.0118408203125,0.01300048828125,0.01300048828125,0.01495361328125,0.01190185546875,0.018798828125,0.02886962890625,0.051513671875,0.0533447265625,0.05279541015625,0.027587890625,0.0216064453125,0.01092529296875,0.0164794921875,0.008544921875,0.009033203125,0.00653076171875,0.01171875,0.015625,0.02630615234375,0.0364990234375,0.47515869140625,119.67794221282594,22.96405899116544,131.34478505990134,1.8561867124991496,129.542459478506,2.1318735893576606,/sessions/cool-youthful-allen/mnt/Research/color-histogram-analysis/dataset/segmented/bop1/003_particle0031.png,bop1,val
0.7615658362989324,0.8561477222467935,0.2575248611434463,0.3069534465998099,38.715,39.811478519439696,14.05,10.7,0.3391593508835799,0.7448824525675369,2.092561223831184,2.294274349621699,4.488851193849172,2.69918157352689,-5.624596074180822,374.6307155102775,260.5509572371898,0.554398205799413,0.0517744191898141,0.2530164735521842,0.012822573387899,0.9391015295957158,0.0421745885019202,0.02130126953125,0.0140380859375,0.007080078125,0.0068359375,0.00518798828125,0.0064697265625,0.0057373046875,0.00860595703125,0.00567626953125,0.01190185546875,0.0179443359375,0.04901123046875,0.08734130859375,0.09954833984375,0.0357666015625,0.03350830078125,0.01690673828125,0.03509521484375,0.010009765625,0.01910400390625,0.00653076171875,0.01910400390625,0.02069091796875,0.03228759765625,0.1015625,0.32275390625,131.78280871670702,24.743498568491304,131.16682808716706,2.1574834820430477,128.92397094430993,2.541859097168438,/sessions/cool-youthful-allen/mnt/Research/color-histogram-analysis/dataset/segmented/opa/7_particle0016.png,opa,val
1.911764705882353,0.4033525130711227,0.1929612870789341,0.1451967972960694,38.38,57.63401812314987,19.5,10.2,0.1118268569602341,0.3344570124221144,1.2200989039582248,1.2440796723636007,2.476309123854234,1.447607095307615,4.071298993214144,440.8654852109686,260.3728820344359,0.4528964924620213,0.0624686325122165,0.100802117552809,0.0124293928876156,0.913988157410876,0.0505694755224973,0.01873779296875,0.02301025390625,0.009521484375,0.0072021484375,0.00909423828125,0.009521484375,0.008544921875,0.01226806640625,0.01617431640625,0.01959228515625,0.02655029296875,0.04327392578125,0.0640869140625,0.04217529296875,0.02215576171875,0.015380859375,0.00933837890625,0.009033203125,0.0042724609375,0.00726318359375,0.004150390625,0.0054931640625,0.00738525390625,0.0247802734375,0.02825927734375,0.552734375,121.47365059086552,30.3565555536632,131.04247844139252,1.159211833596451,133.2535931012456,2.7389712111134945,/sessions/cool-youthful-allen/mnt/Research/color-histogram-analysis/dataset/segmented/op/010_particle0010.png,op,val
0.7075471698113207,0.7677506775067751,0.3563522012578616,0.371327907178792,28.33,30.9634556889534,10.6,7.5,0.4491633346391812,1.0337043448933638,2.730516427133675,3.543414912817223,7.012505633136681,4.962343412028548,-6.733401442847299,284.0273134100096,191.37433027839447,0.4444450577903408,0.058383929977796,0.1303603372762664,0.0133948087614558,0.9608895411420432,0.0262701421985453,0.013671875,0.0198974609375,0.01080322265625,0.01116943359375,0.00787353515625,0.010009765625,0.0035400390625,0.00677490234375,0.00634765625,0.0150146484375,0.0318603515625,0.05548095703125,0.06744384765625,0.0677490234375,0.04180908203125,0.0252685546875,0.01123046875,0.00946044921875,0.00335693359375,0.006591796875,0.00347900390625,0.0086669921875,0.011962890625,0.02679443359375,0.0374755859375,0.48626708984375,126.74327272727272,21.903414018204845,131.262,1.4968729830124956,135.38163636363635,2.635904028902945,/sessions/cool-youthful-allen/mnt/Research/color-histogram-analysis/dataset/segmented/op/005_particle0004.png,op,val
0.4858757062146893,0.3403042767233262,0.2255616870319274,0.1512910108274657,8.58375,26.701576280593876,8.85,4.3,0.0311923640314878,0.2835109245560304,0.4123977261587056,1.0422830504777283,2.108909043054498,2.194781176591742,1.8207049471903296,411.8107802884442,250.44977019286063,0.3873841032688133,0.077060090732686,0.0864595221695151,0.0131040327376725,0.92777999049618,0.0437125781948088,0.02667236328125,0.031005859375,0.0123291015625,0.00970458984375,0.005126953125,0.007568359375,0.008544921875,0.00982666015625,0.01336669921875,0.0172119140625,0.0242919921875,0.03765869140625,0.04718017578125,0.0455322265625,0.02069091796875,0.015869140625,0.00921630859375,0.009033203125,0.005615234375,0.0064697265625,0.0050048828125,0.00732421875,0.00823974609375,0.0184326171875,0.02459716796875,0.573486328125,111.77855477855478,25.72553096373096,129.00262237762237,0.8841679873731645,134.120337995338,1.3929664736506988,/sessions/cool-youthful-allen/mnt/Research/color-histogram-analysis/dataset/segmented/bop1/005_particle0040.png,bop1,val
1.15547703180212,0.5265264708743936,0.2046768459385569,0.215083115518148,47.3525,52.59848424196243,16.35,14.15,0.1539296471120994,0.3703630593459536,1.2918121768672737,1.6166054593867376,3.093644177707521,1.9570834406492943,-3.571254378422757,390.4372189861017,230.6150220634452,0.4828031754497885,0.0552500705311343,0.1387594622463276,0.0099866991018564,0.9276931733857124,0.0424732869222706,0.0162353515625,0.01776123046875,0.0106201171875,0.00811767578125,0.00701904296875,0.0076904296875,0.00860595703125,0.008056640625,0.0096435546875,0.013916015625,0.0264892578125,0.06005859375,0.07977294921875,0.06793212890625,0.0234375,0.01556396484375,0.0081787109375,0.0087890625,0.0040283203125,0.00543212890625,0.00286865234375,0.0069580078125,0.01007080078125,0.0289306640625,0.027099609375,0.5167236328125,127.59776704888353,32.26735975525709,130.09595654797826,1.3710391261295445,134.7963186481593,3.6327948299146406,/sessions/cool-youthful-allen/mnt/Research/color-histogram-analysis/dataset/segmented/op/006_particle0026.png,op,val
0.4093023255813953,0.5316839182024741,0.2226215644820296,0.1847538209703589,10.53,26.762236428260803,10.75,4.4,-0.0308210085178346,-0.0252876072500283,1.1070525188655846,2.0473147907734863,-3.691666928085516,-2.0607368909161274,-3.912012069358109,294.246346513817,193.0533197903572,0.3355607129812734,0.0665036446647037,0.0583544183185686,0.0082903463063634,0.9463062365407082,0.035082484307412,0.0250244140625,0.03033447265625,0.0118408203125,0.01068115234375,0.00701904296875,0.00750732421875,0.00714111328125,0.00860595703125,0.0103759765625,0.01275634765625,0.02081298828125,0.033935546875,0.03558349609375,0.03704833984375,0.020751953125,0.0118408203125,0.00799560546875,0.0067138671875,0.00341796875,0.00445556640625,0.00384521484375,0.00701904296875,0.00927734375,0.02142333984375,0.01995849609375,0.6246337890625,110.63051251489868,23.32036966036535,130.54469606674613,1.115271549319322,131.40345649582838,1.9314627211882207,/sessions/cool-youthful-allen/mnt/Research/color-histogram-analysis/dataset/segmented/bop1/001_particle0004.png,bop1,val
2.848101265822785,0.5539296601977842,0.2619479606188467,0.1900558462364831,46.56125,55.48513293266296,22.5,7.9,0.0440297240171626,0.1181949276920566,1.1324352528820127,1.3665573548657592,2.6221603047750968,1.4896969247333909,-3.3945756104450915,337.93879797593127,212.50758591779083,0.3996737182589899,0.067912401561761,0.0729626550495678,0.0097239321352541,0.9420444388304012,0.0363223240733249,0.0115966796875,0.0238037109375,0.01153564453125,0.009521484375,0.00701904296875,0.01055908203125,0.009765625,0.01593017578125,0.01702880859375,0.03131103515625,0.04547119140625,0.064208984375,0.081298828125,0.0712890625,0.0460205078125,0.03118896484375,0.01763916015625,0.0108642578125,0.0062255859375,0.0067138671875,0.00555419921875,0.00506591796875,0.00677490234375,0.01116943359375,0.015380859375,0.42706298828125,122.66985875029926,25.90776505167642,132.0782858510893,1.2398885288476025,131.72611922432367,2.324247409742883,/sessions/cool-youthful-allen/mnt/Research/color-histogram-analysis/dataset/segmented/op/001_particle0004.png,op,val
0.3656174334140435,0.843281311794591,0.4444863140002886,0.328671266278091,69.29875,51.47386313676834,20.65,7.55,0.3651556784402842,0.807458833108468,2.2960042984094424,2.5615486770144087,4.9927593197472735,2.991369680789581,5.9667441465656825,430.5434278473479,244.14633376074292,0.3422996453265018,0.0518760642455921,0.0863546807766226,0.010914875739737,0.9441799705878068,0.0315824694828995,0.02362060546875,0.0301513671875,0.01422119140625,0.01226806640625,0.01043701171875,0.00848388671875,0.00640869140625,0.00567626953125,0.00823974609375,0.01324462890625,0.0245361328125,0.046630859375,0.0599365234375,0.055419921875,0.0311279296875,0.015625,0.007080078125,0.005859375,0.003173828125,0.00482177734375,0.00469970703125,0.0069580078125,0.0107421875,0.0211181640625,0.0301513671875,0.53936767578125,123.26093839953944,26.308825083993728,130.32843983880252,0.8606490541748233,132.63831318364998,2.675236688599289,/sessions/cool-youthful-allen/mnt/Research/color-histogram-analysis/dataset/segmented/op/010_particle0015.png,op,val
0.8074534161490683,0.3264199410141756,0.1639273769708552,0.1312970810045893,8.5775,28.652185875177384,8.05,6.5,0.0228593289201068,0.1850105054105367,0.8638875812378988,0.7728946754404649,1.5920347629228042,0.8884858134702269,2.8228082700694035,381.5664298327632,236.4489998291108,0.405554779804779,0.0676186856481718,0.0908477554496237,0.0104230245666183,0.9283579719178454,0.0441683467902761,0.024658203125,0.03057861328125,0.01068115234375,0.0079345703125,0.0057373046875,0.00457763671875,0.00396728515625,0.005859375,0.01171875,0.01666259765625,0.02850341796875,0.04296875,0.05889892578125,0.0533447265625,0.02587890625,0.02099609375,0.01104736328125,0.01141357421875,0.00640869140625,0.00592041015625,0.00469970703125,0.00640869140625,0.0078125,0.02001953125,0.02093505859375,0.5523681640625,103.652496099844,27.347031470983204,131.89352574102963,1.989239042580395,132.01716068642745,2.5736609084803264,/sessions/cool-youthful-allen/mnt/Research/color-histogram-analysis/dataset/segmented/bop1/006_particle0005.png,bop1,val
0.8980891719745223,0.6552095244501245,0.2200162623661742,0.2346280458614579,12.17625,25.537110072374343,7.85,7.05,0.1500972158433915,0.3508861465525132,2.124935266900815,2.5968278615508216,4.989285605212819,2.860706186765368,-5.392003599326913,382.4252134387148,263.7583306531638,0.3982907278078865,0.067515537557567,0.1009499358249541,0.0138280835924224,0.9457828844340596,0.0372336281908012,0.02557373046875,0.02587890625,0.01397705078125,0.01104736328125,0.00579833984375,0.00445556640625,0.00408935546875,0.00592041015625,0.00726318359375,0.01190185546875,0.0233154296875,0.040283203125,0.05682373046875,0.04864501953125,0.02593994140625,0.01898193359375,0.01123046875,0.00909423828125,0.00482177734375,0.00323486328125,0.002197265625,0.0050048828125,0.0076904296875,0.021484375,0.0196533203125,0.585693359375,98.99853113983548,26.59935254868645,128.29083431257345,1.2592867750093162,132.98061104582845,2.561850664571037,/sessions/cool-youthful-allen/mnt/Research/color-histogram-analysis/dataset/segmented/bop1/005_particle0005.png,bop1,val
1.0585585585585586,0.6763937402018757,0.2357005942112325,0.2545848587057937,30.74125,38.95376214385033,11.75,11.1,0.2449616790729795,0.5713628872215708,1.5527961044869334,2.306773330247384,4.888134231132835,-3.331748782746907,-4.247640536488795,340.5863904920195,225.8698829421298,0.4406945738489768,0.0519409478486517,0.1088404667842643,0.0078616782800709,0.9475375063256836,0.0346271689083092,0.013916015625,0.0208740234375,0.007568359375,0.0079345703125,0.00701904296875,0.00726318359375,0.00531005859375,0.00653076171875,0.00860595703125,0.0140380859375,0.02703857421875,0.06365966796875,0.08880615234375,0.07281494140625,0.03216552734375,0.0150146484375,0.00958251953125,0.00762939453125,0.00433349609375,0.00445556640625,0.00201416015625,0.0054931640625,0.00836181640625,0.02227783203125,0.0252685546875,0.51202392578125,115.13926084627744,31.67471414073289,131.42662024638457,1.4935492382682247,135.50107123727906,3.726793781443827,/sessions/cool-youthful-allen/mnt/Research/color-histogram-analysis/dataset/segmented/op/006_particle0003.png,op,val
0.7802690582959642,0.6553425305013146,0.2858615535281686,0.2819370836824917,27.73,35.156348848342894,11.15,8.7,0.3230834896640879,0.7487430526980843,1.935425563797709,2.8120798610460414,-5.77333550983373,-3.7090197333257735,-5.200853000902447,326.3776337262904,194.33203480514547,0.3321340402245893,0.047681555353584,0.0758280252807611,0.0055450732266819,0.9551406059569104,0.0265857662396216,0.0325927734375,0.03375244140625,0.0157470703125,0.00946044921875,0.00726318359375,0.00469970703125,0.00457763671875,0.004638671875,0.004638671875,0.00799560546875,0.01959228515625,0.04718017578125,0.07080078125,0.0440673828125,0.01690673828125,0.0086669921875,0.0052490234375,0.00567626953125,0.00347900390625,0.0042724609375,0.00244140625,0.005126953125,0.008056640625,0.02496337890625,0.02655029296875,0.58160400390625,106.83262284047564,26.48380210585848,130.01076957594796,1.218682908876737,135.14202378281354,3.188671153585401,/sessions/cool-youthful-allen/mnt/Research/color-histogram-analysis/dataset/segmented/op/003_particle0027.png,op,val
0.3622754491017964,0.5866588883014603,0.3981293611124857,0.2240622601321511,40.225,47.49726494550705,16.7,6.05,0.2380206993419963,0.5722333271194266,1.9181698910852452,2.119601743408388,4.147342120545996,2.408979462793982,-4.837693464559694,590.5094195192162,338.0018466064007,0.3341665768284561,0.0528940549810408,0.0657568435195447,0.0096670841729612,0.914757721914006,0.0486436662252545,0.0255126953125,0.02410888671875,0.00982666015625,0.0096435546875,0.01300048828125,0.0128173828125,0.01312255859375,0.0172119140625,0.01458740234375,0.018798828125,0.02374267578125,0.03179931640625,0.039794921875,0.035400390625,0.0216064453125,0.01788330078125,0.01055908203125,0.0086669921875,0.004150390625,0.00335693359375,0.00439453125,0.005859375,0.0106201171875,0.02191162109375,0.024169921875,0.57745361328125,127.42377850162866,29.98257726528615,131.96742671009773,1.1905905072816774,135.4960912052117,3.2519326798917687,/sessions/cool-youthful-allen/mnt/Research/color-histogram-analysis/dataset/segmented/opa/8_particle0001.png,opa,val
1.053658536585366,0.3487830386004943,0.1656955736224029,0.1607931171165958,18.3425,37.86173126697541,10.8,10.25,0.0636338533892416,0.33472015905684,0.5748654356463958,1.2295986283671998,2.892789688622684,-2.6068248605984223,2.1384596662056894,347.9777514836833,213.0470055456709,0.3879608899775305,0.0478122341790655,0.0885211301291226,0.0054143170808034,0.9366401492673992,0.0386034595283679,0.0224609375,0.0274658203125,0.01202392578125,0.011962890625,0.008056640625,0.00738525390625,0.005859375,0.00811767578125,0.009765625,0.0145263671875,0.02984619140625,0.062744140625,0.08123779296875,0.058349609375,0.0206298828125,0.01116943359375,0.00738525390625,0.00830078125,0.00384521484375,0.0052490234375,0.003173828125,0.0059814453125,0.0062255859375,0.0186767578125,0.0181884765625,0.5313720703125,101.13077207240488,25.827292222115528,130.35094200221647,1.6583519462552117,131.43590690801625,2.210532420654244,/sessions/cool-youthful-allen/mnt/Research/color-histogram-analysis/dataset/segmented/bop1/004_particle0037.png,bop1,val
1.1563786008230452,0.8096164474411407,0.2681707013458694,0.3049032467935435,45.77875,43.43660489916802,14.05,12.15,0.3252322251671245,0.7109978500721954,2.673691558575072,2.8495648853859943,5.612246003611441,3.2398898883530127,6.768903712185528,426.5395508968642,249.69006630033752,0.3883527613229496,0.0631182973858801,0.0783530932858933,0.0092730509848774,0.9366203358047896,0.0369188481995451,0.01318359375,0.020263671875,0.0126953125,0.00823974609375,0.00634765625,0.0079345703125,0.00799560546875,0.012939453125,0.015625,0.02447509765625,0.04046630859375,0.06097412109375,0.0765380859375,0.06396484375,0.03692626953125,0.02215576171875,0.009033203125,0.00885009765625,0.0028076171875,0.00396728515625,0.00225830078125,0.00433349609375,0.0059814453125,0.0184326171875,0.01824951171875,0.495361328125,113.50201278711816,28.448630678317407,130.69831873076012,0.930659919679139,132.6504854368932,2.4844349226497067,/sessions/cool-youthful-allen/mnt/Research/color-histogram-analysis/dataset/segmented/op/010_particle0005.png,op,val
0.9386503067484664,0.7354759967453214,0.1812221821243834,0.2218218436122781,11.29875,25.29985175728798,8.15,7.65,0.066333739661575,0.15688529311659,2.277886322180542,2.8506312106750302,5.5480327770815,3.4920044630252915,-5.584288790518525,308.87034027355367,238.405845720638,0.5541867045797595,0.0576920814672992,0.2502249129347216,0.0216099404600943,0.9465716684905818,0.0410544136688034,0.01300048828125,0.01776123046875,0.00811767578125,0.0062255859375,0.00543212890625,0.0045166015625,0.00537109375,0.00518798828125,0.00445556640625,0.00848388671875,0.0135498046875,0.04644775390625,0.08038330078125,0.06988525390625,0.0238037109375,0.01605224609375,0.0072021484375,0.01275634765625,0.0045166015625,0.00677490234375,0.00335693359375,0.00848388671875,0.01556396484375,0.0389404296875,0.05206298828125,0.52166748046875,118.1218836565097,28.438792568736595,128.46225761772854,1.3862560032282245,131.15858725761774,2.2705941962752747,/sessions/cool-youthful-allen/mnt/Research/color-histogram-analysis/dataset/segmented/bop1/002_particle0015.png,bop1,val
0.3559322033898305,0.6720846233230134,0.2523002421307506,0.2023577848282754,19.5375,34.83208481669426,14.75,5.25,0.0615148924426537,0.1561038878233993,1.3991222161926498,2.346592962922509,-4.251629306575102,-2.450131403471133,-4.649933822635611,341.8210096661184,220.05667589589865,0.4369841024091092,0.060555462646611,0.1268636166488076,0.0152612711846014,0.9480380158945968,0.0333228814976724,0.01654052734375,0.01727294921875,0.00860595703125,0.00714111328125,0.00604248046875,0.0089111328125,0.00787353515625,0.01043701171875,0.00933837890625,0.01885986328125,0.0335693359375,0.06353759765625,0.076171875,0.05609130859375,0.0321044921875,0.01947021484375,0.0123291015625,0.0079345703125,0.00384521484375,0.00347900390625,0.00262451171875,0.00653076171875,0.00897216796875,0.02093505859375,0.0279541015625,0.513427734375,120.74484146955209,26.724315634123563,129.94287871162555,1.472959889924834,132.42727730246602,2.4366396260919547,/sessions/cool-youthful-allen/mnt/Research/color-histogram-analysis/dataset/segmented/bop1/006_particle0012.png,bop1,val
1.1733333333333331,0.8203489376403524,0.3597727272727273,0.4243309615229634,5.93625,13.258935642242433,4.4,3.75,0.4762849698556438,1.0871678346500078,3.715724093910784,4.279925714985183,8.323036382301531,5.0208012022518185,-8.640396445299459,153.22803671822788,112.26996926831968,0.3596572457969277,0.0771097263549019,0.0682785720931422,0.0103980187643422,0.9800972819950744,0.0145421909612223,0.02056884765625,0.01922607421875,0.0147705078125,0.01513671875,0.01055908203125,0.0086669921875,0.0084228515625,0.009521484375,0.01153564453125,0.02313232421875,0.03778076171875,0.070556640625,0.0997314453125,0.0894775390625,0.0408935546875,0.02490234375,0.01300048828125,0.010986328125,0.0045166015625,0.00445556640625,0.00482177734375,0.00433349609375,0.007080078125,0.01348876953125,0.01715087890625,0.415283203125,104.48520357497516,25.223315011947253,129.68997020854022,1.2981572376299333,128.83237338629593,2.273307969400664,/sessions/cool-youthful-allen/mnt/Research/color-histogram-analysis/dataset/segmented/bop1/001_particle0054.png,bop1,val
1.0355029585798816,0.7050338534000589,0.4858833474218089,0.311410377217622,35.925,38.07472542524338,8.75,8.45,0.6252532777482276,1.8530710545790048,2.8080403588767577,3.4146304381832016,6.936620742560807,-4.829676684667202,-6.56148650055803,514.9167567463985,291.9222533507993,0.3206334736102585,0.0449111225742774,0.0791561167718907,0.0084788029349281,0.9379541407014402,0.0351564994874138,0.0205078125,0.030029296875,0.01324462890625,0.01739501953125,0.01220703125,0.01055908203125,0.007080078125,0.01007080078125,0.0125732421875,0.01373291015625,0.01666259765625,0.0267333984375,0.02825927734375,0.03192138671875,0.01922607421875,0.01702880859375,0.010986328125,0.01177978515625,0.008056640625,0.00823974609375,0.006103515625,0.010986328125,0.015625,0.02642822265625,0.02874755859375,0.5858154296875,123.395697782499,29.500324241308583,130.10861771345108,1.836539915735466,133.67348293719294,3.5009359020061823,/sessions/cool-youthful-allen/mnt/Research/color-histogram-analysis/dataset/segmented/op/006_particle0022.png,op,val
0.6868327402135231,0.6833849614269084,0.3193258717017314,0.28711976074025,43.295,43.53036034703255,14.05,9.65,0.3543421723940664,0.8174935562180505,2.2202651150302986,2.722301041716559,5.263465605222768,3.5397776590626773,-5.473784723586855,514.088885609667,295.9849707617477,0.4183264840740091,0.0573421894140292,0.1117799502516404,0.0103257900101955,0.9299789977276474,0.040143576169827,0.0196533203125,0.01849365234375,0.00885009765625,0.00872802734375,0.00762939453125,0.0076904296875,0.01141357421875,0.01507568359375,0.01397705078125,0.0196533203125,0.031005859375,0.0609130859375,0.06890869140625,0.06695556640625,0.0330810546875,0.02288818359375,0.00909423828125,0.0101318359375,0.00433349609375,0.00714111328125,0.0042724609375,0.0089111328125,0.0113525390625,0.02423095703125,0.03045654296875,0.47515869140625,123.6185149469624,29.323511988923336,129.4337512054002,1.1230463408575757,130.10241080038574,2.4482540514975346,/sessions/cool-youthful-allen/mnt/Research/color-histogram-analysis/dataset/segmented/opa/1_particle0007.png,opa,val
2.849056603773585,0.6396205562718733,0.4338997875796576,0.2933823132753437,8.68125,19.28319971561432,7.55,2.65,0.2645644559262308,0.6313136429178381,1.64246068576174,2.4758689161800005,-5.126448413667787,-3.1641935461733888,-4.549776669618663,295.01001724181776,185.1945820497833,0.3704980056861073,0.0828769511907261,0.092315278458255,0.0129329320131263,0.9611413342740924,0.0243225983505712,0.0218505859375,0.02569580078125,0.012451171875,0.01318359375,0.00872802734375,0.00726318359375,0.0062255859375,0.007080078125,0.00909423828125,0.01800537109375,0.03167724609375,0.0478515625,0.0806884765625,0.05108642578125,0.02734375,0.01629638671875,0.009033203125,0.00665283203125,0.004638671875,0.00579833984375,0.0059814453125,0.00885009765625,0.01300048828125,0.0245361328125,0.02197265625,0.5150146484375,124.8304703804784,21.99885056879143,129.46476159897256,1.3000311918763396,132.6134210948788,2.104170952744438,/sessions/cool-youthful-allen/mnt/Research/color-histogram-analysis/dataset/segmented/bop1/004_particle0014.png,bop1,val
0.5643153526970954,0.665971019481707,0.2361026360751769,0.2415614372074533,77.385,63.44823173284531,24.1,13.6,0.1741105614193175,0.4014822593540735,1.5334569368504838,2.2178634852245604,4.348788256323009,3.378182329227834,4.173675739186083,311.71646844660864,194.78189325019608,0.4974161393213563,0.0695789367867387,0.1528772783619303,0.0154971344704148,0.9396102758636806,0.0375446229857641,0.00775146484375,0.01104736328125,0.00927734375,0.01104736328125,0.0093994140625,0.00994873046875,0.00677490234375,0.0093994140625,0.00927734375,0.01953125,0.03497314453125,0.0675048828125,0.11212158203125,0.07659912109375,0.03704833984375,0.02435302734375,0.01495361328125,0.01202392578125,0.00439453125,0.0050048828125,0.00311279296875,0.00506591796875,0.01025390625,0.027587890625,0.03045654296875,0.43109130859375,137.27180947450168,26.27186465389129,128.90085425834843,0.8521306427986503,132.69427905772716,2.4601374670985243,/sessions/cool-youthful-allen/mnt/Research/color-histogram-analysis/dataset/segmented/opa/9_particle0014.png,opa,val
0.6622340425531915,0.5644214752487934,0.3528689224985046,0.1998957010692711,82.5925,72.05655766129493,18.8,12.45,0.5118301958360794,1.5217363457817916,3.43245555459819,3.726177424334156,-7.332983079832103,4.516063734674846,7.767889895282316,594.7514129099486,302.35188508966326,0.2943611937404926,0.0506941891401445,0.0470464044249342,0.0057436202287457,0.9091307976986546,0.0460738167408312,0.022216796875,0.02899169921875,0.01556396484375,0.015869140625,0.01324462890625,0.01165771484375,0.0111083984375,0.01239013671875,0.01495361328125,0.0224609375,0.028564453125,0.0435791015625,0.05926513671875,0.04827880859375,0.02557373046875,0.0120849609375,0.00665283203125,0.0068359375,0.00250244140625,0.004150390625,0.0020751953125,0.00439453125,0.0059814453125,0.02313232421875,0.0228271484375,0.53564453125,123.27352374277204,28.345919571888075,130.7652006308043,1.1539442455157205,130.94200105134047,3.2673041468914352,/sessions/cool-youthful-allen/mnt/Research/color-histogram-analysis/dataset/segmented/opa/5_particle0010.png,opa,val
0.5617977528089888,0.3959868274168341,0.1771410736579275,0.1558223322242694,17.73625,37.81995282173157,13.35,7.5,0.0888548926739606,0.4176611935626389,0.4747491658738793,1.406981738027822,-2.436678933543509,-1.689412266302876,-2.584844075737922,330.56797683739046,193.33452171826156,0.3414940677010831,0.0563165048466202,0.071724129496505,0.0064847940984419,0.939806218169731,0.035008734806693,0.02496337890625,0.0289306640625,0.01031494140625,0.0068359375,0.0059814453125,0.007568359375,0.006103515625,0.0072021484375,0.00994873046875,0.020263671875,0.0389404296875,0.07861328125,0.09820556640625,0.061279296875,0.02362060546875,0.01007080078125,0.0045166015625,0.0045166015625,0.003173828125,0.0062255859375,0.00823974609375,0.00677490234375,0.00823974609375,0.01947021484375,0.018798828125,0.481201171875,104.52116124519064,29.060847682860235,131.04721930745015,1.4226746942247015,133.68695348023783,2.6251683178477214,/sessions/cool-youthful-allen/mnt/Research/color-histogram-analysis/dataset/segmented/bop1/002_particle0002.png,bop1,val
0.3418803418803419,0.3372440096177763,0.2172809829059829,0.1387415074373514,10.16875,30.34837995767593,11.7,4.0,-0.1478104813312435,-0.1982977863045854,0.3137445987663824,1.1745411702954762,-2.525582507444004,-1.3915313721597349,-1.932379653753313,579.0912921476702,365.0825853288547,0.3209871654790324,0.0794408574737382,0.0631352449955272,0.0114234777491017,0.9125180566197332,0.0549831695473159,0.031005859375,0.031005859375,0.00860595703125,0.006103515625,0.00604248046875,0.00946044921875,0.01080322265625,0.01348876953125,0.0135498046875,0.01947021484375,0.0283203125,0.05224609375,0.06549072265625,0.04840087890625,0.02593994140625,0.01446533203125,0.00701904296875,0.00616455078125,0.00299072265625,0.0052490234375,0.00396728515625,0.00531005859375,0.00775146484375,0.017578125,0.020263671875,0.539306640625,99.76092854989449,26.978980062104977,130.14621646065723,1.2848793672627874,133.71751582755502,2.0854747187771765,/sessions/cool-youthful-allen/mnt/Research/color-histogram-analysis/dataset/segmented/bop1/005_particle0011.png,bop1,val
0.5185185185185185,0.5404023854774231,0.2226001511715797,0.2117589393789936,10.3075,24.73208481669426,9.45,4.9,0.1705646076973919,0.4432768930488071,1.2281121021614585,1.86832385122264,3.6355794705317614,-3.1119040517510803,-3.5150492290486057,326.964046334698,223.2990868227467,0.3733879739746862,0.0668293944300137,0.0703635804948564,0.0090131348651915,0.9493090510052424,0.0344874458396309,0.0228271484375,0.028564453125,0.00933837890625,0.00714111328125,0.00732421875,0.0108642578125,0.01031494140625,0.01019287109375,0.01373291015625,0.019287109375,0.03021240234375,0.04974365234375,0.07464599609375,0.060546875,0.03350830078125,0.0223388671875,0.0128173828125,0.010986328125,0.00555419921875,0.0052490234375,0.00299072265625,0.005615234375,0.0068359375,0.01776123046875,0.02020263671875,0.50140380859375,100.22052785923754,21.310854991853983,129.97448680351906,1.1761037558596863,129.96451612903226,1.6866481407275258,/sessions/cool-youthful-allen/mnt/Research/color-histogram-analysis/dataset/segmented/bop1/004_particle0039.png,bop1,val
0.4489795918367347,0.7407610592987881,0.4305716604823748,0.310635448721734,18.56625,27.40573927760124,9.8,4.4,0.3967948962266233,0.9100725307167083,2.522869376126817,2.742368563005626,5.377415095002492,3.244410176297284,6.35199213700532,504.31113085627953,305.35309427635406,0.3188017825979391,0.0565842340498161,0.0744304627996307,0.0106606262445122,0.945291124482196,0.0330411429975307,0.0225830078125,0.0294189453125,0.0152587890625,0.010986328125,0.0115966796875,0.01141357421875,0.0098876953125,0.0091552734375,0.0128173828125,0.0177001953125,0.02606201171875,0.04443359375,0.05364990234375,0.056640625,0.03472900390625,0.02178955078125,0.01055908203125,0.0087890625,0.00396728515625,0.00616455078125,0.0050048828125,0.00811767578125,0.00958251953125,0.02093505859375,0.02496337890625,0.5137939453125,109.65886183904482,26.951382795435965,129.37587222825243,1.3442206264908785,131.99736393239263,2.6486787897347965,/sessions/cool-youthful-allen/mnt/Research/color-histogram-analysis/dataset/segmented/op/007_particle0015.png,op,val
0.2422680412371134,0.682672837720567,0.3882430357534547,0.1943772627303654,8.85,23.91959578990936,9.7,2.35,0.0719293191962705,0.1649225082136038,2.20796155564144,2.5512924797503658,4.947304732213815,2.767411715618199,5.500211425205917,246.39199138173575,153.86700197588118,0.307850556164371,0.1016972439818661,0.0441379252070028,0.0096722256636835,0.9603281836655666,0.0247325460298267,0.02581787109375,0.03350830078125,0.015869140625,0.01251220703125,0.01055908203125,0.0096435546875,0.00982666015625,0.01068115234375,0.01239013671875,0.01800537109375,0.02569580078125,0.0400390625,0.04486083984375,0.03912353515625,0.0245361328125,0.0194091796875,0.01690673828125,0.01483154296875,0.00872802734375,0.00726318359375,0.00567626953125,0.0057373046875,0.00958251953125,0.01495361328125,0.016845703125,0.5469970703125,116.93469240483492,21.18593050136885,131.07360635035178,0.9908446684344144,130.97726862709723,1.471304440805707,/sessions/cool-youthful-allen/mnt/Research/color-histogram-analysis/dataset/segmented/bop1/001_particle0052.png,bop1,val
0.4380530973451327,0.5188055023506878,0.266335925627961,0.1781236571729716,14.8975,32.41909054517746,11.3,4.95,0.124156656686011,0.3180491962721733,1.4091884957771543,2.133719701895363,4.306224836434391,2.898887486871072,3.942446601411077,465.75182868117895,282.8781271074444,0.4074621124728843,0.0566732809941658,0.1268873277356292,0.013820699129131,0.9328920968937356,0.0406448299984324,0.022705078125,0.02130126953125,0.01171875,0.0096435546875,0.00823974609375,0.008544921875,0.009765625,0.0107421875,0.01031494140625,0.01312255859375,0.0218505859375,0.04315185546875,0.07110595703125,0.0576171875,0.031982421875,0.020263671875,0.012451171875,0.0107421875,0.0078125,0.01123046875,0.00830078125,0.01239013671875,0.0145263671875,0.01995849609375,0.04229736328125,0.48822021484375,117.25375268048606,27.625550054608876,128.0664760543245,1.3407394839393705,132.2215868477484,1.7954701845494143,/sessions/cool-youthful-allen/mnt/Research/color-histogram-analysis/dataset/segmented/bop1/005_particle0018.png,bop1,val
3.1232876712328768,0.4101737417159233,0.2063806777217015,0.13408433820191,8.5875,28.369343161582947,11.4,3.65,-0.1184601350223714,-0.16994186665514,0.4766847352327415,1.296672120831566,3.432189531774621,-1.6872245858272477,-2.1840420097639046,345.2996016210752,219.6046871277455,0.521391671027972,0.0588338478508652,0.1961365040321513,0.022973110884929,0.939531275459121,0.0382698086544725,0.01739501953125,0.01812744140625,0.00787353515625,0.00762939453125,0.006591796875,0.008056640625,0.0078125,0.00994873046875,0.0128173828125,0.0218505859375,0.02215576171875,0.0426025390625,0.072998046875,0.06298828125,0.0224609375,0.015869140625,0.0064697265625,0.01165771484375,0.00469970703125,0.00811767578125,0.00482177734375,0.0108642578125,0.0146484375,0.0277099609375,0.06298828125,0.4908447265625,124.040012217471,26.986012793659334,128.14477703115455,1.3170763803135892,133.77397678680512,2.128632424694585,/sessions/cool-youthful-allen/mnt/Research/color-histogram-analysis/dataset/segmented/bop1/007_particle0017.png,bop1,val
0.676923076923077,0.4401935078843384,0.2315462315462315,0.195641441526736,14.9,30.93624789714813,9.75,6.6,0.2339376839217245,0.6988999338243749,0.9826026644362912,1.5416083862290832,3.0302551441131764,2.7483322221858235,2.898028293408849,486.9796746261802,287.60369384156377,0.4353348868192175,0.061287159096061,0.1154335424972752,0.0118195490254833,0.9306789390537344,0.0408345577079309,0.01922607421875,0.02301025390625,0.009765625,0.0059814453125,0.0050048828125,0.0078125,0.007568359375,0.0113525390625,0.01556396484375,0.02301025390625,0.036865234375,0.057373046875,0.069091796875,0.057861328125,0.0321044921875,0.0177001953125,0.01116943359375,0.008544921875,0.00469970703125,0.00665283203125,0.00299072265625,0.005615234375,0.01019287109375,0.02362060546875,0.0218505859375,0.50537109375,110.7290458618872,23.53150099435751,129.7865050079072,1.255569464477292,129.13046916183447,2.2981747567745554,/sessions/cool-youthful-allen/mnt/Research/color-histogram-analysis/dataset/segmented/bop1/003_particle0024.png,bop1,val
0.6244131455399061,0.7019690118084005,0.2184995940555614,0.2187950225909207,61.89875,59.62482981681824,21.3,13.3,0.182110569009113,0.4048524762516547,1.7905246955242329,1.9452145290118148,3.813880169856344,2.1605198745452703,-5.031394862454506,473.1651050656897,279.67105488406503,0.4910886475406186,0.0633224201579075,0.168840076292084,0.0143896834403603,0.9224706782619748,0.0455874076476884,0.01202392578125,0.0093994140625,0.009033203125,0.012939453125,0.00872802734375,0.01141357421875,0.00811767578125,0.01177978515625,0.013671875,0.0191650390625,0.0301513671875,0.05706787109375,0.0933837890625,0.0855712890625,0.03741455078125,0.02789306640625,0.014404296875,0.01055908203125,0.00433349609375,0.00567626953125,0.00274658203125,0.00482177734375,0.009765625,0.0245361328125,0.0208740234375,0.45452880859375,124.11111111111111,27.495616576406,130.7265563435776,1.618154909025861,131.28789072760705,3.2757224698749234,/sessions/cool-youthful-allen/mnt/Research/color-histogram-analysis/dataset/segmented/opa/7_particle0010.png,opa,val
0.6006389776357828,0.3679521876409563,0.221806811229692,0.1550806314800691,32.63,51.42030975818634,15.65,9.4,0.1220028563429214,0.5650916476150544,0.6514336617726438,1.4328012259956366,-2.8285943651904644,-1.799956119654627,2.5223385190864303,476.483665356597,254.94668306204244,0.4928762665111128,0.0536641982541478,0.1571339631924993,0.0107578884229583,0.915880804518102,0.0447232334103249,0.01434326171875,0.02410888671875,0.0133056640625,0.01055908203125,0.00701904296875,0.00823974609375,0.00689697265625,0.00726318359375,0.008056640625,0.0177001953125,0.03009033203125,0.0489501953125,0.06707763671875,0.069091796875,0.03704833984375,0.023193359375,0.009521484375,0.01190185546875,0.0042724609375,0.0069580078125,0.0037841796875,0.008056640625,0.0069580078125,0.0294189453125,0.037841796875,0.48834228515625,126.86702277199888,29.164401248588764,129.8484678099522,1.1569695845184391,134.42170368287884,3.643960673322549,/sessions/cool-youthful-allen/mnt/Research/color-histogram-analysis/dataset/segmented/op/003_particle0015.png,op,val
1.06,0.5744331589206936,0.2641037735849056,0.2413159638801476,62.98875,57.272138613462445,15.9,15.0,0.3362753409534918,0.8123677770522447,1.8883793807811224,2.2600086330438907,4.353008587578288,2.9262858526706124,-4.874767303011812,433.2816987009662,230.33008406834557,0.3520889520454009,0.0490564726511425,0.0521917707718155,0.0058431393981563,0.932630266109454,0.0356266440976703,0.0167236328125,0.025390625,0.01751708984375,0.012939453125,0.00897216796875,0.0081787109375,0.00738525390625,0.0113525390625,0.01495361328125,0.02471923828125,0.0328369140625,0.04681396484375,0.05401611328125,0.04559326171875,0.03173828125,0.02117919921875,0.01171875,0.0093994140625,0.00537109375,0.00439453125,0.00262451171875,0.00341796875,0.005615234375,0.01531982421875,0.01605224609375,0.5457763671875,107.64117364117364,27.25588502793913,130.37349687349686,0.8915399709668068,132.994708994709,2.6907231825816367,/sessions/cool-youthful-allen/mnt/Research/color-histogram-analysis/dataset/segmented/opa/10_particle0010.png,opa,val
2.004166666666667,0.6481366254054411,0.2120452182952183,0.2019558048572144,61.19625,61.70767261385917,24.05,12.0,0.1007972250903792,0.2383699188947625,1.4908898662114396,2.210918995658434,4.459772800741603,-3.288600082415508,-4.099681999707998,369.3914099885215,231.5141062056165,0.4376255723398713,0.0622326086236832,0.0905266196612033,0.010624082368682,0.9288456604741488,0.0443704590964754,0.013671875,0.0203857421875,0.00909423828125,0.005859375,0.0059814453125,0.00775146484375,0.006591796875,0.0084228515625,0.01123046875,0.02288818359375,0.03515625,0.064208984375,0.07275390625,0.064453125,0.0419921875,0.02392578125,0.0118408203125,0.00830078125,0.003662109375,0.0030517578125,0.0018310546875,0.0032958984375,0.0052490234375,0.01727294921875,0.01641845703125,0.51470947265625,124.23452484742808,24.340876592814677,130.68410345829702,0.9636853573321073,134.55710549258936,2.000510598198292,/sessions/cool-youthful-allen/mnt/Research/color-histogram-analysis/dataset/segmented/opa/2_particle0005.png,opa,val
0.4776386404293381,0.4908456791963514,0.2758135514864023,0.2260509768798426,102.915,75.63818117976189,27.95,13.35,0.1437605501057222,0.4177880229826268,0.8862736838485898,1.4627351357428515,2.79448036901764,2.130552998997597,2.7812307971156467,461.2177353992511,236.6161824474248,0.4694289947473073,0.0521502264909598,0.1775621274038958,0.0177179110249488,0.9280363182267984,0.0367778197775645,0.0157470703125,0.02020263671875,0.01239013671875,0.01116943359375,0.00775146484375,0.00830078125,0.007568359375,0.0084228515625,0.00848388671875,0.01544189453125,0.02655029296875,0.048583984375,0.07562255859375,0.05316162109375,0.0291748046875,0.01617431640625,0.00994873046875,0.0123291015625,0.00537109375,0.00738525390625,0.00347900390625,0.0081787109375,0.0108642578125,0.03179931640625,0.04315185546875,0.50274658203125,132.6746323529412,24.114059921428563,129.39726307189542,1.182691358340726,130.97058823529412,2.16212593131578,/sessions/cool-youthful-allen/mnt/Research/color-histogram-analysis/dataset/segmented/opa/9_particle0015.png,opa,val
1.9541284403669723,1.0,0.9861739242796228,0.7024404823885928,57.24,32.0,10.65,5.45,0.6860630512336969,1.8335150896892796,0.0,0.0,0.0,0.0,0.0,431.2648468902516,256.2718842106651,0.2254424331816317,0.0490230166829933,0.036240215085014,0.0063315804209082,0.9391976551961094,0.0363432082417445,0.0281982421875,0.0399169921875,0.015380859375,0.01007080078125,0.00531005859375,0.00665283203125,0.00494384765625,0.0078125,0.00994873046875,0.01580810546875,0.02105712890625,0.02984619140625,0.03704833984375,0.031494140625,0.02166748046875,0.01116943359375,0.0074462890625,0.0057373046875,0.0029296875,0.00372314453125,0.00579833984375,0.010009765625,0.01702880859375,0.02850341796875,0.02691650390625,0.5955810546875,233.00416546969265,15.637450531373084,129.08589485779947,1.1543253205083817,132.51551278368285,2.293240526905836,/sessions/cool-youthful-allen/mnt/Research/color-histogram-analysis/dataset/segmented/op/005_particle0003.png,op,val
1.7698412698412698,0.4110481188211591,0.156114314186063,0.1476128813892624,10.96625,30.55426734685898,11.15,6.3,-0.0640739728242311,-0.0699469158964239,0.8115392121210064,1.757962743733662,-3.044453279619254,-1.727669078510526,4.0917406262792575,331.98941963077243,217.62918450404345,0.5708529891010139,0.0606900128726489,0.2131556485517596,0.0192919777625742,0.9299919108690964,0.0456382844245751,0.01043701171875,0.0145263671875,0.0084228515625,0.01348876953125,0.00921630859375,0.0076904296875,0.004638671875,0.00604248046875,0.00653076171875,0.0164794921875,0.03436279296875,0.06561279296875,0.08453369140625,0.07373046875,0.03375244140625,0.02239990234375,0.00921630859375,0.01348876953125,0.00579833984375,0.010009765625,0.00543212890625,0.01446533203125,0.0177001953125,0.03082275390625,0.0472412109375,0.4339599609375,118.81905524419535,26.55253122999626,128.5732586068855,1.080264341174618,131.91353082465972,1.256738865998999,/sessions/cool-youthful-allen/mnt/Research/color-histogram-analysis/dataset/segmented/bop1/007_particle0035.png,bop1,val
0.3846153846153846,0.6628196908171262,0.4234865725989986,0.3148781673277036,11.63,21.54385983347893,8.45,3.25,0.3451732997395012,0.8085921246836592,1.6065984444345986,2.1340923197645862,4.0781081329350055,2.80555722079011,-4.274963058859863,286.7902568285376,175.35625966826038,0.3454516031619081,0.0725207202380662,0.057506569183074,0.0093813837631044,0.9643183684329616,0.0217863658781149,0.02001953125,0.0283203125,0.0118408203125,0.00811767578125,0.0108642578125,0.0115966796875,0.01177978515625,0.01300048828125,0.014892578125,0.02374267578125,0.03948974609375,0.056640625,0.06243896484375,0.0523681640625,0.03375244140625,0.02423095703125,0.0126953125,0.00946044921875,0.00616455078125,0.0040283203125,0.0035400390625,0.00445556640625,0.0078125,0.01708984375,0.01904296875,0.49261474609375,111.44632126035408,17.943333416452077,129.00584700341076,1.2414913927731852,127.78820854312166,1.545678480564529,/sessions/cool-youthful-allen/mnt/Research/color-histogram-analysis/dataset/segmented/bop1/001_particle0048.png,bop1,test
0.8160919540229885,0.7904049616928128,0.3507366035292213,0.3857475381067342,21.665,26.566399377584457,8.7,7.1,0.431511174680134,0.9923471872618976,2.186951459021512,2.7111743934078545,5.18748261089744,3.3117181967477807,5.624448978933956,248.52097228793332,169.3100187867518,0.4854446742582501,0.0456174529787598,0.2239446859256014,0.0178057241766373,0.9619884464846732,0.0258124161938753,0.0218505859375,0.0263671875,0.01214599609375,0.00982666015625,0.0050048828125,0.0045166015625,0.00299072265625,0.00445556640625,0.00506591796875,0.00830078125,0.01470947265625,0.04254150390625,0.06573486328125,0.05133056640625,0.02001953125,0.01434326171875,0.00750732421875,0.01141357421875,0.00390625,0.00921630859375,0.005859375,0.01373291015625,0.017822265625,0.0426025390625,0.06988525390625,0.50885009765625,136.66234967622572,22.76377011836321,131.3990749306198,1.3985717159031077,134.84847363552265,2.0716535337776723,/sessions/cool-youthful-allen/mnt/Research/color-histogram-analysis/dataset/segmented/op/003_particle0032.png,op,test
0.3735632183908046,0.8222735801565145,0.3971595932802829,0.2972699567626503,44.91875,43.57558770179749,17.4,6.5,0.3217293257047012,0.7147767111007339,1.7786604359228464,1.945489536107307,3.807666697927399,2.3048230795258395,5.471318731798081,405.2733075147577,221.86424978126132,0.2911444502899563,0.0489645264645476,0.0551718904291884,0.0061523900184527,0.949613765758795,0.0274960192037993,0.0272216796875,0.0277099609375,0.01416015625,0.01275634765625,0.0128173828125,0.0098876953125,0.00396728515625,0.00762939453125,0.009033203125,0.017333984375,0.026123046875,0.04443359375,0.05889892578125,0.04681396484375,0.02239990234375,0.0137939453125,0.0068359375,0.00567626953125,0.00360107421875,0.0035400390625,0.00250244140625,0.0052490234375,0.0091552734375,0.02362060546875,0.02374267578125,0.56109619140625,110.98200389105058,20.105271756548184,132.46887159533074,1.731302905717605,136.76832036316472,3.4512053994655254,/sessions/cool-youthful-allen/mnt/Research/color-histogram-analysis/dataset/segmented/op/003_particle0012.png,op,test
1.8333333333333333,0.4374138786308769,0.2348484848484848,0.2033987810041306,9.92,24.75634892582893,8.8,4.8,0.1039038204091231,0.4045207236283563,0.6567671537458253,1.2001182777372117,2.258103603610276,1.8793227912141368,2.30229260232488,341.9497165660232,222.62809601685444,0.3823840550721662,0.0697157476080802,0.0840740548503435,0.011397164587481,0.949571148744476,0.032701033755153,0.020263671875,0.0281982421875,0.01422119140625,0.0113525390625,0.00909423828125,0.0096435546875,0.0054931640625,0.0081787109375,0.01104736328125,0.0155029296875,0.02996826171875,0.04901123046875,0.08294677734375,0.05474853515625,0.02618408203125,0.0152587890625,0.009521484375,0.00762939453125,0.0042724609375,0.00323486328125,0.00262451171875,0.00494384765625,0.00933837890625,0.0224609375,0.025390625,0.51947021484375,102.82939189189187,25.64900057918993,128.8507882882883,1.0655484610029329,129.74211711711712,1.8936965197217064,/sessions/cool-youthful-allen/mnt/Research/color-histogram-analysis/dataset/segmented/bop1/006_particle0029.png,bop1,test
1.4968553459119496,0.7746977547495683,0.3555969557634375,0.2789065425798251,33.64125,38.93244181275368,11.9,7.95,0.5037199848903258,1.1782588970709724,2.759462943816973,3.106315834206516,6.045945951618748,3.733643590718155,-6.796590612297813,455.4807065208722,300.79813390002784,0.3242744239029222,0.0541730445008015,0.0512803312426038,0.005751748672528,0.9487595251255012,0.0337510519248528,0.01922607421875,0.02606201171875,0.0126953125,0.01214599609375,0.012451171875,0.0096435546875,0.0076904296875,0.01025390625,0.0147705078125,0.020751953125,0.0318603515625,0.050048828125,0.0662841796875,0.05169677734375,0.03155517578125,0.01971435546875,0.0133056640625,0.00714111328125,0.00494384765625,0.005126953125,0.00335693359375,0.0054931640625,0.0076904296875,0.0185546875,0.015380859375,0.52215576171875,102.4088198084222,28.44149635496232,130.85920838604736,1.689279158706542,133.35550334357492,2.940451373266485,/sessions/cool-youthful-allen/mnt/Research/color-histogram-analysis/dataset/segmented/op/004_particle0010.png,op,test
1.039647577092511,0.6663996561425446,0.3183472709624431,0.316151732041238,42.63625,41.16675637960434,11.8,11.35,0.4427804475662815,1.1208826454597496,1.7178317920487731,2.6037755288094218,-5.108919970893592,-3.3008658728525355,4.814339520672654,467.5492033009377,278.24337019866016,0.4335498146872791,0.0556940431101116,0.1260456558366568,0.0109781065606368,0.9383007231144722,0.0365467904677564,0.0145263671875,0.02557373046875,0.01556396484375,0.014404296875,0.00830078125,0.005126953125,0.00457763671875,0.008056640625,0.0103759765625,0.01849365234375,0.02984619140625,0.0513916015625,0.07037353515625,0.0611572265625,0.04010009765625,0.0244140625,0.0150146484375,0.010498046875,0.00634765625,0.006591796875,0.00286865234375,0.00341796875,0.00750732421875,0.02020263671875,0.0255126953125,0.499755859375,121.0325138778747,27.42782565366841,130.25911974623315,1.3141041227599335,134.15087232355273,2.799122800800354,/sessions/cool-youthful-allen/mnt/Research/color-histogram-analysis/dataset/segmented/op/007_particle0006.png,op,test
1.5739130434782609,0.4243379222646099,0.1843622387701177,0.187243942459241,9.59375,25.37436847686768,9.05,5.75,0.0641753527652522,0.3110417057543412,0.5169642494594475,1.4280448873378675,-2.4516005360012305,-1.6268600453761175,2.739949830064332,334.2573247009674,210.23985320908395,0.5682274279482045,0.0622170291296186,0.2353124198002023,0.0187313832333469,0.9379766837518756,0.0387982580689426,0.0084228515625,0.01629638671875,0.0135498046875,0.010009765625,0.00537109375,0.004638671875,0.003662109375,0.00732421875,0.00799560546875,0.01336669921875,0.025390625,0.05316162109375,0.0927734375,0.08404541015625,0.03497314453125,0.02008056640625,0.00836181640625,0.01416015625,0.003173828125,0.006103515625,0.002197265625,0.008056640625,0.01397705078125,0.03558349609375,0.09698486328125,0.41033935546875,120.07991660875608,20.656894815005188,129.0972897845726,1.0552425231191696,128.9728978457262,1.5425273288015346,/sessions/cool-youthful-allen/mnt/Research/color-histogram-analysis/dataset/segmented/bop1/003_particle0026.png,bop1,test
0.3560606060606061,1.0,0.9856141199226306,0.6063014038170114,61.1475,35.6,13.2,4.7,0.5765398782803084,1.3714420474803373,29.997974229537974,29.999774447200103,30.0,29.999972088879296,-30.0,321.6375665230286,180.0637852786758,0.1707757719156187,0.0461819720050268,0.0222266765960617,0.0033453516917049,0.9514710907918544,0.0274957638754316,0.033203125,0.04437255859375,0.02227783203125,0.01409912109375,0.01025390625,0.0069580078125,0.00469970703125,0.0057373046875,0.00628662109375,0.01373291015625,0.0194091796875,0.02508544921875,0.03076171875,0.02618408203125,0.01385498046875,0.0107421875,0.00848388671875,0.00750732421875,0.003662109375,0.00311279296875,0.00347900390625,0.00537109375,0.0126953125,0.02435302734375,0.0274658203125,0.6162109375,221.8552808127276,20.85338496189774,129.5629672225417,1.1675411110545542,132.29250527122866,2.014688108004083,/sessions/cool-youthful-allen/mnt/Research/color-histogram-analysis/dataset/segmented/op/006_particle0025.png,op,test
2.3736263736263736,0.7710281334127946,0.2385976292226292,0.2063695276333306,46.89875,53.43954856395722,21.6,9.1,0.1077482766180327,0.2400733693817269,2.34311257196354,2.8084588465702924,5.431650306560791,3.200968499516264,-5.737978028276396,347.41473906951194,215.3349582846781,0.3822689421181898,0.054952523589695,0.0664035385979738,0.0063597450986194,0.942014344700542,0.0357803399714978,0.01898193359375,0.02203369140625,0.0076904296875,0.00604248046875,0.0052490234375,0.005859375,0.0064697265625,0.01043701171875,0.01116943359375,0.0201416015625,0.0345458984375,0.06256103515625,0.08917236328125,0.06854248046875,0.043701171875,0.02447509765625,0.01202392578125,0.0081787109375,0.003173828125,0.00347900390625,0.00164794921875,0.0030517578125,0.00421142578125,0.0166015625,0.01953125,0.49102783203125,116.49213836477988,27.171179565696765,130.26493710691824,1.3469381172280874,137.66430817610063,3.40669963512771,/sessions/cool-youthful-allen/mnt/Research/color-histogram-analysis/dataset/segmented/op/002_particle0015.png,op,test
0.7040498442367601,0.7593636815567076,0.3684765528078736,0.2752620670645135,66.82875,55.2348803460598,16.05,11.3,0.4426405020992348,1.0322662049478597,2.093610341480395,2.4621669888582147,4.745125721435359,2.98897314288772,5.5584560464172,521.6200382182042,286.94744146553137,0.3609590541689742,0.055704635355223,0.0725540881440868,0.0088536072186548,0.9365258436917744,0.0347981898940115,0.0220947265625,0.02459716796875,0.00811767578125,0.0089111328125,0.0064697265625,0.0079345703125,0.00836181640625,0.0140380859375,0.01708984375,0.0260009765625,0.03692626953125,0.05462646484375,0.0587158203125,0.057373046875,0.03466796875,0.02117919921875,0.01123046875,0.01031494140625,0.00347900390625,0.0032958984375,0.0028076171875,0.00445556640625,0.00665283203125,0.01751708984375,0.0223388671875,0.51080322265625,116.07496513249652,29.57517006330716,130.1621338912134,1.1772198148746027,130.45170850767084,3.3903069450154435,/sessions/cool-youthful-allen/mnt/Research/color-histogram-analysis/dataset/segmented/opa/4_particle0005.png,opa,test
0.4375,0.4718176287442293,0.20365793376174,0.1720432474952678,16.48,34.6948264837265,13.6,5.95,0.0421330869981115,0.1607194517009696,0.5131265676314039,0.6818151006581936,1.2804789741294489,0.7839993274833927,2.409931959338076,281.50299890917256,180.4839529147934,0.3527245217592732,0.0593543736934417,0.0582241223069987,0.0067057702808079,0.9495690913794173,0.0322025560043189,0.02020263671875,0.03106689453125,0.0128173828125,0.00799560546875,0.00531005859375,0.00616455078125,0.00616455078125,0.00750732421875,0.01116943359375,0.0191650390625,0.02899169921875,0.0543212890625,0.0841064453125,0.068603515625,0.0357666015625,0.01959228515625,0.0108642578125,0.00616455078125,0.00347900390625,0.00286865234375,0.003173828125,0.004150390625,0.00738525390625,0.015625,0.0179443359375,0.5093994140625,107.86013767209012,26.02271368469216,129.34793491864832,1.1239090622666137,131.43147684605756,2.656137567997415,/sessions/cool-youthful-allen/mnt/Research/color-histogram-analysis/dataset/segmented/bop1/002_particle0043.png,bop1,test
0.4935483870967742,0.8525487056311716,0.4041113219481341,0.336000314640792,47.9175,42.33330404162407,15.5,7.65,0.3957778049222466,0.8783432837816026,2.515658777438966,2.8168830213029943,5.488312537411668,3.305829955681598,6.29783864918749,327.411366745638,204.41123975929375,0.3637506968287494,0.0571509049677194,0.0785487280930809,0.010343974083542,0.9589608334038796,0.0255485440950746,0.01812744140625,0.02117919921875,0.0137939453125,0.01287841796875,0.0107421875,0.0103759765625,0.009033203125,0.01190185546875,0.00970458984375,0.0146484375,0.02703857421875,0.0467529296875,0.06591796875,0.05487060546875,0.02532958984375,0.01605224609375,0.01007080078125,0.00628662109375,0.00457763671875,0.00408935546875,0.00469970703125,0.00689697265625,0.0113525390625,0.02093505859375,0.02313232421875,0.53961181640625,116.07564898869246,23.960361260349327,131.2567287784679,1.0266517856666586,132.58464723682116,2.3733657756220428,/sessions/cool-youthful-allen/mnt/Research/color-histogram-analysis/dataset/segmented/opa/7_particle0006.png,opa,test
1.9186046511627908,0.6034153952843273,0.2452783650458069,0.2545465502671664,8.70125,20.725840306282045,8.25,4.3,0.1139528493936062,0.2804002110635016,1.43121293748798,1.965220282263,3.780336372668899,2.508648699730904,3.853741640876529,245.4941744342383,169.76823188651687,0.5086447151539972,0.0611922500075841,0.1989818927265453,0.0213070135099879,0.96036602920601,0.0272945756575319,0.01507568359375,0.0181884765625,0.00982666015625,0.0069580078125,0.00799560546875,0.00982666015625,0.00897216796875,0.00787353515625,0.0074462890625,0.00946044921875,0.0179443359375,0.0550537109375,0.0941162109375,0.05633544921875,0.017822265625,0.011474609375,0.00726318359375,0.0106201171875,0.0050048828125,0.00750732421875,0.00506591796875,0.011474609375,0.01593017578125,0.03094482421875,0.0445556640625,0.50726318359375,123.62170010559662,27.88877486606243,129.9582893347413,1.4940404063194497,132.80200633579724,2.1204182080287355,/sessions/cool-youthful-allen/mnt/Research/color-histogram-analysis/dataset/segmented/bop1/002_particle0032.png,bop1,test
1.8106060606060608,0.6122266655322045,0.228081019399011,0.2050357796775561,17.98875,33.204014748334885,11.95,6.6,0.1110663796062188,0.2793979942957122,1.330608446368562,1.7550312181588514,3.344551117846528,2.0695508876151654,3.654501174392099,368.69319142424393,245.66234605619167,0.3977813259343421,0.0672815545266034,0.0710973735758398,0.0094286884313885,0.938880296790447,0.0405631701184992,0.01678466796875,0.0216064453125,0.012939453125,0.01116943359375,0.00677490234375,0.01031494140625,0.0087890625,0.010009765625,0.014404296875,0.0230712890625,0.034423828125,0.04827880859375,0.062255859375,0.0546875,0.03369140625,0.0238037109375,0.01605224609375,0.0118408203125,0.00653076171875,0.00494384765625,0.003662109375,0.00421142578125,0.00628662109375,0.01580810546875,0.01531982421875,0.5223388671875,113.24140845070424,32.78098947950936,130.94985915492958,1.2242934069739366,132.6819718309859,2.8018075753604763,/sessions/cool-youthful-allen/mnt/Research/color-histogram-analysis/dataset/segmented/op/008_particle0013.png,op,test
1.6444444444444444,0.6750033495600911,0.1418355855855856,0.1657024619038795,18.8925,37.85168061852456,14.8,9.0,-0.0683122720764674,-0.1247707136616173,3.854058882108143,4.33972380693382,8.520447173782383,4.833362973733988,8.683856509370463,403.4203346485152,277.1432895631929,0.5202329784578817,0.0566863296247948,0.2328240699307629,0.0176345721740367,0.9260399108193128,0.0506139382849733,0.01995849609375,0.02081298828125,0.00677490234375,0.0072021484375,0.003662109375,0.00445556640625,0.0042724609375,0.00531005859375,0.00531005859375,0.008544921875,0.0225830078125,0.05426025390625,0.08544921875,0.05670166015625,0.02032470703125,0.01531982421875,0.00885009765625,0.0098876953125,0.00421142578125,0.00604248046875,0.00262451171875,0.00665283203125,0.00921630859375,0.0274658203125,0.0401611328125,0.5439453125,112.34069280548154,23.04491633725104,129.84887704606015,1.4032704455628402,129.8507803578226,2.29209810085566,/sessions/cool-youthful-allen/mnt/Research/color-histogram-analysis/dataset/segmented/bop1/003_particle0018.png,bop1,test
1.220472440944882,0.3525794822950701,0.1856997713995428,0.1573994832808512,36.555,54.022748386859895,15.5,12.7,0.1062482832024858,0.4334548231086815,0.8454770099974772,1.4389271790510567,3.3908787239002174,-2.2381890499046264,2.5864079297842197,290.25193997083494,176.55483869357317,0.4905355885427785,0.0551734482981364,0.1238446275943421,0.0103549615141909,0.9324867190730808,0.0408782205160318,0.0162353515625,0.02520751953125,0.0089111328125,0.00811767578125,0.00592041015625,0.00616455078125,0.00537109375,0.00958251953125,0.0107421875,0.02117919921875,0.03338623046875,0.0523681640625,0.07257080078125,0.0562744140625,0.01959228515625,0.0145263671875,0.00732421875,0.00714111328125,0.00372314453125,0.0032958984375,0.001953125,0.0048828125,0.0081787109375,0.02374267578125,0.03216552734375,0.54144287109375,129.07684696569922,21.21801562097992,130.21569920844328,1.387007741207034,133.05573878627968,2.2685456839477345,/sessions/cool-youthful-allen/mnt/Research/color-histogram-analysis/dataset/segmented/op/009_particle0012.png,op,test
1.8218181818181816,0.6021755401427075,0.2189838504808564,0.2084602853356809,75.42625,67.43021216988564,25.05,13.75,0.0838101652243622,0.2204489675822945,1.5164421832732615,2.2312987505992887,4.456846950878176,-3.48092836158999,-4.15307948354674,389.5858254666044,232.43008293515288,0.4960274784166327,0.0604276041910111,0.1415736640091054,0.0148372560136634,0.9362434735224968,0.0378451826465864,0.01336669921875,0.01898193359375,0.00933837890625,0.01007080078125,0.00640869140625,0.0067138671875,0.00701904296875,0.00933837890625,0.00994873046875,0.0162353515625,0.02801513671875,0.04815673828125,0.0753173828125,0.07354736328125,0.04058837890625,0.03173828125,0.01727294921875,0.01885986328125,0.00689697265625,0.007080078125,0.00347900390625,0.00714111328125,0.005615234375,0.02276611328125,0.0255126953125,0.4805908203125,117.86548223350252,24.49803354923197,129.4117315284828,0.8830151341474405,131.165820642978,2.3717229573071923,/sessions/cool-youthful-allen/mnt/Research/color-histogram-analysis/dataset/segmented/opa/7_particle0002.png,opa,test
3.0754716981132075,0.714595921450151,0.438071536057414,0.3154298617738164,9.46125,19.41457054615021,8.15,2.65,0.3091932141920057,0.6922892028117625,1.8624749520751376,2.003262981111878,3.937084995499052,2.3757907459976613,-5.115428114990616,306.31876713387135,185.8044514905403,0.3424909561459086,0.0834700353732932,0.0632406767793895,0.0112091883202282,0.9676183428188232,0.0195921553078714,0.0230712890625,0.02349853515625,0.0115966796875,0.0126953125,0.0120849609375,0.01141357421875,0.00848388671875,0.010498046875,0.0123291015625,0.0181884765625,0.02862548828125,0.0494384765625,0.05560302734375,0.05401611328125,0.03265380859375,0.02099609375,0.0125732421875,0.00946044921875,0.005126953125,0.00537109375,0.00714111328125,0.00775146484375,0.01055908203125,0.019287109375,0.020751953125,0.51678466796875,104.19444444444444,22.05342017077681,129.4752906976744,1.3760255440666074,128.08252583979328,2.3781965193677377,/sessions/cool-youthful-allen/mnt/Research/color-histogram-analysis/dataset/segmented/bop1/001_particle0027.png,bop1,test
0.5170068027210885,0.5907572383073497,0.3323934837092732,0.248431833352916,9.28375,21.670205426216125,7.35,3.8,0.313379538435069,0.8474457929391475,1.458753270136821,2.488567219283869,-4.580636915155701,-3.00577990370051,-4.650432458357628,346.2315427331302,218.8971844890194,0.2889749521737423,0.0671058137644863,0.0434298547210446,0.0069642667986927,0.9547989380829492,0.0285252189079699,0.02447509765625,0.02886962890625,0.01129150390625,0.0084228515625,0.00750732421875,0.00994873046875,0.0107421875,0.0128173828125,0.015625,0.020751953125,0.02545166015625,0.03521728515625,0.044189453125,0.03570556640625,0.02435302734375,0.01593017578125,0.01171875,0.00921630859375,0.0074462890625,0.0057373046875,0.00433349609375,0.0084228515625,0.01275634765625,0.0169677734375,0.01788330078125,0.57421875,98.4301119867275,22.93021326027433,131.08958938199916,1.752245545544996,131.0447946909996,2.504675194945289,/sessions/cool-youthful-allen/mnt/Research/color-histogram-analysis/dataset/segmented/bop1/003_particle0001.png,bop1,test
2.327272727272727,0.481070192655338,0.1653764204545454,0.1499871862420989,11.6425,31.232084888219838,12.8,5.5,-0.0998752954154015,-0.1608900513991139,0.48294627286885,0.7890718740635095,1.4372504330168836,0.7995718665318634,2.056878323236337,294.47242114881016,197.88153083485045,0.4761783592365715,0.0598102253977157,0.164129648065091,0.0175319719677787,0.9408700335529188,0.0395218629443749,0.02252197265625,0.0224609375,0.009765625,0.00604248046875,0.00457763671875,0.0064697265625,0.00469970703125,0.0062255859375,0.0067138671875,0.0111083984375,0.021240234375,0.043701171875,0.0673828125,0.04638671875,0.01849365234375,0.01129150390625,0.00714111328125,0.0074462890625,0.0023193359375,0.00390625,0.0028076171875,0.00396728515625,0.007080078125,0.0264892578125,0.0347900390625,0.594970703125,116.91679389312976,24.41754985386365,129.85190839694656,1.4223596749922276,132.90076335877862,2.571288808135062,/sessions/cool-youthful-allen/mnt/Research/color-histogram-analysis/dataset/segmented/bop1/002_particle0006.png,bop1,test
0.8757575757575757,0.7323588481343339,0.2542675893886966,0.2776604139290144,60.62375,52.38046471476555,16.5,14.45,0.2790657756813145,0.6268237662634888,1.9316816907929455,2.3906564879447734,4.608520549605691,2.9309264793435745,-4.871161527154023,386.3869619581968,243.58711109559144,0.4777940110266291,0.0603410663524074,0.1273387466562939,0.0112931213087302,0.9420064871236092,0.0363774702204401,0.01544189453125,0.01531982421875,0.0120849609375,0.01556396484375,0.0107421875,0.00689697265625,0.00439453125,0.00567626953125,0.00689697265625,0.01715087890625,0.0302734375,0.05767822265625,0.08148193359375,0.0794677734375,0.03875732421875,0.022705078125,0.00946044921875,0.01055908203125,0.0042724609375,0.0059814453125,0.00469970703125,0.0067138671875,0.01116943359375,0.0267333984375,0.0380859375,0.4617919921875,120.7841584158416,26.663579686858977,131.91435643564355,1.5436204811369,127.4039603960396,2.2676555168248065,/sessions/cool-youthful-allen/mnt/Research/color-histogram-analysis/dataset/segmented/opa/5_particle0014.png,opa,test
1.0921985815602837,0.8090777021981453,0.3430448098001289,0.3611468585839297,74.48875,50.91061630249023,15.4,14.1,0.4420001650715587,0.9998340600119356,3.0394847705710086,3.551829297483968,6.935082563025924,4.436450857163962,-7.086948554719828,340.10156349194045,211.2997269023145,0.4211871217636233,0.0570328137705327,0.1181134207292665,0.0124961730177858,0.9573608938704204,0.0263986625288241,0.0194091796875,0.02349853515625,0.0103759765625,0.008544921875,0.0069580078125,0.0074462890625,0.00787353515625,0.00927734375,0.0093994140625,0.01715087890625,0.0252685546875,0.05633544921875,0.06915283203125,0.065673828125,0.03302001953125,0.0206298828125,0.01171875,0.0108642578125,0.00469970703125,0.00689697265625,0.00396728515625,0.00628662109375,0.0096435546875,0.0225830078125,0.0235595703125,0.509765625,118.19774324824267,26.413351077510885,131.86940436551978,1.1731204204655377,129.99204587495376,3.166096818850927,/sessions/cool-youthful-allen/mnt/Research/color-histogram-analysis/dataset/segmented/opa/3_particle0000.png,opa,test
2.1875,0.5379605705588787,0.2714107142857143,0.2146769472277773,37.9975,47.16173117160797,17.5,8.0,0.2236849290638164,0.5429593437559744,1.1007270954230135,1.4275945257369211,2.706664578958859,1.807070378759322,3.2808166731364072,332.12847065582827,215.98807269212807,0.4686977505927594,0.0511944690433804,0.1092876445061019,0.0110229442753527,0.9496948097008312,0.0325801468362297,0.016845703125,0.0172119140625,0.01007080078125,0.01129150390625,0.0064697265625,0.00439453125,0.0040283203125,0.0081787109375,0.00994873046875,0.0162353515625,0.023193359375,0.0419921875,0.0625,0.05157470703125,0.02783203125,0.0203857421875,0.0123291015625,0.01141357421875,0.005126953125,0.0067138671875,0.003662109375,0.00634765625,0.0087890625,0.02191162109375,0.0196533203125,0.5718994140625,121.7527135441246,23.67043486084928,131.37163756488908,1.5998813396374645,136.53114676734307,2.6923146098045,/sessions/cool-youthful-allen/mnt/Research/color-histogram-analysis/dataset/segmented/op/005_particle0005.png,op,test
1.7468354430379749,0.4910812943962115,0.2853604843148046,0.2134825286374756,7.7775,21.39655097723007,6.9,3.95,0.2174752968738001,0.6464299875474158,1.2790528717569247,2.177138697387473,-3.9616109563541375,-2.5007127689089463,-4.225641402507331,239.1892682357168,164.86725884747,0.3179332327238998,0.0679457534204748,0.0485657621015354,0.0071411746160148,0.9575065301195228,0.0292156616943352,0.01824951171875,0.0191650390625,0.01654052734375,0.01568603515625,0.0093994140625,0.0123291015625,0.01104736328125,0.0118408203125,0.01812744140625,0.027099609375,0.0382080078125,0.0567626953125,0.07635498046875,0.06646728515625,0.0423583984375,0.0238037109375,0.01300048828125,0.01129150390625,0.007080078125,0.00738525390625,0.00323486328125,0.00457763671875,0.00811767578125,0.01275634765625,0.01312255859375,0.45599365234375,111.15369928400956,26.031067438648936,129.84200477326968,1.2400830636495628,130.36229116945108,1.744000421819407,/sessions/cool-youthful-allen/mnt/Research/color-histogram-analysis/dataset/segmented/bop1/003_particle0047.png,bop1,test
0.9252336448598132,0.9530517711171662,0.4127371849334466,0.5204460656966222,43.72125,32.49102049469948,10.7,9.9,0.5473309311877476,1.2754151940909737,2.754611723861811,3.1062124790904644,6.037658253941391,3.7531077309643854,-7.198326705088889,253.1553454813932,190.9632397922386,0.4083218572028017,0.0653189062126179,0.0991368427082944,0.010784978569633,0.9663914301937244,0.0253079732211467,0.01934814453125,0.02288818359375,0.01519775390625,0.013671875,0.00653076171875,0.0081787109375,0.00494384765625,0.00628662109375,0.0068359375,0.01202392578125,0.0235595703125,0.0445556640625,0.09521484375,0.07501220703125,0.03515625,0.02130126953125,0.01348876953125,0.009521484375,0.00469970703125,0.00494384765625,0.00439453125,0.0084228515625,0.01141357421875,0.02154541015625,0.02239990234375,0.48846435546875,124.7701746106654,21.813174243306506,130.01462954223692,1.333351391212386,133.64841906559698,3.082097693686238,/sessions/cool-youthful-allen/mnt/Research/color-histogram-analysis/dataset/segmented/op/009_particle0001.png,op,test
1.4802259887005649,0.5661954799432908,0.2928041575020486,0.1678444312307102,33.94625,50.41355996131897,13.1,8.85,0.4260660021149306,1.2011844702708534,1.437445257216069,1.5667782807065278,3.069528745822559,2.2222067884670564,4.334939326539468,529.5708066573784,317.0328709447319,0.3560813613184837,0.0599188897363874,0.078344955583831,0.0101391449885592,0.927146389599876,0.0434778140788307,0.02899169921875,0.0286865234375,0.00885009765625,0.0084228515625,0.00958251953125,0.00982666015625,0.0108642578125,0.01165771484375,0.01226806640625,0.01519775390625,0.02105712890625,0.03173828125,0.03875732421875,0.04132080078125,0.02301025390625,0.01690673828125,0.012939453125,0.0107421875,0.00506591796875,0.005615234375,0.00408935546875,0.00750732421875,0.008544921875,0.0196533203125,0.022216796875,0.58648681640625,107.73561464690496,28.030234565882125,130.9064952048823,1.1158763961151,132.5980819529207,2.4250249695901087,/sessions/cool-youthful-allen/mnt/Research/color-histogram-analysis/dataset/segmented/opa/10_particle0002.png,opa,test
0.903061224489796,0.8623904605658037,0.310619162919405,0.3667579492755036,26.94,30.381832134723663,9.8,8.85,0.4367768671116529,0.9934966943734928,2.023009637875673,2.245845157383661,4.380447779614278,2.7427831801539284,5.926939779434929,334.25341791762713,209.0902995619856,0.3787811383169654,0.0585132308574014,0.1064111510305417,0.0096824728738006,0.9565408898359256,0.0270689525008648,0.01983642578125,0.02764892578125,0.00994873046875,0.00701904296875,0.00897216796875,0.007568359375,0.00714111328125,0.01165771484375,0.01287841796875,0.02001953125,0.03009033203125,0.046630859375,0.06549072265625,0.052490234375,0.02752685546875,0.0145263671875,0.00762939453125,0.0069580078125,0.00323486328125,0.00408935546875,0.00299072265625,0.00604248046875,0.01031494140625,0.02056884765625,0.024169921875,0.5445556640625,112.62938230383972,25.565179811945697,130.38606010016696,1.8435121095047011,133.01752921535893,2.840520639114118,/sessions/cool-youthful-allen/mnt/Research/color-histogram-analysis/dataset/segmented/op/006_particle0020.png,op,test
0.2128514056224899,0.5625199872081867,0.3998636053648556,0.1963375347326266,13.1925,29.05807341337204,12.45,2.65,0.0250412724905832,0.0873936205185415,1.039680975687632,1.305403591020449,2.4870842766595564,1.4904155332997129,3.1704410732311548,354.7138467164027,217.3035554725936,0.3573314377763202,0.0840116638001627,0.080205180599396,0.0150723916216324,0.958264192044135,0.02551029176206,0.02569580078125,0.03277587890625,0.00848388671875,0.00750732421875,0.0101318359375,0.01214599609375,0.00640869140625,0.01043701171875,0.0101318359375,0.01348876953125,0.01898193359375,0.0367431640625,0.053466796875,0.04437255859375,0.02862548828125,0.0172119140625,0.01055908203125,0.0087890625,0.00543212890625,0.00433349609375,0.0054931640625,0.0084228515625,0.011474609375,0.021484375,0.0244140625,0.56298828125,111.0902451747522,28.08354454675485,129.94748739349677,1.393038632767678,133.47765605981567,3.121625392075706,/sessions/cool-youthful-allen/mnt/Research/color-histogram-analysis/dataset/segmented/bop1/005_particle0020.png,bop1,test
0.7614035087719299,0.8707737392293224,0.3219096127415312,0.387696766127537,49.77125,40.16503195762634,14.25,10.85,0.4155007357254533,0.9339270131462484,2.463833657937988,2.853458977068941,5.522949107663658,3.3826261692506616,-6.168290784678867,400.085886610609,216.55581320880552,0.3766154119955486,0.0524616836007489,0.0837717410556373,0.0097169297036062,0.9384205571126522,0.0331786592195262,0.024169921875,0.0279541015625,0.01385498046875,0.01312255859375,0.00787353515625,0.00714111328125,0.0054931640625,0.005615234375,0.0068359375,0.0113525390625,0.0179443359375,0.03369140625,0.05560302734375,0.04071044921875,0.01983642578125,0.01324462890625,0.00885009765625,0.0074462890625,0.00421142578125,0.00384521484375,0.00262451171875,0.00439453125,0.007568359375,0.01910400390625,0.02197265625,0.61553955078125,125.6440879382056,26.71183572798756,131.24202812438108,1.215063703811015,133.33353139235493,2.7462260293884864,/sessions/cool-youthful-allen/mnt/Research/color-histogram-analysis/dataset/segmented/opa/4_particle0001.png,opa,test
2.208333333333333,0.8647686832740213,0.5014740566037735,0.4273125494718927,6.37875,13.696193999052047,5.3,2.4,0.4366844742330313,0.9811365507727589,3.1460429938566885,4.068159923777736,-8.046892424990835,-4.8447355053237136,-7.718515625550786,191.9459813178717,125.256183389169,0.3873130070956355,0.0922584985408798,0.0882824370044366,0.0124969874355341,0.9793980133405532,0.0134250826512067,0.01806640625,0.026123046875,0.016357421875,0.01165771484375,0.0081787109375,0.0125732421875,0.00592041015625,0.00714111328125,0.0072021484375,0.01220703125,0.030517578125,0.0526123046875,0.080810546875,0.065673828125,0.03192138671875,0.01849365234375,0.01141357421875,0.01104736328125,0.0050048828125,0.003662109375,0.00286865234375,0.0037841796875,0.0076904296875,0.0228271484375,0.0281982421875,0.498046875,108.3219188191882,17.570685478946224,129.13461254612545,1.0041414873573655,127.33756457564576,2.136693649395028,/sessions/cool-youthful-allen/mnt/Research/color-histogram-analysis/dataset/segmented/bop1/001_particle0034.png,bop1,test
0.9029126213592232,0.7778756514717756,0.4148528030065769,0.343993074033754,39.73875,38.101071012020114,10.3,9.3,0.6757513833855158,2.106921581531429,2.5783815633759866,5.155548233755906,-10.268794960814052,6.662134668925285,9.023212797299992,417.81421574263584,225.0767024093571,0.2475483351554527,0.0444014411841259,0.0356733183058681,0.0036177970972184,0.9463178209257326,0.0288773533270942,0.0260009765625,0.028076171875,0.01458740234375,0.01385498046875,0.01416015625,0.01202392578125,0.00927734375,0.0086669921875,0.01123046875,0.01763916015625,0.02850341796875,0.040283203125,0.05145263671875,0.0399169921875,0.0238037109375,0.015380859375,0.0079345703125,0.0084228515625,0.0054931640625,0.0047607421875,0.004150390625,0.0067138671875,0.01141357421875,0.0196533203125,0.02191162109375,0.5546875,105.9389745202894,25.04805799892983,129.51635734507707,1.2831204368183586,134.00927964768795,2.4217366721195703,/sessions/cool-youthful-allen/mnt/Research/color-histogram-analysis/dataset/segmented/op/007_particle0020.png,op,test
1.236641221374046,0.4998022586456914,0.2679766280275186,0.2380352724078074,14.2175,27.39655101299286,8.1,6.55,0.2760204447065318,0.8747651569748733,1.0951452379812,1.975895549606837,-4.478974557606216,-3.076340020703856,3.5139520689220523,356.8535429150676,215.77445133645688,0.4952534762084845,0.0591558610498267,0.1340128696462554,0.0133551209347359,0.9460968929518684,0.0324501434755371,0.0130615234375,0.01953125,0.010009765625,0.0155029296875,0.0107421875,0.0074462890625,0.00994873046875,0.0125732421875,0.0113525390625,0.0184326171875,0.02166748046875,0.05072021484375,0.0672607421875,0.0772705078125,0.03912353515625,0.02935791015625,0.01513671875,0.017333984375,0.0057373046875,0.00970458984375,0.0067138671875,0.01324462890625,0.01129150390625,0.02325439453125,0.0411376953125,0.44244384765625,121.9135239010329,21.610193170354727,128.41148210425175,0.9453136310334892,132.0134518376171,2.04320653314516,/sessions/cool-youthful-allen/mnt/Research/color-histogram-analysis/dataset/segmented/bop1/007_particle0018.png,bop1,test
2.902654867256637,0.809004059004059,0.4409534858622922,0.3176552899060943,40.85875,40.20401478409767,16.4,5.65,0.3752800705155898,0.84548670204077,1.9740490173050564,2.270277800908363,4.399431473405144,2.7667047358381147,-5.142057353484441,276.82829738555137,168.92129014947326,0.3642254813757948,0.0529515465059086,0.152591425399694,0.0115398400853999,0.9549597716728347,0.0274703284640462,0.01727294921875,0.02313232421875,0.01068115234375,0.01129150390625,0.01025390625,0.01141357421875,0.0107421875,0.01275634765625,0.01104736328125,0.01690673828125,0.02203369140625,0.04107666015625,0.06988525390625,0.05810546875,0.02862548828125,0.0244140625,0.017822265625,0.01483154296875,0.00732421875,0.0068359375,0.0037841796875,0.00738525390625,0.0115966796875,0.02386474609375,0.0389404296875,0.48797607421875,144.9924522717182,28.28879329027693,129.7928074589315,1.1214492543789565,126.6462927334616,2.8486731170657387,/sessions/cool-youthful-allen/mnt/Research/color-histogram-analysis/dataset/segmented/op/001_particle0046.png,op,test
0.2975206611570248,0.6817708333333333,0.3005050505050505,0.2051899113539398,13.09,28.31370829343796,12.1,3.6,0.1639938767639328,0.3678755170740042,2.380185585879388,3.185588699019376,8.433105912679295,-3.757347400735608,5.968478397091408,412.4968605836634,254.82807373678887,0.3473626309285705,0.0824671774265065,0.0629486159658571,0.0125709902361448,0.9521468776978907,0.0294575274353003,0.02362060546875,0.0279541015625,0.01727294921875,0.0133056640625,0.0062255859375,0.008544921875,0.0089111328125,0.010498046875,0.01123046875,0.016357421875,0.02191162109375,0.0418701171875,0.04888916015625,0.0516357421875,0.02642822265625,0.0169677734375,0.0115966796875,0.00836181640625,0.00677490234375,0.00823974609375,0.00567626953125,0.00634765625,0.00750732421875,0.01995849609375,0.0224609375,0.55145263671875,93.63966169597153,22.264788633255588,128.6872913420877,1.067460187589404,131.29557088804808,1.851093832744757,/sessions/cool-youthful-allen/mnt/Research/color-histogram-analysis/dataset/segmented/bop1/005_particle0004.png,bop1,test
0.7,0.4486392267163174,0.1671340023612751,0.1780376196133617,14.15625,31.60990235805512,11.0,7.7,-0.0043818867756752,0.0840538380091344,0.5777526726432932,1.4472608141622434,-2.850152971053692,-1.6982971770419957,-2.499097168313265,336.20685721419966,225.22625272907112,0.3673157380894989,0.0596943915261774,0.0855604821921227,0.0076599289597918,0.942037464703071,0.0386334525063622,0.0299072265625,0.0302734375,0.00848388671875,0.0050048828125,0.00335693359375,0.00506591796875,0.0047607421875,0.0064697265625,0.0067138671875,0.00982666015625,0.0228271484375,0.0614013671875,0.08203125,0.0611572265625,0.02587890625,0.01373291015625,0.00537109375,0.0042724609375,0.0023193359375,0.0032958984375,0.00201416015625,0.003173828125,0.0069580078125,0.020751953125,0.02362060546875,0.55133056640625,99.00485255692422,26.76498953426336,130.4975737215379,1.642080798926035,130.9257185516984,2.360732166352149,/sessions/cool-youthful-allen/mnt/Research/color-histogram-analysis/dataset/segmented/bop1/006_particle0004.png,bop1,test
1.946236559139785,0.4836268374326881,0.197409849699994,0.1916215800104248,8.3075,23.3409161567688,9.05,4.65,-0.0137358768132052,0.040767729708793,0.4554805188244744,0.7281800848266657,1.3291194811328777,0.8244809602842099,2.0131885670852645,274.3767974605243,187.52449640202371,0.5057198548528656,0.0632944158681296,0.2060462854284186,0.0213923622154054,0.9478183323238782,0.0354872632297676,0.02008056640625,0.02154541015625,0.010986328125,0.007080078125,0.00531005859375,0.0045166015625,0.00250244140625,0.00543212890625,0.00634765625,0.01165771484375,0.02008056640625,0.04583740234375,0.09100341796875,0.06591796875,0.02532958984375,0.01483154296875,0.00701904296875,0.0079345703125,0.00421142578125,0.0035400390625,0.00360107421875,0.0079345703125,0.01177978515625,0.02685546875,0.03900146484375,0.5296630859375,123.40535248041776,23.90840435970568,129.6827676240209,1.16150872705499,129.8554177545692,1.931002227743149,/sessions/cool-youthful-allen/mnt/Research/color-histogram-analysis/dataset/segmented/bop1/001_particle0020.png,bop1,test
1.7560975609756098,0.8156690812047274,0.4026460403492923,0.3934249679449464,26.74375,29.22705957889557,10.8,6.15,0.458751252526295,1.0351525562594452,3.1577689336429904,3.6063125048169615,7.024376537959575,4.291169239843586,-7.3962012632074545,294.1219254614257,182.0993082470231,0.3109155747847127,0.0573593763184074,0.0486661741339007,0.0066788289769146,0.9578430099361348,0.0260654358708344,0.02093505859375,0.03143310546875,0.0133056640625,0.01470947265625,0.01116943359375,0.0091552734375,0.00701904296875,0.00634765625,0.00848388671875,0.018310546875,0.0284423828125,0.04638671875,0.06475830078125,0.0513916015625,0.03350830078125,0.0167236328125,0.009765625,0.0052490234375,0.0035400390625,0.00384521484375,0.00457763671875,0.00811767578125,0.00946044921875,0.02020263671875,0.0206298828125,0.53253173828125,120.74285250162444,20.940492187286825,131.48797920727745,1.6313066981494655,136.93762183235867,2.0464888862323845,/sessions/cool-youthful-allen/mnt/Research/color-histogram-analysis/dataset/segmented/op/002_particle0003.png,op,test
0.7231638418079096,0.5907406112315546,0.1864186087570621,0.2147931555115164,10.55875,24.85426740050316,8.85,6.4,0.1410039214831548,0.3331696199317616,0.9191520634616912,1.0040559948042005,1.966036153946653,1.1984695532449132,-3.3465562271338816,324.98649720037474,239.9311635322456,0.4873477879547849,0.0675667058372999,0.1490953932182157,0.0155386277386964,0.9456546500836892,0.0399459892091433,0.0146484375,0.01983642578125,0.0093994140625,0.007568359375,0.00726318359375,0.00634765625,0.00640869140625,0.00872802734375,0.01116943359375,0.01898193359375,0.03143310546875,0.057373046875,0.072998046875,0.06805419921875,0.041748046875,0.0272216796875,0.01318359375,0.01318359375,0.00567626953125,0.0067138671875,0.00439453125,0.00811767578125,0.00994873046875,0.0186767578125,0.0206298828125,0.49029541015625,109.41579480256496,24.54116050972537,131.3361457981775,2.2671105713139235,132.26763415457307,2.915433469837974,/sessions/cool-youthful-allen/mnt/Research/color-histogram-analysis/dataset/segmented/bop1/004_particle0008.png,bop1,test
0.4970760233918128,0.4907395069953364,0.2533883728930168,0.2043765255782901,9.2075,23.79360731840133,8.55,4.25,0.1528540721699887,0.4857539573511415,0.8734016023280877,1.788998675587192,-3.374149732626632,-2.1273640550276296,-3.200939911604372,340.6633658581337,211.3692319825268,0.2949798702977627,0.0745248027449517,0.0385628445371317,0.0069766542033524,0.9453601138860126,0.0338153781031123,0.0230712890625,0.02703857421875,0.01422119140625,0.011474609375,0.0087890625,0.010009765625,0.0111083984375,0.0137939453125,0.0146484375,0.01953125,0.03228759765625,0.04302978515625,0.06036376953125,0.0504150390625,0.03485107421875,0.01959228515625,0.01043701171875,0.005859375,0.00384521484375,0.00244140625,0.001708984375,0.00299072265625,0.00579833984375,0.01531982421875,0.01806640625,0.539306640625,95.14834437086093,25.188733564500527,128.53986754966888,1.039326059498942,132.68794701986755,1.729862498030918,/sessions/cool-youthful-allen/mnt/Research/color-histogram-analysis/dataset/segmented/bop1/005_particle0046.png,bop1,test
0.9391304347826088,0.6858730925913139,0.3998993558776167,0.3166008967845055,49.6675,44.40020874142647,11.5,10.8,0.6736977817185754,2.3279767916887733,3.4819388802473363,3.812733176292261,-7.583438168202315,5.392370511982109,-7.641615274896532,445.8914959918837,229.8283586828868,0.3318165948071402,0.0540514472029121,0.0712397204364452,0.0098635339286585,0.9414000273836274,0.0301245653310817,0.0198974609375,0.0238037109375,0.01300048828125,0.01068115234375,0.00909423828125,0.01068115234375,0.00994873046875,0.010986328125,0.01202392578125,0.02227783203125,0.03192138671875,0.04931640625,0.0675048828125,0.054443359375,0.02398681640625,0.01263427734375,0.0078125,0.00616455078125,0.00384521484375,0.00408935546875,0.00408935546875,0.00567626953125,0.0069580078125,0.02117919921875,0.0240478515625,0.533935546875,123.18872744691042,28.463923524087107,130.5733673958167,1.1051992494871397,130.6828995688967,2.660892902177004,/sessions/cool-youthful-allen/mnt/Research/color-histogram-analysis/dataset/segmented/opa/5_particle0000.png,opa,test
0.6534653465346535,0.7588100686498855,0.4041779177917792,0.397918797856054,26.9425,29.16934316754341,10.1,6.6,0.4708015404930804,1.1203944087486903,2.285846348733208,2.708412708511497,5.206377672054971,3.268737403610453,6.4133806660947466,307.1045989078052,184.3757645638965,0.3908391560270877,0.0525888576792676,0.1340904835127437,0.0131703306017407,0.9637978203298918,0.0216638472801053,0.02520751953125,0.02423095703125,0.013916015625,0.01068115234375,0.00970458984375,0.0079345703125,0.00799560546875,0.0093994140625,0.01214599609375,0.01739501953125,0.02777099609375,0.0450439453125,0.04180908203125,0.0411376953125,0.0233154296875,0.0150146484375,0.0108642578125,0.01220703125,0.00726318359375,0.01129150390625,0.00897216796875,0.0118408203125,0.016845703125,0.02685546875,0.02740478515625,0.53375244140625,118.42550422901756,28.003505220626472,129.3757319453481,1.281979297175829,134.43591411841248,3.534791990786528,/sessions/cool-youthful-allen/mnt/Research/color-histogram-analysis/dataset/segmented/op/003_particle0030.png,op,test
2.617283950617284,0.87960981749528,0.4069706498951781,0.3397233819303814,17.47125,25.421677309274678,10.6,4.05,0.3914977043813319,0.8716684214133816,1.9241665619050805,2.059322725089053,4.051068901673728,2.495870206182836,6.626661806303868,116.61730601400215,80.20584067874762,0.3781216983512181,0.0834057641367342,0.0614399783720945,0.009035523615937,0.9769509974233688,0.0158288224932886,0.01470947265625,0.02734375,0.0133056640625,0.0169677734375,0.01177978515625,0.00933837890625,0.0054931640625,0.00750732421875,0.00775146484375,0.01556396484375,0.02862548828125,0.0667724609375,0.1207275390625,0.08929443359375,0.04962158203125,0.02374267578125,0.01220703125,0.008544921875,0.00469970703125,0.00396728515625,0.00335693359375,0.00628662109375,0.00933837890625,0.01519775390625,0.01861572265625,0.40924072265625,136.7006825370401,16.17434471219528,131.52205759946727,1.059792844691434,134.95338771433327,1.4030424597404076,/sessions/cool-youthful-allen/mnt/Research/color-histogram-analysis/dataset/segmented/op/009_particle0005.png,op,test
0.7672413793103449,0.6595522328067849,0.1986754165052305,0.2356901738357581,20.51125,33.069700193405154,11.6,8.9,0.1613967097979758,0.3623538356981219,1.6761259446942367,1.6958468287406676,3.381857132608841,1.8910599614736388,-5.360867611552195,348.1381777797976,250.28075418772875,0.457159537476033,0.0536798372685925,0.133635280640712,0.0116265820656356,0.9497444942541126,0.0359618911828474,0.0216064453125,0.02703857421875,0.008056640625,0.00604248046875,0.007080078125,0.00738525390625,0.0050048828125,0.0059814453125,0.00701904296875,0.01177978515625,0.0206298828125,0.048828125,0.063720703125,0.0499267578125,0.02362060546875,0.013671875,0.0067138671875,0.00799560546875,0.00469970703125,0.00537109375,0.003173828125,0.00482177734375,0.007080078125,0.0264892578125,0.0262451171875,0.58001708984375,102.79174603174604,25.815237197332657,130.58412698412698,1.5216121723102278,131.98507936507937,2.439509365852514,/sessions/cool-youthful-allen/mnt/Research/color-histogram-analysis/dataset/segmented/bop1/002_particle0008.png,bop1,test
2.1785714285714284,0.57468221799432,0.3813305035128805,0.2050506589778302,26.0525,39.95756822228432,12.2,5.6,0.3577340577416454,1.0307989438151128,1.80621560580754,1.9474510015305555,3.861586265796577,2.514657696133985,4.225179687743356,517.0660007276952,275.3272423744489,0.2277393044101196,0.0521058449675061,0.0320981007798067,0.004802711600613,0.9191715065017644,0.0430129335207919,0.02410888671875,0.02935791015625,0.0140380859375,0.01348876953125,0.010498046875,0.010498046875,0.01336669921875,0.01385498046875,0.016845703125,0.0185546875,0.0303955078125,0.044677734375,0.0533447265625,0.03741455078125,0.0184326171875,0.0108642578125,0.00799560546875,0.00592041015625,0.003173828125,0.00335693359375,0.00360107421875,0.00506591796875,0.0087890625,0.0216064453125,0.0244140625,0.55633544921875,119.30068027210883,29.10091051383975,129.94489795918366,1.2988840670050752,135.78554421768706,2.93983233528877,/sessions/cool-youthful-allen/mnt/Research/color-histogram-analysis/dataset/segmented/op/007_particle0018.png,op,test
1.175,0.52994555353902,0.1747340425531915,0.1870956282830058,13.14,29.70782074332237,9.4,8.0,0.0734437159373592,0.2066177838403548,1.217836809404303,2.170522233318453,-3.9141587289484048,-2.349858086349601,-4.210224488680815,331.47549654821114,226.703946481848,0.4606312748041102,0.0606206987717909,0.1256950321227824,0.0127765439569025,0.9407186943485708,0.0403334427494935,0.021728515625,0.02337646484375,0.0096435546875,0.00836181640625,0.0045166015625,0.00439453125,0.00457763671875,0.00628662109375,0.00811767578125,0.01348876953125,0.0238037109375,0.04681396484375,0.06390380859375,0.0567626953125,0.02130126953125,0.01763916015625,0.01251220703125,0.00933837890625,0.00323486328125,0.00445556640625,0.00201416015625,0.0045166015625,0.01080322265625,0.02655029296875,0.026611328125,0.56524658203125,109.65001809627216,23.849711671901296,130.64676076728193,1.4125796585197714,133.02931596091204,2.1866095804998853,/sessions/cool-youthful-allen/mnt/Research/color-histogram-analysis/dataset/segmented/bop1/004_particle0004.png,bop1,test
0.4260869565217391,0.7219342623917564,0.5159716060337178,0.3308372566471599,29.075,33.232084864377974,11.5,4.9,0.5078556636879019,1.2815118596606268,1.962710954073414,2.470902485584623,4.757566451334903,3.3226077943230448,-4.967973671250184,465.8671049697221,262.9535296446871,0.2427985572653819,0.0522107086964951,0.0432350744218501,0.0070930448996981,0.9473877148122504,0.0296856629940923,0.026611328125,0.03021240234375,0.0184326171875,0.01287841796875,0.01031494140625,0.00775146484375,0.0074462890625,0.01129150390625,0.0107421875,0.0166015625,0.02667236328125,0.03460693359375,0.048583984375,0.03839111328125,0.0257568359375,0.01275634765625,0.00640869140625,0.0045166015625,0.0035400390625,0.00341796875,0.00408935546875,0.00604248046875,0.01239013671875,0.0235595703125,0.0277099609375,0.56927490234375,104.84154287203545,26.334591825706784,130.94683346364346,1.3405286073956406,132.78668230388325,2.2868845363046817,/sessions/cool-youthful-allen/mnt/Research/color-histogram-analysis/dataset/segmented/op/008_particle0007.png,op,test
0.5981308411214953,0.6377858002406739,0.3095794392523364,0.2975524255614712,5.3,14.961017102003098,5.35,3.2,0.3766012749314578,0.9188364983750738,1.540845858501906,1.710761904977559,3.3400570899865403,2.225857396475396,4.2351924697396655,358.10839388411733,230.58782194574405,0.3990828719798349,0.0762603098093907,0.1035621212991614,0.0171214492897692,0.9575320296489976,0.0272626663830259,0.02752685546875,0.0294189453125,0.015380859375,0.01214599609375,0.01116943359375,0.0123291015625,0.0125732421875,0.0167236328125,0.0137939453125,0.0125732421875,0.01556396484375,0.02471923828125,0.03485107421875,0.03106689453125,0.02069091796875,0.0169677734375,0.0107421875,0.0128173828125,0.00848388671875,0.008056640625,0.00775146484375,0.01300048828125,0.01422119140625,0.02197265625,0.03271484375,0.562744140625,100.8240990990991,25.59149642955044,128.19932432432432,1.1526114076200595,133.31328828828828,2.49003491378029,/sessions/cool-youthful-allen/mnt/Research/color-histogram-analysis/dataset/segmented/bop1/005_particle0016.png,bop1,test
1.5593220338983051,0.4938756855575868,0.2488485630066322,0.2465380404245514,13.5075,26.2391915678978,9.2,5.9,0.209440249140863,0.6056782257235269,0.9827653412523653,1.665812832273815,3.5432131321330465,-3.786167733890629,3.0078077969228856,249.05179443311243,164.84889731269826,0.4397436292188667,0.0647445931662109,0.1341895112538324,0.0146971774640399,0.9583572104938078,0.027454452491314,0.012451171875,0.01800537109375,0.01507568359375,0.0128173828125,0.0087890625,0.00701904296875,0.00482177734375,0.00732421875,0.0087890625,0.01776123046875,0.032958984375,0.06097412109375,0.1160888671875,0.06683349609375,0.0262451171875,0.01702880859375,0.009521484375,0.00653076171875,0.002685546875,0.0032958984375,0.002197265625,0.0086669921875,0.01361083984375,0.02508544921875,0.02813720703125,0.46728515625,122.83146360553091,27.578085072790486,130.2074093399426,1.3745582099591271,134.13879467779807,2.316816619067988,/sessions/cool-youthful-allen/mnt/Research/color-histogram-analysis/dataset/segmented/bop1/004_particle0035.png,bop1,test
0.4111776447105788,0.679062492967572,0.2923812569036684,0.24882940599571,75.43875,61.72361055612564,25.05,10.3,0.2539469568704128,0.5699714370645214,1.6678452622519864,2.0580488570916384,3.94897876134085,2.5167535669312064,4.379768336225789,341.28901998657165,198.08166334398183,0.5194121122981209,0.0503458638314141,0.1893674599201317,0.0124576849445179,0.9480817503233712,0.0299872712538459,0.01751708984375,0.01885986328125,0.01263427734375,0.00701904296875,0.00506591796875,0.0062255859375,0.0032958984375,0.00555419921875,0.00726318359375,0.01434326171875,0.0244140625,0.05096435546875,0.0709228515625,0.07080078125,0.03216552734375,0.027099609375,0.0137939453125,0.0172119140625,0.0076904296875,0.0123291015625,0.00732421875,0.01348876953125,0.020263671875,0.03857421875,0.06390380859375,0.4312744140625,131.116680887372,25.31517698756655,130.49914675767917,1.441847490774704,130.26109215017064,2.7887979541463754,/sessions/cool-youthful-allen/mnt/Research/color-histogram-analysis/dataset/segmented/opa/5_particle0003.png,opa,test
0.979381443298969,0.899973581665676,0.3696825827455236,0.4495233029011208,34.06625,30.85964967608452,9.7,9.5,0.5098725449853477,1.169042259592736,3.2149583083879887,3.986851941310346,7.805853722809546,5.538093613369551,-7.686806475528537,326.779339207226,230.58863899617285,0.43456380495681,0.058855192037192,0.1318062273055107,0.0140794883055804,0.9603636363423824,0.0278942563390752,0.01708984375,0.020263671875,0.0128173828125,0.0120849609375,0.00738525390625,0.00445556640625,0.00341796875,0.0054931640625,0.00604248046875,0.0137939453125,0.02435302734375,0.05206298828125,0.08154296875,0.08203125,0.03436279296875,0.02392578125,0.0120849609375,0.01422119140625,0.00885009765625,0.00909423828125,0.00518798828125,0.009033203125,0.01123046875,0.02154541015625,0.02752685546875,0.4801025390625,119.64472998784512,28.851672685755226,131.3691613127279,1.7621733495596648,130.88470220524397,5.00708721995616,/sessions/cool-youthful-allen/mnt/Research/color-histogram-analysis/dataset/segmented/op/010_particle0002.png,op,test
1.2835820895522387,0.7381291547958214,0.269784796945505,0.3513099159282278,3.88625,11.790306508541107,4.3,3.35,0.3491014027516546,0.7993417431218599,1.7090185003177942,1.9472886764613144,3.7757262761958192,2.348857653748204,-5.2172935686311295,168.6893085014488,120.30577233867524,0.3921517397147933,0.0812159356997262,0.0727752601769437,0.010947402493632,0.9690508691357866,0.0219981089105539,0.0174560546875,0.01788330078125,0.01171875,0.0123291015625,0.00762939453125,0.00860595703125,0.0101318359375,0.015380859375,0.0167236328125,0.02703857421875,0.04180908203125,0.06561279296875,0.08648681640625,0.07080078125,0.04351806640625,0.026123046875,0.012451171875,0.009033203125,0.00482177734375,0.00506591796875,0.0028076171875,0.005126953125,0.0064697265625,0.0133056640625,0.01959228515625,0.44207763671875,116.30469161834476,24.814014441999888,130.04902477596204,1.2184750478325683,130.03874538745387,1.528959978456168,/sessions/cool-youthful-allen/mnt/Research/color-histogram-analysis/dataset/segmented/bop1/001_particle0050.png,bop1,test
0.4564459930313589,0.6484656913480097,0.3082958746708514,0.2618023836719612,28.9775,37.29482649564743,14.35,6.55,0.2977690103969067,0.68007211497064,1.8243709060341076,1.9087396148359963,3.776207826757776,2.264836828480408,4.963904498802649,327.154748297337,200.987832959122,0.4484595733453431,0.0554788998913911,0.1354285398045069,0.0130133046559589,0.954094317715351,0.0280919217934262,0.01708984375,0.0140380859375,0.009033203125,0.01458740234375,0.008056640625,0.0096435546875,0.006103515625,0.0098876953125,0.01068115234375,0.01812744140625,0.031005859375,0.0555419921875,0.078857421875,0.068115234375,0.03326416015625,0.01934814453125,0.0086669921875,0.00933837890625,0.00311279296875,0.0047607421875,0.002685546875,0.00543212890625,0.0081787109375,0.02801513671875,0.03460693359375,0.4918212890625,122.41101871101873,21.89236766921045,130.57193347193348,1.379054107923345,134.0122661122661,2.521849480513287,/sessions/cool-youthful-allen/mnt/Research/color-histogram-analysis/dataset/segmented/op/006_particle0016.png,op,test
1.0382513661202186,0.7608329085133916,0.2790048892723612,0.2959211356724445,24.2525,32.09188269972801,9.5,9.15,0.377840234051101,0.857853737998812,2.2063113775571392,2.519815264970973,4.890910808188789,3.001620490356702,-5.602841625197188,255.577339115032,181.21084039264755,0.4402347387652208,0.0704291800915457,0.0941027868364811,0.0111505397672622,0.9597697156687472,0.028433724333994,0.0115966796875,0.01763916015625,0.01153564453125,0.01702880859375,0.01416015625,0.01318359375,0.012451171875,0.010498046875,0.0137939453125,0.0225830078125,0.03778076171875,0.06439208984375,0.088623046875,0.07757568359375,0.04461669921875,0.03118896484375,0.014892578125,0.01275634765625,0.0062255859375,0.0052490234375,0.0072021484375,0.0069580078125,0.008056640625,0.01263427734375,0.0172119140625,0.420166015625,119.8705501618123,20.488303374073823,131.2219140083218,1.603060133606404,128.3199260286639,2.1478640583195845,/sessions/cool-youthful-allen/mnt/Research/color-histogram-analysis/dataset/segmented/op/001_particle0021.png,op,test
1.3617021276595744,0.6241318610977756,0.3601691784869976,0.2859978622242497,24.37625,32.72705951333046,9.6,7.05,0.47738498374355,1.3467303658465792,1.898273933037529,2.847363090059848,-5.224209218471966,-3.5499658730227246,6.088045379935277,395.5046401463872,230.18744958158504,0.3071419922006693,0.0561777357808052,0.0567127815355716,0.0067226682225709,0.9483222546492728,0.0299971016131982,0.02386474609375,0.0308837890625,0.01092529296875,0.009521484375,0.0106201171875,0.0098876953125,0.0086669921875,0.01177978515625,0.01617431640625,0.017822265625,0.029296875,0.04913330078125,0.06524658203125,0.04638671875,0.03076171875,0.01556396484375,0.010498046875,0.0079345703125,0.004638671875,0.0037841796875,0.00360107421875,0.00592041015625,0.0103759765625,0.02203369140625,0.02081298828125,0.52386474609375,110.94959349593496,27.70490692088854,131.26142728093947,1.3641900174463213,136.276603432701,3.0811229942941813,/sessions/cool-youthful-allen/mnt/Research/color-histogram-analysis/dataset/segmented/op/005_particle0010.png,op,test
0.9310344827586208,0.5343914574180221,0.2895873736657048,0.2247287860189821,45.91625,50.67091947197914,13.05,12.15,0.3494309530114399,1.1119265676512204,1.3687864721267595,2.0710466648927905,5.300399707531251,-3.852452129257329,3.7911712458688624,438.71610116605166,229.19552142034385,0.4503167254233446,0.0571672750412161,0.1055017193523968,0.0133761717243131,0.917725301915012,0.0427618435365363,0.01513671875,0.01971435546875,0.01153564453125,0.009765625,0.00616455078125,0.00811767578125,0.0101318359375,0.013916015625,0.015625,0.024658203125,0.037353515625,0.05712890625,0.05694580078125,0.06005859375,0.03900146484375,0.0306396484375,0.0198974609375,0.0145263671875,0.00787353515625,0.00750732421875,0.00396728515625,0.00531005859375,0.0093994140625,0.01641845703125,0.019775390625,0.47943115234375,139.8328234265734,27.148287713399554,129.4750874125874,0.8285181350165772,131.20585664335664,2.8901842502560102,/sessions/cool-youthful-allen/mnt/Research/color-histogram-analysis/dataset/segmented/opa/8_particle0014.png,opa,test
1.1454545454545455,0.8491613025969497,0.4293730960397627,0.4348662239825275,33.475,31.101933336257936,9.45,8.25,0.5901959194978152,1.4695137352472811,2.483344433266598,3.1041887941059225,5.899664265144577,3.858345850064985,6.950833528296932,348.7084604809912,214.5379457870008,0.3934333366689457,0.0582899262071786,0.120859438129388,0.0123774314269187,0.9590619670832436,0.0251388751595898,0.01739501953125,0.0242919921875,0.009521484375,0.0078125,0.00732421875,0.00738525390625,0.00640869140625,0.0062255859375,0.00836181640625,0.01568603515625,0.02398681640625,0.0513916015625,0.08074951171875,0.06280517578125,0.02874755859375,0.0194091796875,0.0086669921875,0.01092529296875,0.0064697265625,0.0064697265625,0.0067138671875,0.009521484375,0.0103759765625,0.02435302734375,0.0274658203125,0.51153564453125,121.64936247723134,26.147264125895443,129.91180935033395,1.5247284305632345,133.6903460837887,3.1760312595225866,/sessions/cool-youthful-allen/mnt/Research/color-histogram-analysis/dataset/segmented/op/005_particle0002.png,op,test
0.8297101449275363,0.5655300019868865,0.3602699196253401,0.2268536988198469,56.92625,56.154981368780135,13.8,11.45,0.560379118980771,2.464334171014652,1.9516831450133003,2.6686132431433367,6.150244306059306,-3.953855336009899,-4.979749481135261,696.2324165825926,339.4861512369813,0.3949171488843641,0.0484843076759768,0.1041424030782865,0.011858680996783,0.9164330645294796,0.0405044833945892,0.02484130859375,0.02520751953125,0.01104736328125,0.00799560546875,0.00677490234375,0.01031494140625,0.0118408203125,0.01556396484375,0.01611328125,0.01947021484375,0.02471923828125,0.02996826171875,0.03155517578125,0.03167724609375,0.01873779296875,0.015869140625,0.00848388671875,0.0074462890625,0.0047607421875,0.0059814453125,0.00445556640625,0.00653076171875,0.00836181640625,0.02392578125,0.03399658203125,0.5943603515625,120.78270042194092,34.116298723024386,130.37007735583686,1.2946652390549458,128.97151898734177,3.112556408696685,/sessions/cool-youthful-allen/mnt/Research/color-histogram-analysis/dataset/segmented/opa/4_particle0011.png,opa,test
1.8103448275862069,0.4567617295308188,0.1222906403940886,0.1299904770697249,7.4475,26.83208488225937,10.5,5.8,-0.2158872419060854,-0.4101878942084468,0.7501649376032216,0.8957271686434374,1.719726643695083,0.7631957950228354,-2.876275700364532,284.8378451480216,215.44275788513667,0.6123515471863744,0.0545553059133329,0.2637495731929402,0.0222348788811725,0.925686455295121,0.0559431666351365,0.01373291015625,0.01483154296875,0.0111083984375,0.01080322265625,0.00653076171875,0.0059814453125,0.00445556640625,0.00616455078125,0.0057373046875,0.00823974609375,0.01995849609375,0.04736328125,0.07452392578125,0.0572509765625,0.02496337890625,0.0169677734375,0.01068115234375,0.01287841796875,0.006103515625,0.0120849609375,0.00872802734375,0.0223388671875,0.0223388671875,0.04071044921875,0.076416015625,0.4591064453125,129.5889809848854,32.205599500488866,127.62554851292052,1.4832760626635488,132.21452949780596,2.6884014217139733,/sessions/cool-youthful-allen/mnt/Research/color-histogram-analysis/dataset/segmented/bop1/007_particle0023.png,bop1,test
1.5179856115107917,0.6551889539863638,0.326008387602714,0.2924804129139672,23.90375,32.04716064929962,10.55,6.95,0.3138646831402457,0.7349057875481897,2.117790834943743,2.690031676279208,5.182050280599862,3.193659741887306,5.3323801734897565,392.2382110153785,233.52550991523623,0.3955161595251244,0.0632400380530504,0.0789320190747787,0.010685773745152,0.949957901618598,0.0296939708075293,0.01483154296875,0.02813720703125,0.0152587890625,0.0145263671875,0.00836181640625,0.00860595703125,0.00555419921875,0.00933837890625,0.01336669921875,0.0203857421875,0.0308837890625,0.05126953125,0.06317138671875,0.0574951171875,0.033203125,0.02154541015625,0.01116943359375,0.0076904296875,0.0035400390625,0.00396728515625,0.00311279296875,0.00537109375,0.00982666015625,0.01922607421875,0.0252685546875,0.514892578125,112.97777777777776,24.15523094173424,130.45865865865866,1.9296025416056997,131.94414414414413,3.2534394279523013,/sessions/cool-youthful-allen/mnt/Research/color-histogram-analysis/dataset/segmented/op/006_particle0006.png,op,test
1.6261682242990654,0.6732829838863593,0.3315877108174884,0.2773266356141137,61.735,52.89015828371048,17.4,10.7,0.3609805991128285,0.8315452665134033,2.055961481147248,2.3395307636573963,4.546438077116925,2.845724189766494,5.229242565239244,498.58167557705,271.6231565162672,0.3512650585204114,0.0511635075027107,0.0670821770834854,0.0079013261950036,0.9395145210462286,0.0328102531580207,0.02044677734375,0.0260009765625,0.01666259765625,0.01190185546875,0.00762939453125,0.0076904296875,0.00811767578125,0.01171875,0.01568603515625,0.024169921875,0.0294189453125,0.048095703125,0.0545654296875,0.0443115234375,0.02630615234375,0.01800537109375,0.00927734375,0.0076904296875,0.00457763671875,0.00482177734375,0.0054931640625,0.0067138671875,0.00762939453125,0.01904296875,0.02178955078125,0.542236328125,107.04818355640536,27.701094599600577,129.5791586998088,1.0109087877295486,130.73747609942637,2.868852799164149,/sessions/cool-youthful-allen/mnt/Research/color-histogram-analysis/dataset/segmented/opa/10_particle0004.png,opa,test
1.0434782608695652,0.235369972367209,0.1285896403650026,0.1048129473469676,14.37375,41.512846034765246,10.8,10.35,-0.169392089246445,-0.0223985807620345,-0.1285268030858015,0.4370009023591237,0.68882327739211,1.44855300961427,0.8118913075064567,453.5752260755634,253.18696691784865,0.6001619283211375,0.0502129622137405,0.241461588581529,0.0166536158796579,0.8895375098657872,0.0611727016394052,0.01708984375,0.02685546875,0.01226806640625,0.00738525390625,0.00689697265625,0.008056640625,0.005615234375,0.0074462890625,0.00640869140625,0.0093994140625,0.01263427734375,0.02685546875,0.04071044921875,0.03173828125,0.0196533203125,0.0184326171875,0.00946044921875,0.01458740234375,0.0072021484375,0.01251220703125,0.0091552734375,0.00982666015625,0.009521484375,0.0362548828125,0.05450439453125,0.57952880859375,124.25688930406352,25.293057783003807,130.35310602522185,1.6669230163183149,132.27510509107893,2.740953708273615,/sessions/cool-youthful-allen/mnt/Research/color-histogram-analysis/dataset/segmented/bop1/004_particle0022.png,bop1,test
0.5927601809954751,0.8665265370467683,0.4556664709336465,0.4606465314392231,32.98,29.994826555252075,11.05,6.55,0.5651203207048332,1.339557825302796,2.820673471946851,3.20873895719149,6.23230202514852,3.9281175910320223,-6.9225959766947325,341.8780865698364,209.9075440019712,0.2792806765520934,0.0487062142387959,0.0443095622091307,0.0051373950057972,0.9618829641670676,0.0233712727275129,0.02880859375,0.029296875,0.014404296875,0.01104736328125,0.00860595703125,0.00738525390625,0.00579833984375,0.0048828125,0.006591796875,0.01171875,0.01837158203125,0.0330810546875,0.05487060546875,0.04034423828125,0.02093505859375,0.013671875,0.0076904296875,0.0059814453125,0.00518798828125,0.0035400390625,0.00537109375,0.0064697265625,0.01104736328125,0.02032470703125,0.0191650390625,0.60540771484375,101.88073394495412,19.929047439922076,130.22994029416049,1.3831836716043304,133.47487986020096,2.167058699482384,/sessions/cool-youthful-allen/mnt/Research/color-histogram-analysis/dataset/segmented/op/004_particle0015.png,op,test
1.9873417721518989,0.6327971178417326,0.3044727082157542,0.2470782337015769,37.76375,43.82533504366874,15.7,7.9,0.3378352328957178,0.8220143601590769,1.4495786207574963,2.35165046445708,-4.554570195575113,-2.946903173322792,4.314310969795583,489.4946254152891,273.94380583558905,0.4212494016489283,0.0622636395918303,0.0841287901460985,0.0130162488946257,0.918482192998133,0.0453960985832631,0.02166748046875,0.02813720703125,0.01116943359375,0.01031494140625,0.0074462890625,0.0098876953125,0.0106201171875,0.01275634765625,0.01251220703125,0.0155029296875,0.01824951171875,0.028076171875,0.04132080078125,0.03466796875,0.0247802734375,0.0157470703125,0.009033203125,0.00787353515625,0.0048828125,0.0062255859375,0.0057373046875,0.00640869140625,0.00848388671875,0.02227783203125,0.02130126953125,0.60491943359375,133.53035935563815,30.329670235042844,130.98306484923586,1.513849823541198,131.54708798017347,2.722910733491096,/sessions/cool-youthful-allen/mnt/Research/color-histogram-analysis/dataset/segmented/opa/1_particle0010.png,opa,test
1.492537313432836,0.7765425770487602,0.4522201492537313,0.3251208466765938,30.29875,34.22117201089859,10.0,6.7,0.5627230637644328,1.4233779599644836,2.259874657485783,2.8147495701083733,5.356550434311638,3.536403279028303,6.196616622014618,406.4728320523995,261.3110309165196,0.3176468128989351,0.0490124493131681,0.073762085436747,0.0083171417414275,0.9427271103907412,0.0368381213233396,0.02978515625,0.0338134765625,0.01165771484375,0.0079345703125,0.00970458984375,0.0111083984375,0.0081787109375,0.00738525390625,0.0091552734375,0.0108642578125,0.01617431640625,0.02203369140625,0.03369140625,0.0302734375,0.0194091796875,0.01641845703125,0.011962890625,0.0111083984375,0.00750732421875,0.007080078125,0.00750732421875,0.01318359375,0.0130615234375,0.023193359375,0.0303955078125,0.597412109375,128.918164547713,34.2188334878704,130.33669443226654,1.2723670942433265,134.51673242729797,4.255174260165435,/sessions/cool-youthful-allen/mnt/Research/color-histogram-analysis/dataset/segmented/opa/2_particle0014.png,opa,test
0.6223175965665236,0.6760847886675702,0.3913127127423412,0.3420868164241333,33.05125,34.8442168533802,11.65,7.25,0.4321434572111939,1.0882268132807311,1.78819058663381,2.7656852517672017,-5.074359578291683,-3.3378263567171023,-5.475896422533806,287.7808565062813,170.38121841006483,0.3504069508348417,0.0549598339997599,0.0748522887691774,0.0074964904374201,0.9615217691452412,0.0227080016182099,0.0196533203125,0.02679443359375,0.01348876953125,0.0086669921875,0.006591796875,0.00665283203125,0.00787353515625,0.0107421875,0.01324462890625,0.01727294921875,0.0325927734375,0.06024169921875,0.06982421875,0.0601806640625,0.02569580078125,0.01458740234375,0.006103515625,0.00640869140625,0.00421142578125,0.00323486328125,0.003173828125,0.005859375,0.0101318359375,0.02294921875,0.027099609375,0.5167236328125,117.740347970174,21.118116259376308,130.58160729080365,1.302763515383338,136.74813587406794,2.5587760682509386,/sessions/cool-youthful-allen/mnt/Research/color-histogram-analysis/dataset/segmented/op/002_particle0005.png,op,test
2.4339622641509435,0.8293569973814373,0.4169226268831358,0.3636177863387635,7.12625,15.693250232934952,6.45,2.65,0.3378321752297692,0.7514466409009909,1.9714654537991123,2.295884326209296,4.441423197715428,2.755776215768125,5.066726126832753,260.83672661520075,177.89171815320506,0.4308812696285762,0.0803713424304868,0.1135279250192683,0.0138554770189997,0.9709401309234852,0.0197652488479875,0.02099609375,0.01995849609375,0.01318359375,0.0135498046875,0.0087890625,0.009033203125,0.00836181640625,0.0084228515625,0.01043701171875,0.0155029296875,0.02069091796875,0.04547119140625,0.058837890625,0.05474853515625,0.0338134765625,0.02117919921875,0.011474609375,0.00970458984375,0.0042724609375,0.00653076171875,0.00616455078125,0.0107421875,0.01116943359375,0.01971435546875,0.02880859375,0.5284423828125,111.43839835728951,18.306084644503933,128.927446954141,1.2355418127028288,127.14989733059548,1.929661921107904,/sessions/cool-youthful-allen/mnt/Research/color-histogram-analysis/dataset/segmented/bop1/001_particle0021.png,bop1,test
0.3423423423423423,0.6428306780288996,0.3599158368895211,0.226973551746115,15.18125,28.991525715589525,11.1,3.8,0.3567180316224508,0.8213791845569397,1.813780558442205,2.267238374824701,4.355593149436712,2.9202754162506794,-4.659688902205002,385.3193715062645,243.58357864079736,0.3573565879143134,0.0693758606019758,0.062447673455746,0.0103585274105152,0.951890274021872,0.0303541459780739,0.02386474609375,0.0274658203125,0.01385498046875,0.0091552734375,0.00787353515625,0.0087890625,0.0087890625,0.01263427734375,0.0130615234375,0.02142333984375,0.03460693359375,0.0498046875,0.05731201171875,0.0440673828125,0.02838134765625,0.02191162109375,0.01397705078125,0.0125732421875,0.0081787109375,0.00811767578125,0.00604248046875,0.0069580078125,0.00860595703125,0.01702880859375,0.01824951171875,0.51727294921875,111.0948784082535,20.16950159765523,129.53629329403094,1.7105297363178296,130.17796610169492,1.826485966233913,/sessions/cool-youthful-allen/mnt/Research/color-histogram-analysis/dataset/segmented/bop1/006_particle0010.png,bop1,test
0.61328125,0.4488897045329418,0.1217157643312101,0.1298271491021544,12.23,34.406096279621124,12.8,7.85,-0.1582692736150203,-0.2841984889649095,2.28259089077975,1.852859695319425,3.9569774161059783,1.729569689328187,4.326398775024862,384.4284773662632,250.85750089882143,0.4381859201293175,0.0614710531962104,0.1208221401493958,0.011457298521789,0.908636578733593,0.0594555328571437,0.02008056640625,0.0228271484375,0.00616455078125,0.0072021484375,0.00860595703125,0.0074462890625,0.00750732421875,0.01043701171875,0.01458740234375,0.01971435546875,0.03338623046875,0.0469970703125,0.091064453125,0.066162109375,0.02978515625,0.01885986328125,0.010498046875,0.01177978515625,0.00732421875,0.00665283203125,0.0037841796875,0.00543212890625,0.00689697265625,0.017578125,0.01983642578125,0.4993896484375,118.57935483870968,25.12397312110922,130.09032258064516,1.5275297731205388,130.82408602150537,1.934525162799266,/sessions/cool-youthful-allen/mnt/Research/color-histogram-analysis/dataset/segmented/bop1/001_particle0011.png,bop1,test
0.7582938388625592,0.53325355548396,0.1715936018957346,0.2023794976199475,14.4825,29.987719774246216,10.55,8.0,0.0540234222034345,0.171042925689011,0.9422108755127202,1.5313573486727996,2.921433468055129,2.265747456163252,2.915914515231956,322.0772374303548,231.57300244664108,0.4843731850649051,0.0626885082598314,0.1192763353057667,0.0125964315367623,0.935374656875191,0.0462390823709743,0.0167236328125,0.01983642578125,0.01031494140625,0.0089111328125,0.0054931640625,0.0072021484375,0.00543212890625,0.0087890625,0.0101318359375,0.01495361328125,0.0252685546875,0.051513671875,0.08221435546875,0.062255859375,0.03179931640625,0.02392578125,0.01617431640625,0.01373291015625,0.007080078125,0.00445556640625,0.00341796875,0.00531005859375,0.005615234375,0.01727294921875,0.0205078125,0.52166748046875,116.77822433321154,20.47474880808566,128.89002557544757,1.0755015480735286,128.87614176105225,1.603227022603279,/sessions/cool-youthful-allen/mnt/Research/color-histogram-analysis/dataset/segmented/bop1/001_particle0013.png,bop1,test
1.5349462365591398,0.8255227552275523,0.1895796847635726,0.2013833600399201,100.6725,79.25899614095688,28.55,18.6,0.0911373552453487,0.2029663913306992,2.0361904126489376,2.141615173325296,4.230847089593972,2.262378952985236,5.640380362709615,443.5164524344136,242.83613095298512,0.4378137670838396,0.0656266320964932,0.1014747632529585,0.0121526009821694,0.9052220211754888,0.0516538249012226,0.012451171875,0.01361083984375,0.00970458984375,0.00982666015625,0.01068115234375,0.01092529296875,0.010009765625,0.01275634765625,0.0128173828125,0.0167236328125,0.02569580078125,0.06719970703125,0.0992431640625,0.07684326171875,0.02984619140625,0.0186767578125,0.00982666015625,0.01104736328125,0.00421142578125,0.00482177734375,0.00213623046875,0.00494384765625,0.00732421875,0.0181884765625,0.01995849609375,0.48052978515625,142.3924758515506,28.07835474899796,129.80528723945093,1.0179939334573804,128.71123538383324,1.9789155131135143,/sessions/cool-youthful-allen/mnt/Research/color-histogram-analysis/dataset/segmented/opa/5_particle0016.png,opa,test
0.5974025974025974,0.5492274123881196,0.4352766798418972,0.2728913649653313,15.4175,26.645079094171525,7.7,4.6,0.3980093998401072,1.0585411558411058,2.04328348462312,2.639077571164905,-6.08402673734761,-3.745160622903348,4.981608824451351,280.0164125919797,175.68366379743608,0.2687418680269174,0.0588546976366224,0.0387237075154264,0.0056942789885447,0.9613360847823068,0.0241994804567761,0.02093505859375,0.02325439453125,0.01446533203125,0.0118408203125,0.01123046875,0.00958251953125,0.0091552734375,0.014404296875,0.0218505859375,0.0308837890625,0.04425048828125,0.0623779296875,0.07421875,0.056396484375,0.0330810546875,0.02020263671875,0.01318359375,0.009521484375,0.00732421875,0.00518798828125,0.0040283203125,0.0072021484375,0.00958251953125,0.01727294921875,0.0185546875,0.45001220703125,111.58286985539488,28.117599496707395,130.9976163991737,1.3798027945274394,134.4878436357858,2.7424055468511987,/sessions/cool-youthful-allen/mnt/Research/color-histogram-analysis/dataset/segmented/op/003_particle0020.png,op,test
1.4923857868020305,0.5253946343880512,0.2563020131910632,0.203212076992659,37.11125,47.90523401498795,14.7,9.85,0.2474955107963601,0.6427985366272724,1.1820415850764097,1.386994018848626,2.6783844414643942,1.7935284173879402,-3.424755039431382,504.504103161732,269.2248827146837,0.4851689171263331,0.0584121396291627,0.1429938651189033,0.0156435321874645,0.9168031280423172,0.0441272715199048,0.017578125,0.01617431640625,0.01043701171875,0.00927734375,0.0081787109375,0.00762939453125,0.00811767578125,0.01190185546875,0.01263427734375,0.0201416015625,0.02911376953125,0.0506591796875,0.0557861328125,0.06866455078125,0.04327392578125,0.0318603515625,0.01806640625,0.015869140625,0.00885009765625,0.01019287109375,0.005615234375,0.0091552734375,0.00958251953125,0.02099609375,0.02313232421875,0.47711181640625,130.744140625,31.29016114400379,131.5693359375,1.9360067704610424,130.969970703125,2.581073427511157,/sessions/cool-youthful-allen/mnt/Research/color-histogram-analysis/dataset/segmented/opa/1_particle0014.png,opa,test
0.8388278388278388,0.5239761824765744,0.1122554665131084,0.1391213253668071,70.17875,79.6179320037365,27.3,22.9,-0.1346527292918935,-0.2499031203117868,0.2521909310237957,0.306094274375304,0.5853190653542607,0.1959076899313245,2.296250183394082,413.3742747311205,277.7415303096324,0.5399859062331691,0.067546957146449,0.2077704436183808,0.0147706462851079,0.902545533748528,0.0655126723603184,0.01812744140625,0.01141357421875,0.00469970703125,0.00689697265625,0.00494384765625,0.00823974609375,0.0068359375,0.0101318359375,0.0101318359375,0.01617431640625,0.03228759765625,0.07965087890625,0.10595703125,0.09051513671875,0.0428466796875,0.03009033203125,0.01544189453125,0.0155029296875,0.0086669921875,0.009033203125,0.004150390625,0.005859375,0.009521484375,0.03155517578125,0.03741455078125,0.3839111328125,129.78101361573374,26.173040827224035,132.42170953101362,1.4329167212895582,129.4727685325265,2.477664165697412,/sessions/cool-youthful-allen/mnt/Research/color-histogram-analysis/dataset/segmented/opa/3_particle0009.png,opa,test
0.7510548523206751,0.6911645501215887,0.3334992651590575,0.27558901338738,35.1725,40.04751762151718,11.85,8.9,0.4172232965387495,0.96739616372938,2.447938354589569,2.901019208350649,5.629636856455991,3.623571147219544,-5.903627882431507,484.6843797876567,282.3663146316649,0.4045599856745406,0.0590802119182771,0.112105023315949,0.0131041121110957,0.9337005085664548,0.0384622052512992,0.02459716796875,0.0255126953125,0.01324462890625,0.00958251953125,0.00836181640625,0.01007080078125,0.00750732421875,0.00897216796875,0.0091552734375,0.01458740234375,0.02435302734375,0.04473876953125,0.0506591796875,0.04925537109375,0.030029296875,0.0169677734375,0.0101318359375,0.010009765625,0.0047607421875,0.0067138671875,0.0045166015625,0.00982666015625,0.012939453125,0.024169921875,0.0234375,0.5458984375,122.34430622009567,28.26197876401129,130.32574162679427,1.3923638466897386,129.37167464114833,2.4249187959329466,/sessions/cool-youthful-allen/mnt/Research/color-histogram-analysis/dataset/segmented/opa/5_particle0006.png,opa,test
2.103448275862069,0.3680588439561827,0.2059602882984737,0.1444578559708569,14.57375,35.60573926568031,12.2,5.8,0.0066358514193429,0.2159138214578292,0.4755438006328857,1.187684392914512,2.483085827103624,2.2574000980014617,2.046600567303715,449.6678959738932,245.9804959788196,0.5307797990922908,0.0546471735737323,0.178862807211046,0.0177059711723097,0.918601367972705,0.0442353574930975,0.0223388671875,0.0208740234375,0.0137939453125,0.0137939453125,0.0086669921875,0.00689697265625,0.00738525390625,0.0078125,0.0089111328125,0.01312255859375,0.02032470703125,0.0367431640625,0.04290771484375,0.03985595703125,0.02227783203125,0.0206298828125,0.01116943359375,0.011474609375,0.00543212890625,0.0069580078125,0.0068359375,0.0135498046875,0.0155029296875,0.03271484375,0.04766845703125,0.5423583984375,125.51470142467414,26.29455203654048,130.77659896938465,1.2431507946678335,135.51985450136405,1.8611590917071088,/sessions/cool-youthful-allen/mnt/Research/color-histogram-analysis/dataset/segmented/bop1/005_particle0009.png,bop1,test
2.5576923076923075,0.657264722069345,0.3453585887796414,0.2820625921796169,5.97125,16.31040754318237,6.65,2.6,0.1599213888619063,0.3694437431957157,1.7303237110411138,2.1608198872169453,4.153852274632086,2.5358897053222225,4.459900535845118,197.0470870921579,127.3542095472958,0.4696697708191638,0.0761242275411601,0.1251732665416006,0.0161635281958354,0.9651397041043122,0.0224502579321718,0.01690673828125,0.023681640625,0.01007080078125,0.0089111328125,0.007568359375,0.0059814453125,0.006103515625,0.008544921875,0.00848388671875,0.01348876953125,0.02496337890625,0.037841796875,0.0548095703125,0.04986572265625,0.02569580078125,0.02032470703125,0.01287841796875,0.0103759765625,0.00469970703125,0.007080078125,0.00531005859375,0.0133056640625,0.01202392578125,0.022705078125,0.03094482421875,0.55743408203125,138.87408142999007,18.904243979652485,130.29493545183715,1.2498278613565978,132.9253227408143,1.5881838603540872,/sessions/cool-youthful-allen/mnt/Research/color-histogram-analysis/dataset/segmented/bop1/001_particle0008.png,bop1,test
0.9402985074626866,0.391856846473029,0.1342395167022032,0.1518684338112582,5.66625,21.653048115968705,6.7,6.3,-0.0625732149653935,-0.0311421064291151,0.3999027446438892,1.3372561458736278,-2.213192946693538,-1.321702432991046,2.944520167707013,281.36654456372344,204.6983003021925,0.5326031053591461,0.069293586350235,0.1863169884655067,0.0210745507868793,0.9312647337565844,0.0497634313790222,0.021484375,0.02490234375,0.0126953125,0.0068359375,0.00390625,0.00457763671875,0.00390625,0.00616455078125,0.008056640625,0.01025390625,0.01934814453125,0.06036376953125,0.08526611328125,0.04205322265625,0.02374267578125,0.016357421875,0.01092529296875,0.01397705078125,0.0098876953125,0.01031494140625,0.00421142578125,0.00885009765625,0.01361083984375,0.02740478515625,0.03900146484375,0.51190185546875,121.2324074074074,26.543546780448747,132.2662037037037,1.442402328417186,134.46157407407406,1.6533930668180268,/sessions/cool-youthful-allen/mnt/Research/color-histogram-analysis/dataset/segmented/bop1/002_particle0031.png,bop1,test
0.8881578947368421,0.388371533624274,0.2753898635477583,0.1786346049395914,14.1275,31.52497806549072,7.6,6.75,0.2406748562087516,1.2504478387374025,1.107580511620292,1.7160465625879813,-3.229435455088584,-2.502637332460281,3.3416546037692707,350.84481992381046,230.5287349389437,0.4499603436244629,0.0606162316737732,0.1370905199450402,0.0147256030676807,0.9426926141741734,0.0375263299162642,0.01263427734375,0.020263671875,0.0142822265625,0.01239013671875,0.009521484375,0.0098876953125,0.007080078125,0.0079345703125,0.0091552734375,0.01654052734375,0.02581787109375,0.05181884765625,0.0771484375,0.06787109375,0.02972412109375,0.0206298828125,0.0120849609375,0.0081787109375,0.00421142578125,0.0054931640625,0.00335693359375,0.0072021484375,0.01129150390625,0.02264404296875,0.02679443359375,0.50604248046875,127.14548417132217,22.60841906800219,130.80074487895718,1.6656960127208305,133.84078212290504,2.2709348322045453,/sessions/cool-youthful-allen/mnt/Research/color-histogram-analysis/dataset/segmented/bop1/002_particle0035.png,bop1,test
0.4580645161290322,0.8421140472878998,0.5157996365288505,0.4019937922388824,56.76375,42.12411580681801,15.5,7.1,0.5280946081570466,1.243090570247385,2.6748434441073887,3.652140592426485,-7.090585964941455,-4.433053405251501,6.887539797091844,444.064308826062,259.5750855397892,0.2959720368803973,0.054543081664138,0.0528222116718326,0.0080480705702993,0.9550360033822533,0.0263052336697434,0.0245361328125,0.02484130859375,0.014404296875,0.01318359375,0.01104736328125,0.0133056640625,0.009765625,0.00830078125,0.00946044921875,0.01580810546875,0.02508544921875,0.04571533203125,0.056640625,0.0498046875,0.02838134765625,0.015869140625,0.00836181640625,0.00738525390625,0.0028076171875,0.0032958984375,0.00335693359375,0.0062255859375,0.01190185546875,0.0224609375,0.01971435546875,0.54833984375,103.88591282375236,21.255108944856516,130.78231206569805,1.4626935273394588,130.62817435249525,2.518176929810259,/sessions/cool-youthful-allen/mnt/Research/color-histogram-analysis/dataset/segmented/opa/2_particle0004.png,opa,test
1.013157894736842,0.6963869161785289,0.2869531784005468,0.2857813369079299,16.7925,27.17350617647171,7.7,7.6,0.4088397248762891,0.9328449707639213,2.4882528984928283,3.473605476093032,-6.955758457801123,-4.195867553722429,-6.477277856276571,164.64627220265757,119.28179865766488,0.5175028060927386,0.0593860408148838,0.2253341725197489,0.0154595232015566,0.9664505371988203,0.024232770171435,0.010009765625,0.01080322265625,0.00823974609375,0.00921630859375,0.0067138671875,0.0064697265625,0.00665283203125,0.00860595703125,0.00927734375,0.01251220703125,0.03155517578125,0.0677490234375,0.08233642578125,0.072021484375,0.03912353515625,0.03375244140625,0.0198974609375,0.0234375,0.0096435546875,0.0125732421875,0.0078125,0.015869140625,0.01776123046875,0.02191162109375,0.081787109375,0.374267578125,148.17921385742838,24.813827669651356,130.20630690650677,1.3815944471841812,131.05440817232954,2.561769440999402,/sessions/cool-youthful-allen/mnt/Research/color-histogram-analysis/dataset/segmented/op/009_particle0027.png,op,test
2.4719101123595504,0.5866905401372725,0.2510214504596527,0.2058734367653364,12.2875,27.38650045990944,11.0,4.45,0.0725788440590683,0.1793625056541021,1.1086902975189703,1.219559286722996,2.384442049568805,1.3457704475624364,3.612613895705058,265.60234118540126,176.99296971779637,0.4284477369084091,0.0613514714381582,0.1163843767321551,0.0139765749623777,0.9606532520370332,0.0260977978189514,0.01605224609375,0.02191162109375,0.013916015625,0.00897216796875,0.00628662109375,0.0057373046875,0.004638671875,0.01068115234375,0.0113525390625,0.0177001953125,0.02789306640625,0.05596923828125,0.07666015625,0.05535888671875,0.0224609375,0.013916015625,0.0078125,0.00927734375,0.0037841796875,0.00579833984375,0.0023193359375,0.0048828125,0.010498046875,0.02606201171875,0.02227783203125,0.53778076171875,112.75892395240558,24.60860362254084,130.61070874288671,1.2673132774121578,132.46120020693223,1.8856799667903987,/sessions/cool-youthful-allen/mnt/Research/color-histogram-analysis/dataset/segmented/bop1/004_particle0038.png,bop1,test
1.1787709497206704,0.8272187782655696,0.4963991633350102,0.3679213166010476,46.87125,40.01112148761749,10.55,8.95,0.677141808572448,1.846347361683004,2.985809821204161,4.1045386866662925,-8.244963299954101,-5.29689313642865,7.664188961487049,546.925278492289,308.6340622283309,0.2366414722913007,0.0383994058329484,0.0327121188205709,0.0035006981444816,0.939974429192475,0.0338873953200484,0.03082275390625,0.03656005859375,0.0145263671875,0.01214599609375,0.01141357421875,0.00958251953125,0.00933837890625,0.01080322265625,0.00933837890625,0.0137939453125,0.018798828125,0.02777099609375,0.032958984375,0.02685546875,0.0150146484375,0.0098876953125,0.005859375,0.0064697265625,0.004638671875,0.00439453125,0.00390625,0.00726318359375,0.0128173828125,0.025146484375,0.02947998046875,0.61041259765625,102.00609917793687,29.076084410120945,130.58591885441527,1.5033695285319366,134.08021744895254,3.304899981544317,/sessions/cool-youthful-allen/mnt/Research/color-histogram-analysis/dataset/segmented/op/003_particle0018.png,op,test
1.272,0.5484709739415522,0.2441006289308176,0.2627565560195672,12.12875,24.08441898226738,7.95,6.25,0.2271541383871895,0.5909539778987551,1.163573669617731,1.872244318979589,3.8761066473445296,-3.650650495605444,-3.4146504011548564,231.42537286668724,158.08997058042692,0.3853359688775594,0.0642424511819964,0.0874144322722492,0.0094616248209369,0.9645289100655462,0.0241241828414655,0.018310546875,0.02435302734375,0.0152587890625,0.01202392578125,0.00665283203125,0.0054931640625,0.00701904296875,0.00872802734375,0.010498046875,0.01971435546875,0.03509521484375,0.0684814453125,0.0859375,0.06524658203125,0.03741455078125,0.0205078125,0.010986328125,0.006591796875,0.00341796875,0.00347900390625,0.0040283203125,0.00665283203125,0.01019287109375,0.01995849609375,0.02001953125,0.47393798828125,104.93675352877308,24.076269192127373,130.1327361563518,1.340516618485752,131.3846362649294,1.7591061677427573,/sessions/cool-youthful-allen/mnt/Research/color-histogram-analysis/dataset/segmented/bop1/002_particle0046.png,bop1,test
1.38125,0.3086913086913087,0.1179722850678733,0.114065207653504,10.42875,33.89568871259689,11.05,8.0,-0.2030594363825575,-0.2944550940102279,0.0076893984050008,0.9564947327043004,-1.761305462099236,-1.0637387892144698,-1.494282678444305,307.6817293514257,198.2831489161672,0.5260954184846696,0.0650363407522971,0.1758628559476946,0.0156990459706489,0.9099858792291116,0.0576639595704328,0.01678466796875,0.026123046875,0.01348876953125,0.00860595703125,0.0042724609375,0.00390625,0.00360107421875,0.00445556640625,0.00799560546875,0.01092529296875,0.02325439453125,0.04986572265625,0.07183837890625,0.06292724609375,0.03338623046875,0.01751708984375,0.00775146484375,0.00927734375,0.0040283203125,0.00372314453125,0.00390625,0.00799560546875,0.0120849609375,0.02874755859375,0.0318603515625,0.53167724609375,127.5057934508816,27.988646343089663,130.70629722921913,1.218201855408737,134.83224181360202,2.386268075241466,/sessions/cool-youthful-allen/mnt/Research/color-histogram-analysis/dataset/segmented/bop1/004_particle0017.png,bop1,test
0.4722222222222222,0.9154100772342773,0.5083741830065359,0.447537669124488,28.00125,28.040053874254227,10.8,5.1,0.5163014640590111,1.1818078093778717,3.093204855866197,3.8756855086515087,7.674917011213363,5.375651321322636,-7.418201690194734,335.8832010755509,193.17744741211715,0.2976166409414514,0.0560356781502722,0.0514376681293063,0.0074087447470484,0.9554840106746656,0.02558646349077,0.02178955078125,0.03021240234375,0.0181884765625,0.0140380859375,0.009765625,0.008544921875,0.00537109375,0.0054931640625,0.00921630859375,0.0162353515625,0.02581787109375,0.04443359375,0.0517578125,0.05084228515625,0.03131103515625,0.02294921875,0.0133056640625,0.0107421875,0.00439453125,0.00482177734375,0.004150390625,0.00604248046875,0.01239013671875,0.0174560546875,0.022705078125,0.53802490234375,126.42671565411364,26.77149737811218,130.88059309801864,1.8365624184208749,136.07584306521454,3.4110852023969658,/sessions/cool-youthful-allen/mnt/Research/color-histogram-analysis/dataset/segmented/op/006_particle0010.png,op,test
0.6609195402298851,0.7306981044845122,0.2369565217391304,0.2736755643731766,11.85375,23.330003428459168,8.7,5.75,0.247927255056485,0.5503179314628934,1.8827607917902116,2.552762447090224,4.999637964743458,3.6918188837552526,-4.863451781576317,239.6805760528149,174.91637929694954,0.3733123989841055,0.0687386993264778,0.0743796918036322,0.0088231043598181,0.9599831127257684,0.0291101400663674,0.01983642578125,0.01904296875,0.01055908203125,0.01190185546875,0.008544921875,0.00543212890625,0.00457763671875,0.00726318359375,0.00946044921875,0.018798828125,0.0408935546875,0.07745361328125,0.102294921875,0.08990478515625,0.04443359375,0.02691650390625,0.013671875,0.01019287109375,0.0025634765625,0.00244140625,0.0013427734375,0.0030517578125,0.00750732421875,0.014404296875,0.01434326171875,0.43316650390625,107.85934435416084,22.493879438165006,129.794900532362,1.3750230839081166,129.02885962454468,1.7975441247843966,/sessions/cool-youthful-allen/mnt/Research/color-histogram-analysis/dataset/segmented/bop1/001_particle0049.png,bop1,test
1.2206896551724138,0.5649229123963996,0.3704850964348334,0.2766038468149657,23.77125,32.86259343624115,8.85,7.25,0.4446474506179523,1.2805908950786768,1.9186063743741284,2.6365377144946263,-5.2285615525991584,-3.312626764548387,4.972283426730928,373.4590982303041,218.1362388510566,0.3095097130664916,0.0532523398756541,0.0533586825834552,0.0065215678664525,0.9482323159892894,0.0301658492067371,0.02069091796875,0.0302734375,0.01336669921875,0.01239013671875,0.011962890625,0.01043701171875,0.00726318359375,0.00872802734375,0.0098876953125,0.015380859375,0.0220947265625,0.0374755859375,0.06427001953125,0.0487060546875,0.0245361328125,0.01141357421875,0.00653076171875,0.00592041015625,0.00286865234375,0.0045166015625,0.00323486328125,0.00555419921875,0.00982666015625,0.02081298828125,0.02178955078125,0.570068359375,115.0896868919158,22.997356114224008,131.1951176366531,1.5892452789469478,134.78064744383514,2.241954100080188,/sessions/cool-youthful-allen/mnt/Research/color-histogram-analysis/dataset/segmented/op/006_particle0000.png,op,test
0.5980707395498392,0.8235992872698475,0.3955329668429969,0.3408758818262563,57.2,45.9203097820282,15.55,9.3,0.4609761039123529,1.0408742563938416,4.453898487321871,5.705096216661767,-10.784616344977646,-6.297906706741133,12.774240297879532,438.16655346979854,235.2479661010692,0.3235041587019498,0.0376483594311138,0.068949898574654,0.0049050077075605,0.9495037823926832,0.0270203679599556,0.02459716796875,0.02703857421875,0.01593017578125,0.0101318359375,0.008056640625,0.00823974609375,0.006103515625,0.00775146484375,0.008544921875,0.01324462890625,0.02325439453125,0.03900146484375,0.05517578125,0.042724609375,0.02337646484375,0.0133056640625,0.0062255859375,0.007080078125,0.0035400390625,0.00543212890625,0.00238037109375,0.00439453125,0.00701904296875,0.020263671875,0.02288818359375,0.59429931640625,109.76091173617849,24.60444061490705,130.6661817006143,1.6272247926041994,135.87342386032978,3.217312198484174,/sessions/cool-youthful-allen/mnt/Research/color-histogram-analysis/dataset/segmented/op/007_particle0004.png,op,test
0.5759036144578313,0.6228168839997528,0.2540152240762212,0.2026686103305304,62.98625,62.493459010124205,20.75,11.95,0.1789207007986409,0.4074904575537671,1.9144105167199756,2.36879539212134,4.563291961712307,2.7980133237994,4.842984116393173,415.3242645653197,208.02561196859125,0.5464736415890525,0.0448722491160841,0.2323949182803566,0.0132999625879254,0.9206009091976106,0.0395064572153251,0.0126953125,0.0146484375,0.00579833984375,0.0068359375,0.0059814453125,0.00592041015625,0.00555419921875,0.01055908203125,0.01629638671875,0.0225830078125,0.02593994140625,0.0416259765625,0.05279541015625,0.07220458984375,0.030029296875,0.03314208984375,0.01702880859375,0.0235595703125,0.00799560546875,0.01239013671875,0.005126953125,0.01092529296875,0.01654052734375,0.04559326171875,0.0587158203125,0.43951416015625,144.4832116788321,29.857081883369457,129.46009732360096,1.1002052408694627,128.90121654501218,3.187868347774621,/sessions/cool-youthful-allen/mnt/Research/color-histogram-analysis/dataset/segmented/opa/4_particle0017.png,opa,test
0.8652482269503546,0.758177570093458,0.4338739681432391,0.3893510846988146,18.65875,24.540053796768188,7.05,6.1,0.6020523310727023,1.6729776844623885,2.2753692628415,3.368886471107525,-6.205403139948536,-4.205478685336366,6.787533855272978,209.22776240127305,137.52876071018105,0.3790531170542552,0.0690005492381553,0.0668673273717333,0.0095874970809449,0.9709598021574746,0.0190554016783484,0.01861572265625,0.02215576171875,0.01947021484375,0.01788330078125,0.01104736328125,0.01043701171875,0.009033203125,0.01116943359375,0.01666259765625,0.0299072265625,0.039794921875,0.052734375,0.06243896484375,0.0638427734375,0.04461669921875,0.0316162109375,0.0164794921875,0.011474609375,0.01153564453125,0.0111083984375,0.0069580078125,0.01025390625,0.01104736328125,0.01416015625,0.02008056640625,0.42547607421875,123.34330440173588,25.388257840941,129.7145071295722,1.2326993784774551,132.37399256044637,3.2563675985226928,/sessions/cool-youthful-allen/mnt/Research/color-histogram-analysis/dataset/segmented/op/009_particle0002.png,op,test
1.6296296296296295,0.6839657892551689,0.3851945379723157,0.3327598390355242,10.29625,19.718733555078508,6.6,4.05,0.498893966467289,1.251115277328389,1.9697839610188488,2.6121548913892974,4.939247492620765,3.3030930876425977,5.310419779112691,219.3981083662941,156.76046816945154,0.3985260426836647,0.0743045024298989,0.0697232671043447,0.0116952784940317,0.966269145883449,0.0240715789090943,0.02435302734375,0.0277099609375,0.01092529296875,0.0108642578125,0.0084228515625,0.01055908203125,0.011962890625,0.01727294921875,0.0198974609375,0.03094482421875,0.0263671875,0.0430908203125,0.0552978515625,0.05230712890625,0.03399658203125,0.02398681640625,0.01593017578125,0.01251220703125,0.0098876953125,0.00927734375,0.00982666015625,0.0111083984375,0.014404296875,0.0169677734375,0.02215576171875,0.469970703125,127.8152154637347,26.104213147549697,131.3142401134953,1.4006791932204468,131.93403085653486,2.873260037833936,/sessions/cool-youthful-allen/mnt/Research/color-histogram-analysis/dataset/segmented/op/009_particle0008.png,op,test
0.6160458452722063,0.5707139351379922,0.2014593189844739,0.2155265313884062,37.79125,46.94076799154281,17.45,10.75,0.1322854270117568,0.3347509442895762,1.1784761751672226,2.11569094145547,-3.765384688087197,-2.283067251615185,4.724119523421974,336.5802028608192,198.4650200947929,0.5134715406839341,0.0619956260519191,0.1421415957691305,0.0142833832373922,0.9307252165030278,0.0406167946622488,0.01092529296875,0.0157470703125,0.008544921875,0.0079345703125,0.00543212890625,0.00787353515625,0.004638671875,0.0069580078125,0.01031494140625,0.01824951171875,0.03387451171875,0.061279296875,0.0762939453125,0.07177734375,0.0401611328125,0.02532958984375,0.012939453125,0.0145263671875,0.0045166015625,0.00665283203125,0.002197265625,0.00628662109375,0.00689697265625,0.0294189453125,0.03570556640625,0.47552490234375,129.82207832254085,21.693562417985007,130.38822078322542,1.0118371310987984,132.0736971939562,1.843673615153177,/sessions/cool-youthful-allen/mnt/Research/color-histogram-analysis/dataset/segmented/opa/7_particle0007.png,opa,test
2.691823899371069,0.5758812848287521,0.3378813260447892,0.2388030647958376,57.48375,54.999346578121184,21.4,7.95,0.1838445810140535,0.4660638679108254,1.159106678359052,1.7193073420208056,3.292268584943691,2.543781884270793,3.327192839921701,438.9440728209732,250.2553070270744,0.3081458801675815,0.0594632602676492,0.041065980978092,0.0059617141992801,0.937817861810882,0.0353748516441442,0.01666259765625,0.02783203125,0.0162353515625,0.00994873046875,0.0078125,0.0089111328125,0.0091552734375,0.015625,0.019775390625,0.03363037109375,0.04638671875,0.06201171875,0.08087158203125,0.058349609375,0.035888671875,0.01995849609375,0.01153564453125,0.01165771484375,0.00787353515625,0.0052490234375,0.0029296875,0.00177001953125,0.00567626953125,0.01568603515625,0.0152587890625,0.45330810546875,112.17996219281665,30.953348261837657,129.60094517958413,1.5110553701265532,133.78809073724008,3.65236670599952,/sessions/cool-youthful-allen/mnt/Research/color-histogram-analysis/dataset/segmented/op/005_particle0018.png,op,test
2.085227272727273,0.361230784918551,0.1096885063165717,0.1050456255665995,17.7125,46.03157955408096,18.35,8.8,-0.3003001254098529,-0.55687620295696,0.2071387307802727,1.176555060906181,-1.9001790699792784,-0.9013977282348714,-2.30141672536709,407.5479660075511,277.2636252005416,0.5827653236039085,0.0616621624354974,0.1960558810134304,0.019373345194058,0.8911817948931225,0.073852191094569,0.01617431640625,0.01116943359375,0.00543212890625,0.00640869140625,0.00555419921875,0.00653076171875,0.007080078125,0.0089111328125,0.00750732421875,0.01373291015625,0.023193359375,0.05181884765625,0.06378173828125,0.055419921875,0.0238037109375,0.017578125,0.0111083984375,0.01153564453125,0.00567626953125,0.0076904296875,0.00384521484375,0.00885009765625,0.011962890625,0.036376953125,0.04229736328125,0.53656005859375,121.6519558676028,26.590607550708683,129.94232698094282,1.0637568035106797,134.27331995987964,1.778626111205834,/sessions/cool-youthful-allen/mnt/Research/color-histogram-analysis/dataset/segmented/bop1/007_particle0010.png,bop1,test
0.4375,0.8209825997952918,0.5480821793002916,0.3674120710091597,30.07875,32.07436844706535,11.2,4.9,0.5659340097673528,1.4064224518787047,2.329641510491525,2.9868608690273244,5.664734518323403,3.763267916389015,-6.176849847843507,408.165913106819,214.6430967111579,0.2578394376083144,0.0522881927417339,0.0431392163962438,0.0066072779720236,0.952966266874793,0.0247654860836796,0.02960205078125,0.03558349609375,0.0172119140625,0.01361083984375,0.008544921875,0.007080078125,0.005126953125,0.00665283203125,0.00714111328125,0.01446533203125,0.02301025390625,0.04022216796875,0.04583740234375,0.0361328125,0.02325439453125,0.01397705078125,0.0089111328125,0.0074462890625,0.00396728515625,0.0062255859375,0.005859375,0.00775146484375,0.01104736328125,0.022216796875,0.0277099609375,0.5714111328125,111.37370157643896,19.14291210932461,129.5263350849322,1.311642131981879,132.36722473420505,2.109071833819188,/sessions/cool-youthful-allen/mnt/Research/color-histogram-analysis/dataset/segmented/op/004_particle0019.png,op,test
1.4305555555555556,0.6329194863323919,0.2002090075512405,0.2177715100833737,14.8475,29.270562446117403,10.3,7.2,0.2045038676082206,0.4655572281940084,1.1533872458376735,1.237003342649252,2.432425444399708,1.4785632995702165,3.922860476111941,265.827420579647,191.09407955197352,0.496401655731127,0.0620644085027198,0.1450963157837741,0.0139233488399481,0.954615405836256,0.0324713644850468,0.01715087890625,0.01885986328125,0.00982666015625,0.007080078125,0.0040283203125,0.00347900390625,0.003173828125,0.00628662109375,0.0078125,0.01165771484375,0.02264404296875,0.0487060546875,0.0999755859375,0.060791015625,0.02105712890625,0.0142822265625,0.0103759765625,0.00927734375,0.0052490234375,0.00604248046875,0.00439453125,0.00738525390625,0.01080322265625,0.02734375,0.02606201171875,0.5362548828125,112.79801853627356,23.209925773924915,129.75806967082136,1.8621268421077968,128.07158836689038,1.9522883792025627,/sessions/cool-youthful-allen/mnt/Research/color-histogram-analysis/dataset/segmented/bop1/001_particle0053.png,bop1,test
0.9838709677419356,0.5459573409761124,0.3809079190904283,0.202934266301692,57.62375,59.734880328178406,12.4,12.2,0.4896129474004926,1.5403440726599265,2.0589446826860467,2.525658302788536,-6.577460793440383,4.0168911694553335,-4.8180255337633735,660.4278601269502,335.62440536852574,0.3537184193631593,0.0526103744317431,0.0986343750034402,0.0101154507687713,0.9171444098230316,0.041935331197241,0.024658203125,0.02484130859375,0.012939453125,0.00933837890625,0.0125732421875,0.0162353515625,0.0133056640625,0.01605224609375,0.01422119140625,0.01837158203125,0.03216552734375,0.05120849609375,0.05670166015625,0.04388427734375,0.02203369140625,0.0152587890625,0.00714111328125,0.005615234375,0.0047607421875,0.00555419921875,0.00469970703125,0.00933837890625,0.01483154296875,0.02679443359375,0.03240966796875,0.50506591796875,122.1832892998679,31.972398073745648,130.3335535006605,1.3446787052874003,134.9289960369881,3.547876648736176,/sessions/cool-youthful-allen/mnt/Research/color-histogram-analysis/dataset/segmented/opa/2_particle0011.png,opa,test
1.4522613065326633,0.7927837096294338,0.4170071812348942,0.1954758996426403,59.95625,62.08340851664544,14.45,9.95,0.5351310532280099,1.2785377349301736,2.8724386961518937,3.880455048470668,-7.682859403107855,-4.934181409994993,-7.289812403982577,671.7592733005658,370.03935903349736,0.3545967458836371,0.0524766282699833,0.0798184028192346,0.0104855934418443,0.9148250027260524,0.0467966919790663,0.02386474609375,0.02178955078125,0.0120849609375,0.01251220703125,0.01104736328125,0.01171875,0.01092529296875,0.01348876953125,0.0140380859375,0.0145263671875,0.02130126953125,0.03497314453125,0.0517578125,0.04949951171875,0.02838134765625,0.02093505859375,0.0108642578125,0.010009765625,0.00665283203125,0.00689697265625,0.00469970703125,0.0072021484375,0.00982666015625,0.020751953125,0.02532958984375,0.544921875,129.4326381488811,35.57677005536144,129.35119500685036,1.2834528421134508,135.20870756583955,4.869727194440912,/sessions/cool-youthful-allen/mnt/Research/color-histogram-analysis/dataset/segmented/opa/6_particle0015.png,opa,test
0.7488262910798122,0.71800316684874,0.2152228943146864,0.2288475321909568,73.11875,63.36452657580376,21.3,15.95,0.1688785663559288,0.3741808507927385,2.221412776044988,2.607980427289773,5.039371949943003,2.9039626319552663,-5.588055984474282,465.6423326399428,274.9990083701795,0.3532037262104753,0.0480365952555919,0.077596762716251,0.0056406655407843,0.9313299478029046,0.0403897547647813,0.01806640625,0.0220947265625,0.014404296875,0.01507568359375,0.0091552734375,0.0067138671875,0.0064697265625,0.00750732421875,0.0118408203125,0.021728515625,0.03424072265625,0.0574951171875,0.0723876953125,0.06890869140625,0.0294189453125,0.02008056640625,0.01202392578125,0.01153564453125,0.00689697265625,0.00579833984375,0.00335693359375,0.00274658203125,0.00537109375,0.01593017578125,0.017578125,0.503173828125,100.40143655227456,28.53160474523447,130.2729449321628,0.9496444357213968,133.62729449321628,3.518160220832889,/sessions/cool-youthful-allen/mnt/Research/color-histogram-analysis/dataset/segmented/opa/10_particle0003.png,opa,test
5.333333333333333,0.6285146431285439,0.3875432525951557,0.1751226979722779,13.44,31.055129647254944,13.6,2.55,0.1586445511581979,0.3757188932526017,1.161196351829898,1.7396162857141388,3.3129010674632147,2.3565576371732933,3.372211550686937,316.9286936777009,186.1697063989241,0.3266313648639902,0.0918344034025014,0.0669385475560897,0.0139864530286217,0.959804005276519,0.0235498122708739,0.0177001953125,0.02569580078125,0.017333984375,0.01318359375,0.0118408203125,0.01275634765625,0.01202392578125,0.01165771484375,0.0135498046875,0.01885986328125,0.02593994140625,0.0484619140625,0.08172607421875,0.05999755859375,0.02447509765625,0.01690673828125,0.01318359375,0.00848388671875,0.00347900390625,0.00457763671875,0.00311279296875,0.00457763671875,0.00726318359375,0.02032470703125,0.02423095703125,0.4986572265625,112.9962459778334,23.505295431658705,129.5450482659993,1.3177067432892675,131.64980336074365,2.043194830860919,/sessions/cool-youthful-allen/mnt/Research/color-histogram-analysis/dataset/segmented/bop1/006_particle0025.png,bop1,test
4.084745762711864,0.5784636606604018,0.2949222870806667,0.1564095468593616,41.935,58.044573813676834,24.1,5.9,-0.0266830280652848,-0.0194816061906664,1.0135587540087776,1.4231563071705955,2.67060768317104,1.5673088229127234,3.0923749601770667,425.73040558122034,230.03361840853896,0.3265649432451069,0.0606614553847946,0.055053209907106,0.0079654222080791,0.9324129657881088,0.0363999265174482,0.01971435546875,0.0330810546875,0.014404296875,0.01422119140625,0.0157470703125,0.01434326171875,0.01177978515625,0.01275634765625,0.01434326171875,0.01861572265625,0.02239990234375,0.0396728515625,0.0548095703125,0.044189453125,0.02484130859375,0.02008056640625,0.01171875,0.01031494140625,0.0067138671875,0.0048828125,0.0059814453125,0.00738525390625,0.00921630859375,0.01788330078125,0.0235595703125,0.52734375,120.95111883554203,26.38456221208937,130.07690636541386,1.2307854198238566,134.21355637627633,2.9088952432866084,/sessions/cool-youthful-allen/mnt/Research/color-histogram-analysis/dataset/segmented/op/006_particle0019.png,op,test
0.5512465373961218,0.6722491935746636,0.4307966424922396,0.2774740487442261,77.37,59.19432121515274,18.05,9.95,0.4439405371064424,1.159622893055898,2.107280829691382,2.910137876566433,6.110146220268022,3.935921703697844,-5.428037195378754,507.87738620667017,254.517111829767,0.3572823493263362,0.0501488701956196,0.124990057878902,0.0101707586743155,0.9139870546334504,0.042987208622731,0.0211181640625,0.02508544921875,0.0091552734375,0.00823974609375,0.00848388671875,0.0086669921875,0.01068115234375,0.02154541015625,0.0225830078125,0.0272216796875,0.0296630859375,0.0457763671875,0.067626953125,0.0655517578125,0.02862548828125,0.019775390625,0.00982666015625,0.0125732421875,0.007080078125,0.00872802734375,0.0050048828125,0.006591796875,0.01055908203125,0.0255126953125,0.023681640625,0.47064208984375,147.96804319276228,29.220941423820104,129.54472493798335,0.9985793064802247,128.29476141835693,2.4739289052160487,/sessions/cool-youthful-allen/mnt/Research/color-histogram-analysis/dataset/segmented/opa/5_particle0019.png,opa,test
2.5643564356435644,0.8111636646365168,0.4785924538399786,0.3354810388050282,31.29875,34.240053850412366,12.95,5.05,0.4030989418861757,0.9101420652446934,2.6654351407587638,3.4873095319374703,6.950574835676705,4.863766354205968,6.603711667953968,393.07581296539263,212.86397074299737,0.3293700216843575,0.0415974575810943,0.1229331897559919,0.0101583695425902,0.9464390494337748,0.0290242729227152,0.01953125,0.02850341796875,0.01165771484375,0.01177978515625,0.0137939453125,0.0103759765625,0.00830078125,0.00970458984375,0.009033203125,0.015380859375,0.02081298828125,0.0321044921875,0.03997802734375,0.04522705078125,0.02783203125,0.02471923828125,0.01544189453125,0.0146484375,0.005126953125,0.00836181640625,0.00537109375,0.00872802734375,0.00933837890625,0.02587890625,0.0340576171875,0.5443115234375,130.05882352941177,29.26398166411007,129.800553633218,1.344351133561046,133.63377162629757,3.322752844687157,/sessions/cool-youthful-allen/mnt/Research/color-histogram-analysis/dataset/segmented/op/006_particle0027.png,op,test
0.6774193548387096,0.4715384395459873,0.1979286674347158,0.2071376366209908,20.61625,35.36553722023964,12.4,8.4,0.0552523645743982,0.1955253594290484,0.7994321672348507,1.2536327569589398,2.356610683230333,1.6096126046172985,-2.543969062312448,330.4665187871286,217.8361273072474,0.5339696547982247,0.0611157000436859,0.2044767282692095,0.0159265204545522,0.9444705947166744,0.0364258281918991,0.01043701171875,0.0189208984375,0.010498046875,0.00457763671875,0.00347900390625,0.00714111328125,0.00506591796875,0.00579833984375,0.00653076171875,0.00994873046875,0.024658203125,0.06964111328125,0.1058349609375,0.07830810546875,0.0296630859375,0.02032470703125,0.00836181640625,0.01214599609375,0.00372314453125,0.00531005859375,0.00244140625,0.00689697265625,0.00909423828125,0.02783203125,0.0438232421875,0.46954345703125,117.49214824120602,21.42545657870948,129.54522613065328,1.4344434335101208,129.67430904522612,1.7899477196735147,/sessions/cool-youthful-allen/mnt/Research/color-histogram-analysis/dataset/segmented/bop1/006_particle0026.png,bop1,test
0.6743295019157088,0.538349587964013,0.3100291710205503,0.2012563526132138,35.60375,47.149599123001096,13.05,8.8,0.324423880532153,0.8859551600714052,1.464838177137148,2.339759545856014,-4.554703205904852,-2.8385047247920707,4.300790245843475,458.30002054747615,261.4740495561732,0.3359829576698584,0.0617457711331299,0.0747809871817938,0.0100485722531757,0.9272616150947788,0.0414085669000501,0.01849365234375,0.02935791015625,0.01800537109375,0.013671875,0.00775146484375,0.0086669921875,0.012451171875,0.01666259765625,0.01763916015625,0.0225830078125,0.02978515625,0.04559326171875,0.06744384765625,0.07440185546875,0.044677734375,0.02386474609375,0.0152587890625,0.0123291015625,0.0084228515625,0.00823974609375,0.00482177734375,0.00506591796875,0.00830078125,0.01983642578125,0.020263671875,0.4464111328125,136.76418582221507,27.046671399434185,131.29786208005143,1.589178440377803,132.0303809676901,3.237560318629886,/sessions/cool-youthful-allen/mnt/Research/color-histogram-analysis/dataset/segmented/op/001_particle0012.png,op,test
1.3511904761904765,0.8626161333136706,0.3834565764631844,0.385346431851167,36.55875,34.52827882766724,11.35,8.4,0.5169236852717198,1.1898038694821893,3.215396990366808,3.473885680921284,6.821405893047739,4.089019669828317,-7.75873050633965,475.4034282261277,293.33888400473785,0.4055023961441855,0.0554547220937405,0.1150105165585359,0.0116425360252384,0.9355151813861132,0.0396698376385525,0.019287109375,0.0244140625,0.0106201171875,0.009521484375,0.007568359375,0.0081787109375,0.00909423828125,0.01043701171875,0.012939453125,0.02239990234375,0.0289306640625,0.03985595703125,0.0494384765625,0.06402587890625,0.03912353515625,0.028564453125,0.01458740234375,0.01312255859375,0.0048828125,0.0050048828125,0.004638671875,0.0069580078125,0.0084228515625,0.02642822265625,0.025146484375,0.50640869140625,130.51940850277265,28.387923915239565,129.72525625945218,1.246456512292555,134.18685935136952,3.3612451282491995,/sessions/cool-youthful-allen/mnt/Research/color-histogram-analysis/dataset/segmented/op/006_particle0015.png,op,test
1.1971830985915493,0.7930635323449535,0.3689519469759735,0.3457634588536861,22.26625,28.447160655260085,8.5,7.1,0.5686819888899863,1.3878786265704142,2.5554721686224,2.8139316472502074,5.498665786553844,3.5111130575302814,-7.412887463619993,448.6001726444373,267.4192811779035,0.2875563332327356,0.048073515311208,0.0508560762628271,0.0054302009315493,0.9470826885948194,0.0314464024852333,0.0225830078125,0.029296875,0.0130615234375,0.0107421875,0.00665283203125,0.00701904296875,0.0072021484375,0.0091552734375,0.01226806640625,0.01776123046875,0.0283203125,0.0400390625,0.04779052734375,0.04376220703125,0.02667236328125,0.0157470703125,0.00970458984375,0.00653076171875,0.0037841796875,0.0035400390625,0.00274658203125,0.00616455078125,0.009521484375,0.01654052734375,0.02197265625,0.5814208984375,103.7838078291815,30.23526471647844,130.57651245551602,1.7043016355068958,135.4252669039146,3.43116375523512,/sessions/cool-youthful-allen/mnt/Research/color-histogram-analysis/dataset/segmented/op/002_particle0006.png,op,test
0.7289002557544757,0.7509005264616238,0.2918293175393727,0.3350003033048426,81.3,55.22396748661995,19.55,14.25,0.3923876110096872,0.917660890628246,1.7016868251610164,2.0834128121633424,3.981444485736108,2.584786651901103,4.777611181536382,373.1746644839301,227.92408700030956,0.4898125279793746,0.0564416550264069,0.1597013631399443,0.0101252830422118,0.9430296572363271,0.034646337630324,0.0115966796875,0.01318359375,0.0072021484375,0.014892578125,0.011962890625,0.00933837890625,0.0068359375,0.007080078125,0.0084228515625,0.017822265625,0.029052734375,0.05419921875,0.086181640625,0.0899658203125,0.0408935546875,0.0325927734375,0.0140380859375,0.01971435546875,0.0062255859375,0.00970458984375,0.0029296875,0.0091552734375,0.00811767578125,0.01953125,0.059326171875,0.4100341796875,130.0250594080795,31.06230748054834,130.1659105638367,1.0519638443334025,130.1162238064377,2.629718304457449,/sessions/cool-youthful-allen/mnt/Research/color-histogram-analysis/dataset/segmented/opa/7_particle0014.png,opa,test
1.2627737226277371,0.5661601931978265,0.2373950466225053,0.2343422316733615,14.06625,27.46431788802147,8.65,6.85,0.200297349846915,0.5234016112250464,1.129554045678953,1.972419283553482,-4.121502593431301,-2.5808847506939587,3.537687122914518,250.44362374706384,169.55855373527135,0.5129973927389655,0.0633801929891115,0.2312394970318977,0.0207736876330523,0.9474099678708594,0.0354536173583778,0.0201416015625,0.02099609375,0.0091552734375,0.0068359375,0.00372314453125,0.00372314453125,0.0047607421875,0.0040283203125,0.0037841796875,0.007568359375,0.01953125,0.064208984375,0.0963134765625,0.0650634765625,0.0240478515625,0.012939453125,0.00537109375,0.0115966796875,0.00311279296875,0.00592041015625,0.002197265625,0.00823974609375,0.01470947265625,0.02935791015625,0.044921875,0.50775146484375,143.49867091972357,29.14711120850224,130.046783625731,1.6626559463157349,134.12865497076024,2.086240777868375,/sessions/cool-youthful-allen/mnt/Research/color-histogram-analysis/dataset/segmented/bop1/002_particle0024.png,bop1,test
2.109243697478992,0.7134382915958573,0.3724597408684589,0.2938467763821499,27.8125,34.487719756364825,12.55,5.95,0.4355421140825896,1.0281414159089424,2.097596300136612,2.6675416892122,5.087567937961998,3.288692153050176,-5.450179347663439,552.7756853050305,291.88287133691455,0.3161872415527716,0.0495650549324673,0.0648394346504557,0.007261321608675,0.9342647981024074,0.034604771637025,0.02459716796875,0.0279541015625,0.01177978515625,0.01043701171875,0.00909423828125,0.00994873046875,0.01043701171875,0.012939453125,0.01348876953125,0.01446533203125,0.0206298828125,0.02801513671875,0.03460693359375,0.03131103515625,0.02093505859375,0.0172119140625,0.01080322265625,0.0089111328125,0.0057373046875,0.00665283203125,0.005615234375,0.0068359375,0.0098876953125,0.0201416015625,0.0203857421875,0.607177734375,112.37920757363254,29.809030954406825,130.27857643758765,1.6381208896801187,134.05504908835906,3.706650201041077,/sessions/cool-youthful-allen/mnt/Research/color-histogram-analysis/dataset/segmented/op/004_particle0018.png,op,test
0.4974358974358974,0.6874432540403124,0.4002907745175786,0.3474665200463441,18.92875,26.164317905902863,9.75,4.85,0.481029172387666,1.2349498390423534,1.8500067641678417,2.98306606276351,-5.708781184308919,-3.7282853532236975,-5.459422172391987,299.7797955919149,170.86892843613546,0.2643045674838645,0.0581947983828766,0.0393428465210921,0.00575473407761,0.9605542349227822,0.0224479662795776,0.02520751953125,0.029052734375,0.01544189453125,0.01519775390625,0.0115966796875,0.0081787109375,0.00445556640625,0.00372314453125,0.006591796875,0.0145263671875,0.03289794921875,0.0601806640625,0.07537841796875,0.06591796875,0.0341796875,0.0157470703125,0.00958251953125,0.0054931640625,0.00274658203125,0.003662109375,0.005615234375,0.0062255859375,0.00738525390625,0.01776123046875,0.02276611328125,0.50048828125,106.54417670682732,24.74474893705865,129.52560240963857,1.1318738262966883,134.95314591700134,3.204980667718375,/sessions/cool-youthful-allen/mnt/Research/color-histogram-analysis/dataset/segmented/op/004_particle0022.png,op,test
2.902439024390244,0.7240643863179075,0.4609807337569174,0.2820188585654748,22.49125,31.65721117258072,11.9,4.1,0.3500948795738386,0.8099146439214753,1.7779480652208763,2.196135143594971,4.203576737617948,2.6613897488141007,4.706859079760576,469.5488515203927,270.1708823827496,0.2545131298188038,0.0573134221889623,0.0351484659323232,0.0056440501296661,0.9361225064656824,0.0367741986460381,0.02862548828125,0.0362548828125,0.01727294921875,0.01177978515625,0.009765625,0.01031494140625,0.006591796875,0.00799560546875,0.00738525390625,0.01531982421875,0.01947021484375,0.0234375,0.024658203125,0.022705078125,0.01458740234375,0.00885009765625,0.00634765625,0.005859375,0.00469970703125,0.00494384765625,0.00433349609375,0.0079345703125,0.01593017578125,0.0247802734375,0.03076171875,0.62939453125,117.8435542607429,29.862574231541227,129.35265841223597,1.2529478123751088,135.14071376547705,3.061165026366998,/sessions/cool-youthful-allen/mnt/Research/color-histogram-analysis/dataset/segmented/op/005_particle0013.png,op,test
1.7333333333333334,0.6908297972654408,0.3005641025641025,0.3171113778584148,7.32625,17.038834589719773,6.5,3.75,0.3127688061902943,0.7386404295365951,1.612013479586641,2.552720366420447,-4.738480135441836,-2.9894656221971885,4.845868251658704,277.2767634149693,196.5757811904041,0.4732008251917592,0.0663640001129589,0.1394613365227068,0.0143683368639564,0.960737740806678,0.0277382998251641,0.01617431640625,0.017578125,0.00836181640625,0.00933837890625,0.00958251953125,0.0086669921875,0.006591796875,0.00927734375,0.00982666015625,0.01873779296875,0.0279541015625,0.046630859375,0.07275390625,0.061767578125,0.03509521484375,0.02032470703125,0.0126953125,0.01312255859375,0.0054931640625,0.00592041015625,0.004150390625,0.01214599609375,0.011962890625,0.02362060546875,0.0401611328125,0.4920654296875,119.39866220735786,18.49141650266336,128.98617614269787,1.1478391235176,129.26020066889632,1.9214998913977832,/sessions/cool-youthful-allen/mnt/Research/color-histogram-analysis/dataset/segmented/bop1/003_particle0017.png,bop1,test
1.196078431372549,0.5510943615016669,0.3394764098717811,0.279955140046695,23.7625,32.65929263234138,9.15,7.65,0.5207509886021641,1.9290079157913371,1.657625778371948,2.633147433106865,-4.902563611207501,-3.6370739123674816,-4.959219556942713,307.8478295199342,197.8521955939729,0.4021444624744162,0.068348416889668,0.0767688662508579,0.0104689650142572,0.9538632985628264,0.029567255579333,0.01171875,0.01947021484375,0.0130615234375,0.0128173828125,0.01336669921875,0.01507568359375,0.01409912109375,0.0174560546875,0.01873779296875,0.02618408203125,0.03302001953125,0.05596923828125,0.07550048828125,0.0596923828125,0.03369140625,0.02044677734375,0.01275634765625,0.00897216796875,0.005615234375,0.006103515625,0.00518798828125,0.007568359375,0.01287841796875,0.0211181640625,0.0234375,0.4560546875,126.6147792706334,30.91364314403728,131.3986564299424,1.1891214030258976,131.9775431861804,3.771505769356386,/sessions/cool-youthful-allen/mnt/Research/color-histogram-analysis/dataset/segmented/op/001_particle0015.png,op,test
1.1230283911671923,0.5246364633662441,0.2987585510225782,0.2337946651222071,84.28875,67.30889179706574,17.8,15.85,0.3770039432617758,1.0554393633992103,1.5787913693451678,2.401278780904391,-4.395390430425453,-2.932330087779916,-5.256578426030903,516.0872894501456,260.97652866800576,0.4904031410902463,0.0450299412132705,0.1763238631235617,0.0113073711260122,0.93614467886761,0.0321055694910626,0.01751708984375,0.018310546875,0.00958251953125,0.00909423828125,0.0108642578125,0.0091552734375,0.00933837890625,0.01055908203125,0.00921630859375,0.0133056640625,0.02581787109375,0.048828125,0.05291748046875,0.05206298828125,0.02386474609375,0.01763916015625,0.00927734375,0.012939453125,0.0057373046875,0.0078125,0.004150390625,0.0086669921875,0.01324462890625,0.04168701171875,0.07281494140625,0.485595703125,117.97356557377049,24.31225990213536,130.3237704918033,1.4587527391176909,131.32110655737705,2.1654811501364644,/sessions/cool-youthful-allen/mnt/Research/color-histogram-analysis/dataset/segmented/opa/2_particle0017.png,opa,test
2.7045454545454546,0.918042914212759,0.5321571810542399,0.4292677988646776,27.86375,28.56015490889549,11.9,4.4,0.4838868111529884,1.1089440843934215,2.57272229832469,3.041173524840052,5.857183684293214,3.6349278489427976,-6.542395991796743,253.0361469129087,170.48475725113835,0.3145855218510437,0.0690477001512433,0.0454322072410537,0.0079500253776193,0.9706615880469732,0.019786431238589,0.0186767578125,0.03546142578125,0.0177001953125,0.0133056640625,0.007080078125,0.00714111328125,0.006591796875,0.010009765625,0.009521484375,0.01800537109375,0.0289306640625,0.05096435546875,0.07855224609375,0.0594482421875,0.0364990234375,0.025634765625,0.01556396484375,0.01141357421875,0.00787353515625,0.00787353515625,0.00677490234375,0.0086669921875,0.0107421875,0.01519775390625,0.020263671875,0.47210693359375,109.37461498973306,23.33067767766284,131.33290554414785,1.8674795456714084,131.4263347022587,2.72747721263978,/sessions/cool-youthful-allen/mnt/Research/color-histogram-analysis/dataset/segmented/op/009_particle0016.png,op,test
1.064039408866995,0.8015999179529255,0.1782521437693851,0.2388073614085208,19.54,32.06589429974556,10.8,10.15,0.1890630647955322,0.4109626821608534,2.037474762735532,2.356308496011984,4.565616069944018,2.674158327014532,5.180765794257347,361.5115082823801,289.33859166674586,0.5838769076251935,0.0558453637297393,0.2091503237663023,0.0160502402173436,0.9386830891416846,0.0488618033859654,0.01617431640625,0.017822265625,0.0057373046875,0.0101318359375,0.008056640625,0.0078125,0.0059814453125,0.0078125,0.00567626953125,0.009521484375,0.02001953125,0.03924560546875,0.07366943359375,0.0625,0.0272216796875,0.02069091796875,0.01141357421875,0.0179443359375,0.00604248046875,0.0078125,0.003662109375,0.0081787109375,0.00994873046875,0.02777099609375,0.0518798828125,0.51727294921875,113.45118549511857,22.58350509156676,131.744769874477,1.8791199782475143,131.67887029288704,2.399677420481165,/sessions/cool-youthful-allen/mnt/Research/color-histogram-analysis/dataset/segmented/bop1/006_particle0013.png,bop1,test
0.7894736842105263,0.6422998209260681,0.1761929824561403,0.2026653707717015,12.55375,27.89985178112984,9.5,7.5,0.0905820707555678,0.2178519215151703,1.2576736071074022,1.3652418214518869,2.6767017983971946,1.474189508854442,-5.1677676317359325,317.86214681538587,247.73126776485464,0.5975432770689958,0.0537522770813634,0.2743103423997935,0.0196605312171657,0.9418226910706446,0.0451373941103708,0.010009765625,0.010498046875,0.0062255859375,0.0078125,0.004638671875,0.005615234375,0.00567626953125,0.005126953125,0.005615234375,0.009521484375,0.0146484375,0.0445556640625,0.070556640625,0.0836181640625,0.02606201171875,0.020263671875,0.01202392578125,0.02032470703125,0.00555419921875,0.0113525390625,0.00872802734375,0.01416015625,0.0162353515625,0.032470703125,0.0545654296875,0.494140625,120.08446186742694,23.17517491183996,130.5976478973628,2.0649421092400355,130.85495367070564,2.054666831633633,/sessions/cool-youthful-allen/mnt/Research/color-histogram-analysis/dataset/segmented/bop1/006_particle0023.png,bop1,test
1.3829787234042554,1.0,0.9908551554828152,0.764929703951992,121.0825,44.6,13.0,9.4,0.7555096076132863,2.5153105230439303,29.99902882880004,29.995447221252583,30.0,29.999875547469856,30.0,426.01706160101776,235.75011840092628,0.2299583023106483,0.0500997258738101,0.0361005963755084,0.0047705807092397,0.9566953994117208,0.0240159412665145,0.0263671875,0.03521728515625,0.01678466796875,0.011962890625,0.01043701171875,0.0108642578125,0.00921630859375,0.00860595703125,0.00830078125,0.0140380859375,0.0208740234375,0.0379638671875,0.0482177734375,0.042724609375,0.0223388671875,0.01416015625,0.00860595703125,0.007080078125,0.00433349609375,0.00396728515625,0.00372314453125,0.0054931640625,0.00799560546875,0.02392578125,0.0228271484375,0.573974609375,226.57754873960016,15.466674921650592,129.12007947348815,0.7139561679838488,130.44554824289085,1.1603883158879522,/sessions/cool-youthful-allen/mnt/Research/color-histogram-analysis/dataset/segmented/opa/10_particle0000.png,opa,test
3.764705882352941,0.6883636363636364,0.3866421568627451,0.2405402367255359,9.465,22.23675310611725,9.6,2.55,0.1714372520096158,0.3920879184318037,1.3201528837348644,1.5979213145445352,3.0637011801483243,1.8679633621385268,3.814279171837029,173.0016288056081,101.17939544815538,0.2997706357936893,0.0943804171136997,0.0502226429365025,0.0103073382057834,0.973067797776442,0.0157097938628156,0.02166748046875,0.023193359375,0.01495361328125,0.0135498046875,0.009765625,0.0108642578125,0.0103759765625,0.01141357421875,0.01544189453125,0.02581787109375,0.03594970703125,0.06280517578125,0.06976318359375,0.06829833984375,0.03857421875,0.0257568359375,0.01416015625,0.010498046875,0.00628662109375,0.0054931640625,0.00390625,0.0064697265625,0.0081787109375,0.0128173828125,0.01361083984375,0.46038818359375,110.49642791720096,26.1214864345951,128.39714233376077,0.9811369320859152,131.7591133907309,1.701816003025508,/sessions/cool-youthful-allen/mnt/Research/color-histogram-analysis/dataset/segmented/bop1/007_particle0044.png,bop1,test
0.75,0.6684912545614697,0.4323323567708333,0.2927372173472587,13.28125,23.877312189340596,6.4,4.8,0.6502915543219091,2.900309451867028,2.653368883498391,3.258920717887665,-6.41637707137835,4.718912211269575,6.324442771939934,367.4181117799424,224.1321803346799,0.2809647221580117,0.0631824952283875,0.0508872826282639,0.0076729398775801,0.9559019854921283,0.0268714013678673,0.02294921875,0.0263671875,0.0137939453125,0.01177978515625,0.00897216796875,0.01055908203125,0.01177978515625,0.01544189453125,0.01971435546875,0.02801513671875,0.03924560546875,0.04656982421875,0.0526123046875,0.045166015625,0.0250244140625,0.0166015625,0.0098876953125,0.010009765625,0.0081787109375,0.00640869140625,0.00531005859375,0.0064697265625,0.01226806640625,0.02044677734375,0.0206298828125,0.50579833984375,110.04228230116316,27.425059004019243,129.33983024206225,1.4993075535049774,134.6175730902232,2.9916197352155143,/sessions/cool-youthful-allen/mnt/Research/color-histogram-analysis/dataset/segmented/op/005_particle0014.png,op,test
1.0,0.6994598765432098,0.28978634983217,0.3262196747654056,13.5975,22.886500465869904,6.85,6.85,0.3115834522350511,0.7087246614803603,1.775373218084808,2.054218589130732,3.978085757278152,2.474228670507072,4.663077577399249,311.65744275363704,206.2528796970247,0.3861628026324154,0.0708180071287418,0.0794803578147033,0.011707940573615,0.9611579978215194,0.0256117682654281,0.01513671875,0.019775390625,0.00958251953125,0.0101318359375,0.01116943359375,0.009521484375,0.010009765625,0.01422119140625,0.01556396484375,0.0225830078125,0.03704833984375,0.056396484375,0.07843017578125,0.0587158203125,0.0352783203125,0.02093505859375,0.00927734375,0.00897216796875,0.00494384765625,0.00543212890625,0.00396728515625,0.0064697265625,0.00885009765625,0.01654052734375,0.015869140625,0.49517822265625,96.63617747440271,25.94388469521971,128.90352673492606,1.0764936270822625,131.02275312855517,2.234272535461541,/sessions/cool-youthful-allen/mnt/Research/color-histogram-analysis/dataset/segmented/bop1/007_particle0041.png,bop1,test
0.9844559585492229,0.4981225593271252,0.0904417780201799,0.122970187446073,8.29125,29.108177840709686,9.65,9.5,-0.2914772172486511,-0.5730202394147853,0.2217460062840303,0.2244666699625684,0.4475731120750361,-0.0612025061429499,3.607456165729675,290.79980064558055,233.33437256142716,0.5729948241880316,0.0612504606964529,0.2242732873328813,0.0179646320024347,0.9019734663996763,0.0782540811918075,0.02069091796875,0.0228271484375,0.0064697265625,0.00750732421875,0.0054931640625,0.0067138671875,0.00396728515625,0.0029296875,0.00299072265625,0.00726318359375,0.01678466796875,0.043701171875,0.08807373046875,0.05816650390625,0.02093505859375,0.0142822265625,0.005859375,0.00946044921875,0.00286865234375,0.00439453125,0.001953125,0.00653076171875,0.009765625,0.03314208984375,0.04449462890625,0.552734375,122.71691902567478,27.244078484979948,131.2034233048058,1.3659409696605156,131.4990125082291,1.8664687006859024,/sessions/cool-youthful-allen/mnt/Research/color-histogram-analysis/dataset/segmented/bop1/003_particle0034.png,bop1,test
1.8115942028985508,0.3500052833644465,0.1440144927536231,0.1300822528540807,12.42125,34.64005385637283,12.5,6.9,-0.1063760880442883,-0.117935007748771,-0.0206127469486119,0.3327439283101007,0.5117308370460582,0.3630529726301066,-0.9884267391482446,383.64677213069103,233.5259162567976,0.442989733409467,0.0659211528929811,0.1131169996616044,0.0150206586757897,0.9141372577242164,0.0519187546282326,0.030029296875,0.02880859375,0.01190185546875,0.00787353515625,0.00579833984375,0.0048828125,0.004150390625,0.00592041015625,0.00738525390625,0.01336669921875,0.0177001953125,0.0296630859375,0.0364990234375,0.03424072265625,0.014892578125,0.0115966796875,0.00537109375,0.0087890625,0.002685546875,0.0059814453125,0.00286865234375,0.0074462890625,0.0115966796875,0.0255126953125,0.02923583984375,0.63580322265625,112.0946519524618,25.48435630382136,129.35526315789474,1.1189153007589718,134.59762308998302,1.7550009419245782,/sessions/cool-youthful-allen/mnt/Research/color-histogram-analysis/dataset/segmented/bop1/007_particle0002.png,bop1,test
1.6259541984732824,0.7218423351507667,0.429398272587177,0.3526981522589844,29.95375,32.6684809088707,10.65,6.55,0.501863669400073,1.2315043491153037,1.9890657803351552,2.3961222856162165,4.590882906352369,3.048659066669712,5.590287726881036,413.941978474653,247.6719138112161,0.3038502144537172,0.0562993681393777,0.0499283079526675,0.0068721958036062,0.9461948563725032,0.0321434322432012,0.0185546875,0.03369140625,0.01654052734375,0.01116943359375,0.00653076171875,0.00799560546875,0.00897216796875,0.01214599609375,0.0152587890625,0.02154541015625,0.026123046875,0.0390625,0.04083251953125,0.03564453125,0.02435302734375,0.0157470703125,0.00872802734375,0.0074462890625,0.00457763671875,0.00433349609375,0.0050048828125,0.00750732421875,0.00787353515625,0.016357421875,0.0264892578125,0.5775146484375,119.1396665136913,25.197465472731636,129.25271531283462,1.1435524241299762,134.02875936974146,2.998204379214221,/sessions/cool-youthful-allen/mnt/Research/color-histogram-analysis/dataset/segmented/op/005_particle0007.png,op,test
0.6217948717948718,0.7479947113265756,0.2803991541104943,0.3124403026970505,10.6075,20.65512974262237,7.8,4.85,0.297881053866137,0.6753523574275753,1.6084141516504564,1.8024320091408068,3.510436100099882,2.1939599525713835,4.47162658338901,296.3817264258071,207.2663892113632,0.4056886098797256,0.0677742228845344,0.102993504718555,0.012721715049135,0.960967634838252,0.0272090366132189,0.02191162109375,0.02130126953125,0.01129150390625,0.00830078125,0.0079345703125,0.0064697265625,0.0079345703125,0.0087890625,0.01177978515625,0.01470947265625,0.02886962890625,0.06927490234375,0.09283447265625,0.07025146484375,0.03448486328125,0.01910400390625,0.01043701171875,0.0086669921875,0.00421142578125,0.00518798828125,0.00360107421875,0.00836181640625,0.01007080078125,0.0225830078125,0.0281982421875,0.46343994140625,107.63921661160924,22.16502183762888,130.92236904200095,1.3397980638924596,131.2930627654554,1.9233799128417823,/sessions/cool-youthful-allen/mnt/Research/color-histogram-analysis/dataset/segmented/bop1/004_particle0009.png,bop1,test
0.2637075718015665,1.0,0.9875138949926324,0.5165580799535566,95.5,48.2,19.15,5.05,0.4683316415231585,1.055896924802246,29.99703832490572,29.999669925833444,-30.0,-29.9999136172022,30.0,420.7299064463457,241.4450730499158,0.2915349172937729,0.0533967115948544,0.0804302494480135,0.0103062050353915,0.9556058837352912,0.0254872941959724,0.02593994140625,0.03369140625,0.0150146484375,0.015380859375,0.00897216796875,0.007568359375,0.00518798828125,0.0068359375,0.01019287109375,0.014404296875,0.02252197265625,0.0355224609375,0.04620361328125,0.03179931640625,0.0213623046875,0.01776123046875,0.01123046875,0.00860595703125,0.0050048828125,0.00537109375,0.00482177734375,0.00848388671875,0.01007080078125,0.02264404296875,0.03582763671875,0.569580078125,240.2995531019979,13.98347717378202,129.03312302839117,1.5106375784354646,128.09542586750788,0.8489122764614,/sessions/cool-youthful-allen/mnt/Research/color-histogram-analysis/dataset/segmented/opa/3_particle0002.png,opa,test
