filepath,label,split
/sessions/cool-youthful-allen/mnt/Research/color-histogram-analysis/dataset/segmented/bop/004_particle0007.png,bop,train
/sessions/cool-youthful-allen/mnt/Research/color-histogram-analysis/dataset/segmented/op/003_particle0001.png,op,train
/sessions/cool-youthful-allen/mnt/Research/color-histogram-analysis/dataset/segmented/opa/9_particle0004.png,opa,train
/sessions/cool-youthful-allen/mnt/Research/color-histogram-analysis/dataset/segmented/bop/004_particle0029.png,bop,train
/sessions/cool-youthful-allen/mnt/Research/color-histogram-analysis/dataset/segmented/opa/6_particle0011.png,opa,train
/sessions/cool-youthful-allen/mnt/Research/color-histogram-analysis/dataset/segmented/opa/6_particle0006.png,opa,train
/sessions/cool-youthful-allen/mnt/Research/color-histogram-analysis/dataset/segmented/bop/001_particle0051.png,bop,train
/sessions/cool-youthful-allen/mnt/Research/color-histogram-analysis/dataset/segmented/bop/001_particle0041.png,bop,train
/sessions/cool-youthful-allen/mnt/Research/color-histogram-analysis/dataset/segmented/op/006_particle0018.png,op,train
/sessions/cool-youthful-allen/mnt/Research/color-histogram-analysis/dataset/segmented/op/001_particle0026.png,op,train
/sessions/cool-youthful-allen/mnt/Research/color-histogram-analysis/dataset/segmented/op/004_particle0026.png,op,train
/sessions/cool-youthful-allen/mnt/Research/color-histogram-analysis/dataset/segmented/op/005_particle0022.png,op,train
/sessions/cool-youthful-allen/mnt/Research/color-histogram-analysis/dataset/segmented/op/001_particle0031.png,op,train
/sessions/cool-youthful-allen/mnt/Research/color-histogram-analysis/dataset/segmented/op/001_particle0027.png,op,train
/sessions/cool-youthful-allen/mnt/Research/color-histogram-analysis/dataset/segmented/bop/002_particle0021.png,bop,train
/sessions/cool-youthful-allen/mnt/Research/color-histogram-analysis/dataset/segmented/opa/5_particle0009.png,opa,train
/sessions/cool-youthful-allen/mnt/Research/color-histogram-analysis/dataset/segmented/op/002_particle0022.png,op,train
/sessions/cool-youthful-allen/mnt/Research/color-histogram-analysis/dataset/segmented/bop/003_particle0009.png,bop,train
/sessions/cool-youthful-allen/mnt/Research/color-histogram-analysis/dataset/segmented/opa/3_particle0001.png,opa,train
/sessions/cool-youthful-allen/mnt/Research/color-histogram-analysis/dataset/segmented/bop/006_particle0008.png,bop,train
/sessions/cool-youthful-allen/mnt/Research/color-histogram-analysis/dataset/segmented/op/007_particle0000.png,op,train
/sessions/cool-youthful-allen/mnt/Research/color-histogram-analysis/dataset/segmented/bop/004_particle0031.png,bop,train
/sessions/cool-youthful-allen/mnt/Research/color-histogram-analysis/dataset/segmented/op/003_particle0017.png,op,train
/sessions/cool-youthful-allen/mnt/Research/color-histogram-analysis/dataset/segmented/opa/4_particle0010.png,opa,train
/sessions/cool-youthful-allen/mnt/Research/color-histogram-analysis/dataset/segmented/bop/002_particle0042.png,bop,train
/sessions/cool-youthful-allen/mnt/Research/color-histogram-analysis/dataset/segmented/bop/003_particle0039.png,bop,train
/sessions/cool-youthful-allen/mnt/Research/color-histogram-analysis/dataset/segmented/opa/8_particle0013.png,opa,train
/sessions/cool-youthful-allen/mnt/Research/color-histogram-analysis/dataset/segmented/bop/001_particle0018.png,bop,train
/sessions/cool-youthful-allen/mnt/Research/color-histogram-analysis/dataset/segmented/bop/001_particle0017.png,bop,train
/sessions/cool-youthful-allen/mnt/Research/color-histogram-analysis/dataset/segmented/op/008_particle0014.png,op,train
/sessions/cool-youthful-allen/mnt/Research/color-histogram-analysis/dataset/segmented/opa/5_particle0018.png,opa,train
/sessions/cool-youthful-allen/mnt/Research/color-histogram-analysis/dataset/segmented/opa/2_particle0016.png,opa,train
/sessions/cool-youthful-allen/mnt/Research/color-histogram-analysis/dataset/segmented/opa/7_particle0003.png,opa,train
/sessions/cool-youthful-allen/mnt/Research/color-histogram-analysis/dataset/segmented/bop/002_particle0014.png,bop,train
/sessions/cool-youthful-allen/mnt/Research/color-histogram-analysis/dataset/segmented/bop/004_particle0021.png,bop,train
/sessions/cool-youthful-allen/mnt/Research/color-histogram-analysis/dataset/segmented/bop/004_particle0034.png,bop,train
/sessions/cool-youthful-allen/mnt/Research/color-histogram-analysis/dataset/segmented/op/008_particle0024.png,op,train
/sessions/cool-youthful-allen/mnt/Research/color-histogram-analysis/dataset/segmented/bop/001_particle0055.png,bop,train
/sessions/cool-youthful-allen/mnt/Research/color-histogram-analysis/dataset/segmented/bop/005_particle0024.png,bop,train
/sessions/cool-youthful-allen/mnt/Research/color-histogram-analysis/dataset/segmented/op/003_particle0016.png,op,train
/sessions/cool-youthful-allen/mnt/Research/color-histogram-analysis/dataset/segmented/opa/9_particle0002.png,opa,train
/sessions/cool-youthful-allen/mnt/Research/color-histogram-analysis/dataset/segmented/bop/007_particle0001.png,bop,train
/sessions/cool-youthful-allen/mnt/Research/color-histogram-analysis/dataset/segmented/op/002_particle0013.png,op,train
/sessions/cool-youthful-allen/mnt/Research/color-histogram-analysis/dataset/segmented/bop/003_particle0019.png,bop,train
/sessions/cool-youthful-allen/mnt/Research/color-histogram-analysis/dataset/segmented/bop/003_particle0041.png,bop,train
/sessions/cool-youthful-allen/mnt/Research/color-histogram-analysis/dataset/segmented/bop/003_particle0035.png,bop,train
/sessions/cool-youthful-allen/mnt/Research/color-histogram-analysis/dataset/segmented/bop/001_particle0036.png,bop,train
/sessions/cool-youthful-allen/mnt/Research/color-histogram-analysis/dataset/segmented/bop/006_particle0003.png,bop,train
/sessions/cool-youthful-allen/mnt/Research/color-histogram-analysis/dataset/segmented/opa/5_particle0005.png,opa,train
/sessions/cool-youthful-allen/mnt/Research/color-histogram-analysis/dataset/segmented/op/003_particle0009.png,op,train
/sessions/cool-youthful-allen/mnt/Research/color-histogram-analysis/dataset/segmented/op/007_particle0019.png,op,train
/sessions/cool-youthful-allen/mnt/Research/color-histogram-analysis/dataset/segmented/bop/001_particle0023.png,bop,train
/sessions/cool-youthful-allen/mnt/Research/color-histogram-analysis/dataset/segmented/bop/005_particle0029.png,bop,train
/sessions/cool-youthful-allen/mnt/Research/color-histogram-analysis/dataset/segmented/bop/007_particle0034.png,bop,train
/sessions/cool-youthful-allen/mnt/Research/color-histogram-analysis/dataset/segmented/opa/10_particle0017.png,opa,train
/sessions/cool-youthful-allen/mnt/Research/color-histogram-analysis/dataset/segmented/opa/3_particle0017.png,opa,train
/sessions/cool-youthful-allen/mnt/Research/color-histogram-analysis/dataset/segmented/opa/2_particle0003.png,opa,train
/sessions/cool-youthful-allen/mnt/Research/color-histogram-analysis/dataset/segmented/opa/3_particle0008.png,opa,train
/sessions/cool-youthful-allen/mnt/Research/color-histogram-analysis/dataset/segmented/bop/002_particle0026.png,bop,train
/sessions/cool-youthful-allen/mnt/Research/color-histogram-analysis/dataset/segmented/bop/007_particle0024.png,bop,train
/sessions/cool-youthful-allen/mnt/Research/color-histogram-analysis/dataset/segmented/bop/005_particle0010.png,bop,train
/sessions/cool-youthful-allen/mnt/Research/color-histogram-analysis/dataset/segmented/bop/001_particle0045.png,bop,train
/sessions/cool-youthful-allen/mnt/Research/color-histogram-analysis/dataset/segmented/op/007_particle0005.png,op,train
/sessions/cool-youthful-allen/mnt/Research/color-histogram-analysis/dataset/segmented/bop/002_particle0044.png,bop,train
/sessions/cool-youthful-allen/mnt/Research/color-histogram-analysis/dataset/segmented/op/003_particle0003.png,op,train
/sessions/cool-youthful-allen/mnt/Research/color-histogram-analysis/dataset/segmented/op/007_particle0001.png,op,train
/sessions/cool-youthful-allen/mnt/Research/color-histogram-analysis/dataset/segmented/op/003_particle0023.png,op,train
/sessions/cool-youthful-allen/mnt/Research/color-histogram-analysis/dataset/segmented/bop/003_particle0029.png,bop,train
/sessions/cool-youthful-allen/mnt/Research/color-histogram-analysis/dataset/segmented/op/005_particle0024.png,op,train
/sessions/cool-youthful-allen/mnt/Research/color-histogram-analysis/dataset/segmented/op/008_particle0023.png,op,train
/sessions/cool-youthful-allen/mnt/Research/color-histogram-analysis/dataset/segmented/bop/003_particle0028.png,bop,train
/sessions/cool-youthful-allen/mnt/Research/color-histogram-analysis/dataset/segmented/op/008_particle0017.png,op,train
/sessions/cool-youthful-allen/mnt/Research/color-histogram-analysis/dataset/segmented/op/009_particle0023.png,op,train
/sessions/cool-youthful-allen/mnt/Research/color-histogram-analysis/dataset/segmented/opa/8_particle0009.png,opa,train
/sessions/cool-youthful-allen/mnt/Research/color-histogram-analysis/dataset/segmented/bop/003_particle0011.png,bop,train
/sessions/cool-youthful-allen/mnt/Research/color-histogram-analysis/dataset/segmented/bop/007_particle0012.png,bop,train
/sessions/cool-youthful-allen/mnt/Research/color-histogram-analysis/dataset/segmented/bop/006_particle0011.png,bop,train
/sessions/cool-youthful-allen/mnt/Research/color-histogram-analysis/dataset/segmented/op/001_particle0007.png,op,train
/sessions/cool-youthful-allen/mnt/Research/color-histogram-analysis/dataset/segmented/bop/005_particle0043.png,bop,train
/sessions/cool-youthful-allen/mnt/Research/color-histogram-analysis/dataset/segmented/opa/5_particle0002.png,opa,train
/sessions/cool-youthful-allen/mnt/Research/color-histogram-analysis/dataset/segmented/bop/001_particle0024.png,bop,train
/sessions/cool-youthful-allen/mnt/Research/color-histogram-analysis/dataset/segmented/op/003_particle0028.png,op,train
/sessions/cool-youthful-allen/mnt/Research/color-histogram-analysis/dataset/segmented/op/003_particle0000.png,op,train
/sessions/cool-youthful-allen/mnt/Research/color-histogram-analysis/dataset/segmented/opa/2_particle0006.png,opa,train
/sessions/cool-youthful-allen/mnt/Research/color-histogram-analysis/dataset/segmented/bop/003_particle0005.png,bop,train
/sessions/cool-youthful-allen/mnt/Research/color-histogram-analysis/dataset/segmented/op/002_particle0025.png,op,train
/sessions/cool-youthful-allen/mnt/Research/color-histogram-analysis/dataset/segmented/bop/007_particle0026.png,bop,train
/sessions/cool-youthful-allen/mnt/Research/color-histogram-analysis/dataset/segmented/op/007_particle0028.png,op,train
/sessions/cool-youthful-allen/mnt/Research/color-histogram-analysis/dataset/segmented/bop/006_particle0018.png,bop,train
/sessions/cool-youthful-allen/mnt/Research/color-histogram-analysis/dataset/segmented/opa/7_particle0000.png,opa,train
/sessions/cool-youthful-allen/mnt/Research/color-histogram-analysis/dataset/segmented/op/006_particle0007.png,op,train
/sessions/cool-youthful-allen/mnt/Research/color-histogram-analysis/dataset/segmented/opa/1_particle0017.png,opa,train
/sessions/cool-youthful-allen/mnt/Research/color-histogram-analysis/dataset/segmented/op/008_particle0028.png,op,train
/sessions/cool-youthful-allen/mnt/Research/color-histogram-analysis/dataset/segmented/bop/007_particle0014.png,bop,train
/sessions/cool-youthful-allen/mnt/Research/color-histogram-analysis/dataset/segmented/opa/5_particle0012.png,opa,train
/sessions/cool-youthful-allen/mnt/Research/color-histogram-analysis/dataset/segmented/bop/006_particle0037.png,bop,train
/sessions/cool-youthful-allen/mnt/Research/color-histogram-analysis/dataset/segmented/bop/004_particle0006.png,bop,train
/sessions/cool-youthful-allen/mnt/Research/color-histogram-analysis/dataset/segmented/op/007_particle0007.png,op,train
/sessions/cool-youthful-allen/mnt/Research/color-histogram-analysis/dataset/segmented/op/005_particle0011.png,op,train
/sessions/cool-youthful-allen/mnt/Research/color-histogram-analysis/dataset/segmented/opa/6_particle0005.png,opa,train
/sessions/cool-youthful-allen/mnt/Research/color-histogram-analysis/dataset/segmented/op/010_particle0025.png,op,train
/sessions/cool-youthful-allen/mnt/Research/color-histogram-analysis/dataset/segmented/opa/1_particle0004.png,opa,train
/sessions/cool-youthful-allen/mnt/Research/color-histogram-analysis/dataset/segmented/opa/6_particle0017.png,opa,train
/sessions/cool-youthful-allen/mnt/Research/color-histogram-analysis/dataset/segmented/bop/006_particle0035.png,bop,train
/sessions/cool-youthful-allen/mnt/Research/color-histogram-analysis/dataset/segmented/opa/3_particle0006.png,opa,train
/sessions/cool-youthful-allen/mnt/Research/color-histogram-analysis/dataset/segmented/op/004_particle0012.png,op,train
/sessions/cool-youthful-allen/mnt/Research/color-histogram-analysis/dataset/segmented/bop/004_particle0027.png,bop,train
/sessions/cool-youthful-allen/mnt/Research/color-histogram-analysis/dataset/segmented/op/002_particle0009.png,op,train
/sessions/cool-youthful-allen/mnt/Research/color-histogram-analysis/dataset/segmented/bop/002_particle0017.png,bop,train
/sessions/cool-youthful-allen/mnt/Research/color-histogram-analysis/dataset/segmented/opa/4_particle0008.png,opa,train
/sessions/cool-youthful-allen/mnt/Research/color-histogram-analysis/dataset/segmented/opa/3_particle0004.png,opa,train
/sessions/cool-youthful-allen/mnt/Research/color-histogram-analysis/dataset/segmented/bop/001_particle0012.png,bop,train
/sessions/cool-youthful-allen/mnt/Research/color-histogram-analysis/dataset/segmented/opa/10_particle0012.png,opa,train
/sessions/cool-youthful-allen/mnt/Research/color-histogram-analysis/dataset/segmented/op/008_particle0009.png,op,train
/sessions/cool-youthful-allen/mnt/Research/color-histogram-analysis/dataset/segmented/bop/004_particle0043.png,bop,train
/sessions/cool-youthful-allen/mnt/Research/color-histogram-analysis/dataset/segmented/bop/007_particle0009.png,bop,train
/sessions/cool-youthful-allen/mnt/Research/color-histogram-analysis/dataset/segmented/opa/9_particle0010.png,opa,train
/sessions/cool-youthful-allen/mnt/Research/color-histogram-analysis/dataset/segmented/op/001_particle0041.png,op,train
/sessions/cool-youthful-allen/mnt/Research/color-histogram-analysis/dataset/segmented/opa/10_particle0011.png,opa,train
/sessions/cool-youthful-allen/mnt/Research/color-histogram-analysis/dataset/segmented/op/002_particle0001.png,op,train
/sessions/cool-youthful-allen/mnt/Research/color-histogram-analysis/dataset/segmented/bop/005_particle0044.png,bop,train
/sessions/cool-youthful-allen/mnt/Research/color-histogram-analysis/dataset/segmented/opa/2_particle0008.png,opa,train
/sessions/cool-youthful-allen/mnt/Research/color-histogram-analysis/dataset/segmented/bop/005_particle0015.png,bop,train
/sessions/cool-youthful-allen/mnt/Research/color-histogram-analysis/dataset/segmented/bop/005_particle0042.png,bop,train
/sessions/cool-youthful-allen/mnt/Research/color-histogram-analysis/dataset/segmented/op/001_particle0044.png,op,train
/sessions/cool-youthful-allen/mnt/Research/color-histogram-analysis/dataset/segmented/bop/005_particle0050.png,bop,train
/sessions/cool-youthful-allen/mnt/Research/color-histogram-analysis/dataset/segmented/op/004_particle0006.png,op,train
/sessions/cool-youthful-allen/mnt/Research/color-histogram-analysis/dataset/segmented/op/001_particle0013.png,op,train
/sessions/cool-youthful-allen/mnt/Research/color-histogram-analysis/dataset/segmented/op/004_particle0023.png,op,train
/sessions/cool-youthful-allen/mnt/Research/color-histogram-analysis/dataset/segmented/bop/004_particle0026.png,bop,train
/sessions/cool-youthful-allen/mnt/Research/color-histogram-analysis/dataset/segmented/op/005_particle0000.png,op,train
/sessions/cool-youthful-allen/mnt/Research/color-histogram-analysis/dataset/segmented/bop/002_particle0007.png,bop,train
/sessions/cool-youthful-allen/mnt/Research/color-histogram-analysis/dataset/segmented/bop/005_particle0036.png,bop,train
/sessions/cool-youthful-allen/mnt/Research/color-histogram-analysis/dataset/segmented/op/003_particle0025.png,op,train
/sessions/cool-youthful-allen/mnt/Research/color-histogram-analysis/dataset/segmented/op/001_particle0034.png,op,train
/sessions/cool-youthful-allen/mnt/Research/color-histogram-analysis/dataset/segmented/op/009_particle0014.png,op,train
/sessions/cool-youthful-allen/mnt/Research/color-histogram-analysis/dataset/segmented/bop/003_particle0013.png,bop,train
/sessions/cool-youthful-allen/mnt/Research/color-histogram-analysis/dataset/segmented/op/006_particle0004.png,op,train
/sessions/cool-youthful-allen/mnt/Research/color-histogram-analysis/dataset/segmented/op/008_particle0027.png,op,train
/sessions/cool-youthful-allen/mnt/Research/color-histogram-analysis/dataset/segmented/op/007_particle0009.png,op,train
/sessions/cool-youthful-allen/mnt/Research/color-histogram-analysis/dataset/segmented/opa/8_particle0007.png,opa,train
/sessions/cool-youthful-allen/mnt/Research/color-histogram-analysis/dataset/segmented/op/008_particle0010.png,op,train
/sessions/cool-youthful-allen/mnt/Research/color-histogram-analysis/dataset/segmented/bop/006_particle0038.png,bop,train
/sessions/cool-youthful-allen/mnt/Research/color-histogram-analysis/dataset/segmented/bop/002_particle0009.png,bop,train
/sessions/cool-youthful-allen/mnt/Research/color-histogram-analysis/dataset/segmented/opa/6_particle0001.png,opa,train
/sessions/cool-youthful-allen/mnt/Research/color-histogram-analysis/dataset/segmented/opa/8_particle0011.png,opa,train
/sessions/cool-youthful-allen/mnt/Research/color-histogram-analysis/dataset/segmented/bop/003_particle0046.png,bop,train
/sessions/cool-youthful-allen/mnt/Research/color-histogram-analysis/dataset/segmented/op/008_particle0003.png,op,train
/sessions/cool-youthful-allen/mnt/Research/color-histogram-analysis/dataset/segmented/bop/006_particle0024.png,bop,train
/sessions/cool-youthful-allen/mnt/Research/color-histogram-analysis/dataset/segmented/op/005_particle0015.png,op,train
/sessions/cool-youthful-allen/mnt/Research/color-histogram-analysis/dataset/segmented/bop/004_particle0040.png,bop,train
/sessions/cool-youthful-allen/mnt/Research/color-histogram-analysis/dataset/segmented/bop/001_particle0003.png,bop,train
/sessions/cool-youthful-allen/mnt/Research/color-histogram-analysis/dataset/segmented/op/004_particle0003.png,op,train
/sessions/cool-youthful-allen/mnt/Research/color-histogram-analysis/dataset/segmented/bop/005_particle0028.png,bop,train
/sessions/cool-youthful-allen/mnt/Research/color-histogram-analysis/dataset/segmented/opa/8_particle0020.png,opa,train
/sessions/cool-youthful-allen/mnt/Research/color-histogram-analysis/dataset/segmented/opa/6_particle0002.png,opa,train
/sessions/cool-youthful-allen/mnt/Research/color-histogram-analysis/dataset/segmented/bop/002_particle0011.png,bop,train
/sessions/cool-youthful-allen/mnt/Research/color-histogram-analysis/dataset/segmented/op/010_particle0028.png,op,train
/sessions/cool-youthful-allen/mnt/Research/color-histogram-analysis/dataset/segmented/bop/001_particle0009.png,bop,train
/sessions/cool-youthful-allen/mnt/Research/color-histogram-analysis/dataset/segmented/bop/001_particle0044.png,bop,train
/sessions/cool-youthful-allen/mnt/Research/color-histogram-analysis/dataset/segmented/opa/4_particle0015.png,opa,train
/sessions/cool-youthful-allen/mnt/Research/color-histogram-analysis/dataset/segmented/bop/007_particle0008.png,bop,train
/sessions/cool-youthful-allen/mnt/Research/color-histogram-analysis/dataset/segmented/bop/001_particle0007.png,bop,train
/sessions/cool-youthful-allen/mnt/Research/color-histogram-analysis/dataset/segmented/bop/006_particle0031.png,bop,train
/sessions/cool-youthful-allen/mnt/Research/color-histogram-analysis/dataset/segmented/bop/002_particle0033.png,bop,train
/sessions/cool-youthful-allen/mnt/Research/color-histogram-analysis/dataset/segmented/op/008_particle0020.png,op,train
/sessions/cool-youthful-allen/mnt/Research/color-histogram-analysis/dataset/segmented/op/004_particle0028.png,op,train
/sessions/cool-youthful-allen/mnt/Research/color-histogram-analysis/dataset/segmented/op/003_particle0014.png,op,train
/sessions/cool-youthful-allen/mnt/Research/color-histogram-analysis/dataset/segmented/opa/1_particle0016.png,opa,train
/sessions/cool-youthful-allen/mnt/Research/color-histogram-analysis/dataset/segmented/bop/004_particle0041.png,bop,train
/sessions/cool-youthful-allen/mnt/Research/color-histogram-analysis/dataset/segmented/op/007_particle0030.png,op,train
/sessions/cool-youthful-allen/mnt/Research/color-histogram-analysis/dataset/segmented/op/002_particle0016.png,op,train
/sessions/cool-youthful-allen/mnt/Research/color-histogram-analysis/dataset/segmented/op/002_particle0017.png,op,train
/sessions/cool-youthful-allen/mnt/Research/color-histogram-analysis/dataset/segmented/opa/1_particle0018.png,opa,train
/sessions/cool-youthful-allen/mnt/Research/color-histogram-analysis/dataset/segmented/opa/10_particle0016.png,opa,train
/sessions/cool-youthful-allen/mnt/Research/color-histogram-analysis/dataset/segmented/bop/001_particle0033.png,bop,train
/sessions/cool-youthful-allen/mnt/Research/color-histogram-analysis/dataset/segmented/bop/001_particle0030.png,bop,train
/sessions/cool-youthful-allen/mnt/Research/color-histogram-analysis/dataset/segmented/op/001_particle0001.png,op,train
/sessions/cool-youthful-allen/mnt/Research/color-histogram-analysis/dataset/segmented/op/005_particle0016.png,op,train
/sessions/cool-youthful-allen/mnt/Research/color-histogram-analysis/dataset/segmented/bop/003_particle0027.png,bop,train
/sessions/cool-youthful-allen/mnt/Research/color-histogram-analysis/dataset/segmented/opa/10_particle0013.png,opa,train
/sessions/cool-youthful-allen/mnt/Research/color-histogram-analysis/dataset/segmented/bop/006_particle0021.png,bop,train
/sessions/cool-youthful-allen/mnt/Research/color-histogram-analysis/dataset/segmented/op/006_particle0024.png,op,train
/sessions/cool-youthful-allen/mnt/Research/color-histogram-analysis/dataset/segmented/op/007_particle0021.png,op,train
/sessions/cool-youthful-allen/mnt/Research/color-histogram-analysis/dataset/segmented/bop/007_particle0000.png,bop,train
/sessions/cool-youthful-allen/mnt/Research/color-histogram-analysis/dataset/segmented/opa/7_particle0009.png,opa,train
/sessions/cool-youthful-allen/mnt/Research/color-histogram-analysis/dataset/segmented/op/010_particle0008.png,op,train
/sessions/cool-youthful-allen/mnt/Research/color-histogram-analysis/dataset/segmented/bop/007_particle0019.png,bop,train
/sessions/cool-youthful-allen/mnt/Research/color-histogram-analysis/dataset/segmented/op/002_particle0023.png,op,train
/sessions/cool-youthful-allen/mnt/Research/color-histogram-analysis/dataset/segmented/opa/4_particle0009.png,opa,train
/sessions/cool-youthful-allen/mnt/Research/color-histogram-analysis/dataset/segmented/bop/003_particle0033.png,bop,train
/sessions/cool-youthful-allen/mnt/Research/color-histogram-analysis/dataset/segmented/bop/007_particle0006.png,bop,train
/sessions/cool-youthful-allen/mnt/Research/color-histogram-analysis/dataset/segmented/op/002_particle0014.png,op,train
/sessions/cool-youthful-allen/mnt/Research/color-histogram-analysis/dataset/segmented/opa/9_particle0000.png,opa,train
/sessions/cool-youthful-allen/mnt/Research/color-histogram-analysis/dataset/segmented/bop/006_particle0019.png,bop,train
/sessions/cool-youthful-allen/mnt/Research/color-histogram-analysis/dataset/segmented/op/007_particle0023.png,op,train
/sessions/cool-youthful-allen/mnt/Research/color-histogram-analysis/dataset/segmented/op/005_particle0017.png,op,train
/sessions/cool-youthful-allen/mnt/Research/color-histogram-analysis/dataset/segmented/op/002_particle0008.png,op,train
/sessions/cool-youthful-allen/mnt/Research/color-histogram-analysis/dataset/segmented/opa/10_particle0018.png,opa,train
/sessions/cool-youthful-allen/mnt/Research/color-histogram-analysis/dataset/segmented/bop/003_particle0043.png,bop,train
/sessions/cool-youthful-allen/mnt/Research/color-histogram-analysis/dataset/segmented/op/001_particle0036.png,op,train
/sessions/cool-youthful-allen/mnt/Research/color-histogram-analysis/dataset/segmented/op/001_particle0020.png,op,train
/sessions/cool-youthful-allen/mnt/Research/color-histogram-analysis/dataset/segmented/opa/10_particle0008.png,opa,train
/sessions/cool-youthful-allen/mnt/Research/color-histogram-analysis/dataset/segmented/bop/003_particle0012.png,bop,train
/sessions/cool-youthful-allen/mnt/Research/color-histogram-analysis/dataset/segmented/bop/005_particle0000.png,bop,train
/sessions/cool-youthful-allen/mnt/Research/color-histogram-analysis/dataset/segmented/bop/005_particle0027.png,bop,train
/sessions/cool-youthful-allen/mnt/Research/color-histogram-analysis/dataset/segmented/op/002_particle0019.png,op,train
/sessions/cool-youthful-allen/mnt/Research/color-histogram-analysis/dataset/segmented/bop/002_particle0037.png,bop,train
/sessions/cool-youthful-allen/mnt/Research/color-histogram-analysis/dataset/segmented/opa/6_particle0013.png,opa,train
/sessions/cool-youthful-allen/mnt/Research/color-histogram-analysis/dataset/segmented/bop/005_particle0006.png,bop,train
/sessions/cool-youthful-allen/mnt/Research/color-histogram-analysis/dataset/segmented/op/009_particle0020.png,op,train
/sessions/cool-youthful-allen/mnt/Research/color-histogram-analysis/dataset/segmented/op/007_particle0027.png,op,train
/sessions/cool-youthful-allen/mnt/Research/color-histogram-analysis/dataset/segmented/bop/004_particle0028.png,bop,train
/sessions/cool-youthful-allen/mnt/Research/color-histogram-analysis/dataset/segmented/op/005_particle0028.png,op,train
/sessions/cool-youthful-allen/mnt/Research/color-histogram-analysis/dataset/segmented/bop/005_particle0002.png,bop,train
/sessions/cool-youthful-allen/mnt/Research/color-histogram-analysis/dataset/segmented/opa/4_particle0012.png,opa,train
/sessions/cool-youthful-allen/mnt/Research/color-histogram-analysis/dataset/segmented/bop/002_particle0010.png,bop,train
/sessions/cool-youthful-allen/mnt/Research/color-histogram-analysis/dataset/segmented/opa/7_particle0015.png,opa,train
/sessions/cool-youthful-allen/mnt/Research/color-histogram-analysis/dataset/segmented/bop/001_particle0028.png,bop,train
/sessions/cool-youthful-allen/mnt/Research/color-histogram-analysis/dataset/segmented/op/001_particle0023.png,op,train
/sessions/cool-youthful-allen/mnt/Research/color-histogram-analysis/dataset/segmented/op/008_particle0022.png,op,train
/sessions/cool-youthful-allen/mnt/Research/color-histogram-analysis/dataset/segmented/opa/2_particle0002.png,opa,train
/sessions/cool-youthful-allen/mnt/Research/color-histogram-analysis/dataset/segmented/bop/003_particle0038.png,bop,train
/sessions/cool-youthful-allen/mnt/Research/color-histogram-analysis/dataset/segmented/op/004_particle0008.png,op,train
/sessions/cool-youthful-allen/mnt/Research/color-histogram-analysis/dataset/segmented/bop/002_particle0013.png,bop,train
/sessions/cool-youthful-allen/mnt/Research/color-histogram-analysis/dataset/segmented/bop/007_particle0021.png,bop,train
/sessions/cool-youthful-allen/mnt/Research/color-histogram-analysis/dataset/segmented/bop/003_particle0036.png,bop,train
/sessions/cool-youthful-allen/mnt/Research/color-histogram-analysis/dataset/segmented/bop/005_particle0041.png,bop,train
/sessions/cool-youthful-allen/mnt/Research/color-histogram-analysis/dataset/segmented/op/001_particle0024.png,op,train
/sessions/cool-youthful-allen/mnt/Research/color-histogram-analysis/dataset/segmented/bop/004_particle0032.png,bop,train
/sessions/cool-youthful-allen/mnt/Research/color-histogram-analysis/dataset/segmented/op/005_particle0019.png,op,train
/sessions/cool-youthful-allen/mnt/Research/color-histogram-analysis/dataset/segmented/op/010_particle0024.png,op,train
/sessions/cool-youthful-allen/mnt/Research/color-histogram-analysis/dataset/segmented/bop/005_particle0035.png,bop,train
/sessions/cool-youthful-allen/mnt/Research/color-histogram-analysis/dataset/segmented/bop/003_particle0044.png,bop,train
/sessions/cool-youthful-allen/mnt/Research/color-histogram-analysis/dataset/segmented/bop/007_particle0027.png,bop,train
/sessions/cool-youthful-allen/mnt/Research/color-histogram-analysis/dataset/segmented/bop/004_particle0005.png,bop,train
/sessions/cool-youthful-allen/mnt/Research/color-histogram-analysis/dataset/segmented/op/003_particle0013.png,op,train
/sessions/cool-youthful-allen/mnt/Research/color-histogram-analysis/dataset/segmented/op/006_particle0029.png,op,train
/sessions/cool-youthful-allen/mnt/Research/color-histogram-analysis/dataset/segmented/bop/007_particle0037.png,bop,train
/sessions/cool-youthful-allen/mnt/Research/color-histogram-analysis/dataset/segmented/bop/006_particle0032.png,bop,train
/sessions/cool-youthful-allen/mnt/Research/color-histogram-analysis/dataset/segmented/op/010_particle0020.png,op,train
/sessions/cool-youthful-allen/mnt/Research/color-histogram-analysis/dataset/segmented/bop/002_particle0018.png,bop,train
/sessions/cool-youthful-allen/mnt/Research/color-histogram-analysis/dataset/segmented/op/001_particle0010.png,op,train
/sessions/cool-youthful-allen/mnt/Research/color-histogram-analysis/dataset/segmented/opa/7_particle0004.png,opa,train
/sessions/cool-youthful-allen/mnt/Research/color-histogram-analysis/dataset/segmented/bop/004_particle0020.png,bop,train
/sessions/cool-youthful-allen/mnt/Research/color-histogram-analysis/dataset/segmented/opa/9_particle0009.png,opa,train
/sessions/cool-youthful-allen/mnt/Research/color-histogram-analysis/dataset/segmented/opa/6_particle0003.png,opa,train
/sessions/cool-youthful-allen/mnt/Research/color-histogram-analysis/dataset/segmented/opa/8_particle0016.png,opa,train
/sessions/cool-youthful-allen/mnt/Research/color-histogram-analysis/dataset/segmented/op/004_particle0004.png,op,train
/sessions/cool-youthful-allen/mnt/Research/color-histogram-analysis/dataset/segmented/op/001_particle0011.png,op,train
/sessions/cool-youthful-allen/mnt/Research/color-histogram-analysis/dataset/segmented/opa/8_particle0010.png,opa,train
/sessions/cool-youthful-allen/mnt/Research/color-histogram-analysis/dataset/segmented/op/004_particle0016.png,op,train
/sessions/cool-youthful-allen/mnt/Research/color-histogram-analysis/dataset/segmented/bop/002_particle0016.png,bop,train
/sessions/cool-youthful-allen/mnt/Research/color-histogram-analysis/dataset/segmented/bop/005_particle0012.png,bop,train
/sessions/cool-youthful-allen/mnt/Research/color-histogram-analysis/dataset/segmented/op/009_particle0000.png,op,train
/sessions/cool-youthful-allen/mnt/Research/color-histogram-analysis/dataset/segmented/opa/6_particle0009.png,opa,train
/sessions/cool-youthful-allen/mnt/Research/color-histogram-analysis/dataset/segmented/bop/005_particle0030.png,bop,train
/sessions/cool-youthful-allen/mnt/Research/color-histogram-analysis/dataset/segmented/bop/001_particle0015.png,bop,train
/sessions/cool-youthful-allen/mnt/Research/color-histogram-analysis/dataset/segmented/op/007_particle0025.png,op,train
/sessions/cool-youthful-allen/mnt/Research/color-histogram-analysis/dataset/segmented/op/005_particle0021.png,op,train
/sessions/cool-youthful-allen/mnt/Research/color-histogram-analysis/dataset/segmented/op/007_particle0008.png,op,train
/sessions/cool-youthful-allen/mnt/Research/color-histogram-analysis/dataset/segmented/opa/3_particle0005.png,opa,train
/sessions/cool-youthful-allen/mnt/Research/color-histogram-analysis/dataset/segmented/opa/10_particle0001.png,opa,train
/sessions/cool-youthful-allen/mnt/Research/color-histogram-analysis/dataset/segmented/op/010_particle0021.png,op,train
/sessions/cool-youthful-allen/mnt/Research/color-histogram-analysis/dataset/segmented/op/002_particle0007.png,op,train
/sessions/cool-youthful-allen/mnt/Research/color-histogram-analysis/dataset/segmented/bop/001_particle0016.png,bop,train
/sessions/cool-youthful-allen/mnt/Research/color-histogram-analysis/dataset/segmented/op/010_particle0009.png,op,train
/sessions/cool-youthful-allen/mnt/Research/color-histogram-analysis/dataset/segmented/op/007_particle0011.png,op,train
/sessions/cool-youthful-allen/mnt/Research/color-histogram-analysis/dataset/segmented/bop/005_particle0007.png,bop,train
/sessions/cool-youthful-allen/mnt/Research/color-histogram-analysis/dataset/segmented/bop/002_particle0027.png,bop,train
/sessions/cool-youthful-allen/mnt/Research/color-histogram-analysis/dataset/segmented/op/006_particle0023.png,op,train
/sessions/cool-youthful-allen/mnt/Research/color-histogram-analysis/dataset/segmented/bop/001_particle0031.png,bop,train
/sessions/cool-youthful-allen/mnt/Research/color-histogram-analysis/dataset/segmented/bop/007_particle0033.png,bop,train
/sessions/cool-youthful-allen/mnt/Research/color-histogram-analysis/dataset/segmented/op/004_particle0029.png,op,train
/sessions/cool-youthful-allen/mnt/Research/color-histogram-analysis/dataset/segmented/bop/002_particle0040.png,bop,train
/sessions/cool-youthful-allen/mnt/Research/color-histogram-analysis/dataset/segmented/op/010_particle0004.png,op,train
/sessions/cool-youthful-allen/mnt/Research/color-histogram-analysis/dataset/segmented/op/001_particle0014.png,op,train
/sessions/cool-youthful-allen/mnt/Research/color-histogram-analysis/dataset/segmented/opa/7_particle0011.png,opa,train
/sessions/cool-youthful-allen/mnt/Research/color-histogram-analysis/dataset/segmented/bop/004_particle0002.png,bop,train
/sessions/cool-youthful-allen/mnt/Research/color-histogram-analysis/dataset/segmented/bop/005_particle0022.png,bop,train
/sessions/cool-youthful-allen/mnt/Research/color-histogram-analysis/dataset/segmented/bop/004_particle0003.png,bop,train
/sessions/cool-youthful-allen/mnt/Research/color-histogram-analysis/dataset/segmented/opa/10_particle0007.png,opa,train
/sessions/cool-youthful-allen/mnt/Research/color-histogram-analysis/dataset/segmented/opa/9_particle0013.png,opa,train
/sessions/cool-youthful-allen/mnt/Research/color-histogram-analysis/dataset/segmented/bop/003_particle0023.png,bop,train
/sessions/cool-youthful-allen/mnt/Research/color-histogram-analysis/dataset/segmented/opa/2_particle0007.png,opa,train
/sessions/cool-youthful-allen/mnt/Research/color-histogram-analysis/dataset/segmented/op/002_particle0024.png,op,train
/sessions/cool-youthful-allen/mnt/Research/color-histogram-analysis/dataset/segmented/bop/003_particle0042.png,bop,train
/sessions/cool-youthful-allen/mnt/Research/color-histogram-analysis/dataset/segmented/bop/002_particle0020.png,bop,train
/sessions/cool-youthful-allen/mnt/Research/color-histogram-analysis/dataset/segmented/bop/006_particle0033.png,bop,train
/sessions/cool-youthful-allen/mnt/Research/color-histogram-analysis/dataset/segmented/opa/6_particle0004.png,opa,train
/sessions/cool-youthful-allen/mnt/Research/color-histogram-analysis/dataset/segmented/op/006_particle0011.png,op,train
/sessions/cool-youthful-allen/mnt/Research/color-histogram-analysis/dataset/segmented/bop/003_particle0008.png,bop,train
/sessions/cool-youthful-allen/mnt/Research/color-histogram-analysis/dataset/segmented/bop/007_particle0013.png,bop,train
/sessions/cool-youthful-allen/mnt/Research/color-histogram-analysis/dataset/segmented/bop/001_particle0026.png,bop,train
/sessions/cool-youthful-allen/mnt/Research/color-histogram-analysis/dataset/segmented/bop/001_particle0000.png,bop,train
/sessions/cool-youthful-allen/mnt/Research/color-histogram-analysis/dataset/segmented/op/004_particle0005.png,op,train
/sessions/cool-youthful-allen/mnt/Research/color-histogram-analysis/dataset/segmented/bop/002_particle0047.png,bop,train
/sessions/cool-youthful-allen/mnt/Research/color-histogram-analysis/dataset/segmented/op/001_particle0016.png,op,train
/sessions/cool-youthful-allen/mnt/Research/color-histogram-analysis/dataset/segmented/op/007_particle0003.png,op,train
/sessions/cool-youthful-allen/mnt/Research/color-histogram-analysis/dataset/segmented/bop/002_particle0029.png,bop,train
/sessions/cool-youthful-allen/mnt/Research/color-histogram-analysis/dataset/segmented/op/006_particle0013.png,op,train
/sessions/cool-youthful-allen/mnt/Research/color-histogram-analysis/dataset/segmented/op/008_particle0002.png,op,train
/sessions/cool-youthful-allen/mnt/Research/color-histogram-analysis/dataset/segmented/op/010_particle0018.png,op,train
/sessions/cool-youthful-allen/mnt/Research/color-histogram-analysis/dataset/segmented/op/001_particle0037.png,op,train
/sessions/cool-youthful-allen/mnt/Research/color-histogram-analysis/dataset/segmented/bop/002_particle0034.png,bop,train
/sessions/cool-youthful-allen/mnt/Research/color-histogram-analysis/dataset/segmented/bop/002_particle0045.png,bop,train
/sessions/cool-youthful-allen/mnt/Research/color-histogram-analysis/dataset/segmented/bop/006_particle0006.png,bop,train
/sessions/cool-youthful-allen/mnt/Research/color-histogram-analysis/dataset/segmented/op/009_particle0011.png,op,train
/sessions/cool-youthful-allen/mnt/Research/color-histogram-analysis/dataset/segmented/bop/005_particle0025.png,bop,train
/sessions/cool-youthful-allen/mnt/Research/color-histogram-analysis/dataset/segmented/opa/6_particle0019.png,opa,train
/sessions/cool-youthful-allen/mnt/Research/color-histogram-analysis/dataset/segmented/op/003_particle0004.png,op,train
/sessions/cool-youthful-allen/mnt/Research/color-histogram-analysis/dataset/segmented/bop/001_particle0029.png,bop,train
/sessions/cool-youthful-allen/mnt/Research/color-histogram-analysis/dataset/segmented/bop/007_particle0020.png,bop,train
/sessions/cool-youthful-allen/mnt/Research/color-histogram-analysis/dataset/segmented/op/007_particle0013.png,op,train
/sessions/cool-youthful-allen/mnt/Research/color-histogram-analysis/dataset/segmented/bop/003_particle0003.png,bop,train
/sessions/cool-youthful-allen/mnt/Research/color-histogram-analysis/dataset/segmented/op/007_particle0010.png,op,train
/sessions/cool-youthful-allen/mnt/Research/color-histogram-analysis/dataset/segmented/bop/005_particle0031.png,bop,train
/sessions/cool-youthful-allen/mnt/Research/color-histogram-analysis/dataset/segmented/op/004_particle0002.png,op,train
/sessions/cool-youthful-allen/mnt/Research/color-histogram-analysis/dataset/segmented/op/003_particle0006.png,op,train
/sessions/cool-youthful-allen/mnt/Research/color-histogram-analysis/dataset/segmented/op/007_particle0014.png,op,train
/sessions/cool-youthful-allen/mnt/Research/color-histogram-analysis/dataset/segmented/bop/002_particle0023.png,bop,train
/sessions/cool-youthful-allen/mnt/Research/color-histogram-analysis/dataset/segmented/bop/003_particle0010.png,bop,train
/sessions/cool-youthful-allen/mnt/Research/color-histogram-analysis/dataset/segmented/op/001_particle0018.png,op,train
/sessions/cool-youthful-allen/mnt/Research/color-histogram-analysis/dataset/segmented/opa/2_particle0018.png,opa,train
/sessions/cool-youthful-allen/mnt/Research/color-histogram-analysis/dataset/segmented/opa/4_particle0000.png,opa,train
/sessions/cool-youthful-allen/mnt/Research/color-histogram-analysis/dataset/segmented/opa/2_particle0015.png,opa,train
/sessions/cool-youthful-allen/mnt/Research/color-histogram-analysis/dataset/segmented/opa/5_particle0013.png,opa,train
/sessions/cool-youthful-allen/mnt/Research/color-histogram-analysis/dataset/segmented/op/009_particle0024.png,op,train
/sessions/cool-youthful-allen/mnt/Research/color-histogram-analysis/dataset/segmented/op/001_particle0022.png,op,train
/sessions/cool-youthful-allen/mnt/Research/color-histogram-analysis/dataset/segmented/opa/10_particle0006.png,opa,train
/sessions/cool-youthful-allen/mnt/Research/color-histogram-analysis/dataset/segmented/bop/001_particle0038.png,bop,train
/sessions/cool-youthful-allen/mnt/Research/color-histogram-analysis/dataset/segmented/bop/003_particle0020.png,bop,train
/sessions/cool-youthful-allen/mnt/Research/color-histogram-analysis/dataset/segmented/op/010_particle0026.png,op,train
/sessions/cool-youthful-allen/mnt/Research/color-histogram-analysis/dataset/segmented/bop/002_particle0039.png,bop,train
/sessions/cool-youthful-allen/mnt/Research/color-histogram-analysis/dataset/segmented/opa/5_particle0001.png,opa,train
/sessions/cool-youthful-allen/mnt/Research/color-histogram-analysis/dataset/segmented/op/010_particle0001.png,op,train
/sessions/cool-youthful-allen/mnt/Research/color-histogram-analysis/dataset/segmented/bop/005_particle0001.png,bop,train
/sessions/cool-youthful-allen/mnt/Research/color-histogram-analysis/dataset/segmented/bop/003_particle0004.png,bop,train
/sessions/cool-youthful-allen/mnt/Research/color-histogram-analysis/dataset/segmented/opa/1_particle0001.png,opa,train
/sessions/cool-youthful-allen/mnt/Research/color-histogram-analysis/dataset/segmented/opa/10_particle0014.png,opa,train
/sessions/cool-youthful-allen/mnt/Research/color-histogram-analysis/dataset/segmented/op/005_particle0008.png,op,train
/sessions/cool-youthful-allen/mnt/Research/color-histogram-analysis/dataset/segmented/bop/006_particle0014.png,bop,train
/sessions/cool-youthful-allen/mnt/Research/color-histogram-analysis/dataset/segmented/bop/004_particle0001.png,bop,train
/sessions/cool-youthful-allen/mnt/Research/color-histogram-analysis/dataset/segmented/bop/001_particle0022.png,bop,train
/sessions/cool-youthful-allen/mnt/Research/color-histogram-analysis/dataset/segmented/op/005_particle0006.png,op,train
/sessions/cool-youthful-allen/mnt/Research/color-histogram-analysis/dataset/segmented/op/008_particle0012.png,op,train
/sessions/cool-youthful-allen/mnt/Research/color-histogram-analysis/dataset/segmented/opa/8_particle0004.png,opa,train
/sessions/cool-youthful-allen/mnt/Research/color-histogram-analysis/dataset/segmented/bop/007_particle0004.png,bop,train
/sessions/cool-youthful-allen/mnt/Research/color-histogram-analysis/dataset/segmented/op/006_particle0014.png,op,train
/sessions/cool-youthful-allen/mnt/Research/color-histogram-analysis/dataset/segmented/opa/6_particle0018.png,opa,train
/sessions/cool-youthful-allen/mnt/Research/color-histogram-analysis/dataset/segmented/bop/005_particle0048.png,bop,train
/sessions/cool-youthful-allen/mnt/Research/color-histogram-analysis/dataset/segmented/bop/002_particle0038.png,bop,train
/sessions/cool-youthful-allen/mnt/Research/color-histogram-analysis/dataset/segmented/op/003_particle0005.png,op,train
/sessions/cool-youthful-allen/mnt/Research/color-histogram-analysis/dataset/segmented/bop/007_particle0042.png,bop,train
/sessions/cool-youthful-allen/mnt/Research/color-histogram-analysis/dataset/segmented/bop/001_particle0010.png,bop,train
/sessions/cool-youthful-allen/mnt/Research/color-histogram-analysis/dataset/segmented/bop/002_particle0036.png,bop,train
/sessions/cool-youthful-allen/mnt/Research/color-histogram-analysis/dataset/segmented/opa/4_particle0013.png,opa,train
/sessions/cool-youthful-allen/mnt/Research/color-histogram-analysis/dataset/segmented/op/005_particle0025.png,op,train
/sessions/cool-youthful-allen/mnt/Research/color-histogram-analysis/dataset/segmented/bop/004_particle0016.png,bop,train
/sessions/cool-youthful-allen/mnt/Research/color-histogram-analysis/dataset/segmented/opa/7_particle0013.png,opa,train
/sessions/cool-youthful-allen/mnt/Research/color-histogram-analysis/dataset/segmented/op/007_particle0002.png,op,train
/sessions/cool-youthful-allen/mnt/Research/color-histogram-analysis/dataset/segmented/bop/005_particle0014.png,bop,train
/sessions/cool-youthful-allen/mnt/Research/color-histogram-analysis/dataset/segmented/opa/3_particle0007.png,opa,train
/sessions/cool-youthful-allen/mnt/Research/color-histogram-analysis/dataset/segmented/op/008_particle0004.png,op,train
/sessions/cool-youthful-allen/mnt/Research/color-histogram-analysis/dataset/segmented/op/005_particle0020.png,op,train
/sessions/cool-youthful-allen/mnt/Research/color-histogram-analysis/dataset/segmented/bop/003_particle0032.png,bop,train
/sessions/cool-youthful-allen/mnt/Research/color-histogram-analysis/dataset/segmented/op/010_particle0011.png,op,train
/sessions/cool-youthful-allen/mnt/Research/color-histogram-analysis/dataset/segmented/bop/003_particle0021.png,bop,train
/sessions/cool-youthful-allen/mnt/Research/color-histogram-analysis/dataset/segmented/bop/007_particle0015.png,bop,train
/sessions/cool-youthful-allen/mnt/Research/color-histogram-analysis/dataset/segmented/op/001_particle0008.png,op,train
/sessions/cool-youthful-allen/mnt/Research/color-histogram-analysis/dataset/segmented/op/004_particle0027.png,op,train
/sessions/cool-youthful-allen/mnt/Research/color-histogram-analysis/dataset/segmented/op/007_particle0024.png,op,train
/sessions/cool-youthful-allen/mnt/Research/color-histogram-analysis/dataset/segmented/op/001_particle0045.png,op,train
/sessions/cool-youthful-allen/mnt/Research/color-histogram-analysis/dataset/segmented/op/009_particle0025.png,op,train
/sessions/cool-youthful-allen/mnt/Research/color-histogram-analysis/dataset/segmented/bop/007_particle0028.png,bop,train
/sessions/cool-youthful-allen/mnt/Research/color-histogram-analysis/dataset/segmented/opa/8_particle0012.png,opa,train
/sessions/cool-youthful-allen/mnt/Research/color-histogram-analysis/dataset/segmented/op/003_particle0026.png,op,train
/sessions/cool-youthful-allen/mnt/Research/color-histogram-analysis/dataset/segmented/op/002_particle0004.png,op,train
/sessions/cool-youthful-allen/mnt/Research/color-histogram-analysis/dataset/segmented/op/005_particle0023.png,op,train
/sessions/cool-youthful-allen/mnt/Research/color-histogram-analysis/dataset/segmented/opa/8_particle0017.png,opa,train
/sessions/cool-youthful-allen/mnt/Research/color-histogram-analysis/dataset/segmented/bop/002_particle0019.png,bop,train
/sessions/cool-youthful-allen/mnt/Research/color-histogram-analysis/dataset/segmented/bop/006_particle0000.png,bop,train
/sessions/cool-youthful-allen/mnt/Research/color-histogram-analysis/dataset/segmented/opa/9_particle0011.png,opa,train
/sessions/cool-youthful-allen/mnt/Research/color-histogram-analysis/dataset/segmented/op/010_particle0006.png,op,train
/sessions/cool-youthful-allen/mnt/Research/color-histogram-analysis/dataset/segmented/op/010_particle0029.png,op,train
/sessions/cool-youthful-allen/mnt/Research/color-histogram-analysis/dataset/segmented/opa/5_particle0015.png,opa,train
/sessions/cool-youthful-allen/mnt/Research/color-histogram-analysis/dataset/segmented/op/006_particle0012.png,op,train
/sessions/cool-youthful-allen/mnt/Research/color-histogram-analysis/dataset/segmented/opa/5_particle0007.png,opa,train
/sessions/cool-youthful-allen/mnt/Research/color-histogram-analysis/dataset/segmented/bop/006_particle0030.png,bop,train
/sessions/cool-youthful-allen/mnt/Research/color-histogram-analysis/dataset/segmented/opa/8_particle0003.png,opa,train
/sessions/cool-youthful-allen/mnt/Research/color-histogram-analysis/dataset/segmented/bop/005_particle0008.png,bop,train
/sessions/cool-youthful-allen/mnt/Research/color-histogram-analysis/dataset/segmented/opa/2_particle0001.png,opa,train
/sessions/cool-youthful-allen/mnt/Research/color-histogram-analysis/dataset/segmented/op/005_particle0027.png,op,train
/sessions/cool-youthful-allen/mnt/Research/color-histogram-analysis/dataset/segmented/op/001_particle0006.png,op,train
/sessions/cool-youthful-allen/mnt/Research/color-histogram-analysis/dataset/segmented/bop/004_particle0024.png,bop,train
/sessions/cool-youthful-allen/mnt/Research/color-histogram-analysis/dataset/segmented/opa/1_particle0002.png,opa,train
/sessions/cool-youthful-allen/mnt/Research/color-histogram-analysis/dataset/segmented/opa/6_particle0008.png,opa,train
/sessions/cool-youthful-allen/mnt/Research/color-histogram-analysis/dataset/segmented/bop/001_particle0037.png,bop,train
/sessions/cool-youthful-allen/mnt/Research/color-histogram-analysis/dataset/segmented/op/009_particle0013.png,op,train
/sessions/cool-youthful-allen/mnt/Research/color-histogram-analysis/dataset/segmented/op/004_particle0021.png,op,train
/sessions/cool-youthful-allen/mnt/Research/color-histogram-analysis/dataset/segmented/bop/005_particle0032.png,bop,train
/sessions/cool-youthful-allen/mnt/Research/color-histogram-analysis/dataset/segmented/bop/007_particle0011.png,bop,train
/sessions/cool-youthful-allen/mnt/Research/color-histogram-analysis/dataset/segmented/op/007_particle0012.png,op,train
/sessions/cool-youthful-allen/mnt/Research/color-histogram-analysis/dataset/segmented/opa/3_particle0012.png,opa,train
/sessions/cool-youthful-allen/mnt/Research/color-histogram-analysis/dataset/segmented/op/001_particle0030.png,op,train
/sessions/cool-youthful-allen/mnt/Research/color-histogram-analysis/dataset/segmented/bop/005_particle0003.png,bop,train
/sessions/cool-youthful-allen/mnt/Research/color-histogram-analysis/dataset/segmented/op/005_particle0029.png,op,train
/sessions/cool-youthful-allen/mnt/Research/color-histogram-analysis/dataset/segmented/op/004_particle0014.png,op,train
/sessions/cool-youthful-allen/mnt/Research/color-histogram-analysis/dataset/segmented/opa/8_particle0008.png,opa,train
/sessions/cool-youthful-allen/mnt/Research/color-histogram-analysis/dataset/segmented/op/001_particle0032.png,op,train
/sessions/cool-youthful-allen/mnt/Research/color-histogram-analysis/dataset/segmented/op/001_particle0017.png,op,train
/sessions/cool-youthful-allen/mnt/Research/color-histogram-analysis/dataset/segmented/bop/007_particle0025.png,bop,train
/sessions/cool-youthful-allen/mnt/Research/color-histogram-analysis/dataset/segmented/opa/5_particle0004.png,opa,train
/sessions/cool-youthful-allen/mnt/Research/color-histogram-analysis/dataset/segmented/opa/9_particle0012.png,opa,train
/sessions/cool-youthful-allen/mnt/Research/color-histogram-analysis/dataset/segmented/opa/9_particle0003.png,opa,train
/sessions/cool-youthful-allen/mnt/Research/color-histogram-analysis/dataset/segmented/opa/9_particle0005.png,opa,train
/sessions/cool-youthful-allen/mnt/Research/color-histogram-analysis/dataset/segmented/bop/004_particle0018.png,bop,train
/sessions/cool-youthful-allen/mnt/Research/color-histogram-analysis/dataset/segmented/op/002_particle0020.png,op,train
/sessions/cool-youthful-allen/mnt/Research/color-histogram-analysis/dataset/segmented/op/005_particle0012.png,op,train
/sessions/cool-youthful-allen/mnt/Research/color-histogram-analysis/dataset/segmented/opa/5_particle0017.png,opa,train
/sessions/cool-youthful-allen/mnt/Research/color-histogram-analysis/dataset/segmented/bop/001_particle0006.png,bop,train
/sessions/cool-youthful-allen/mnt/Research/color-histogram-analysis/dataset/segmented/opa/4_particle0006.png,opa,train
/sessions/cool-youthful-allen/mnt/Research/color-histogram-analysis/dataset/segmented/op/003_particle0010.png,op,train
/sessions/cool-youthful-allen/mnt/Research/color-histogram-analysis/dataset/segmented/op/008_particle0021.png,op,train
/sessions/cool-youthful-allen/mnt/Research/color-histogram-analysis/dataset/segmented/op/001_particle0042.png,op,train
/sessions/cool-youthful-allen/mnt/Research/color-histogram-analysis/dataset/segmented/opa/8_particle0018.png,opa,train
/sessions/cool-youthful-allen/mnt/Research/color-histogram-analysis/dataset/segmented/opa/6_particle0016.png,opa,train
/sessions/cool-youthful-allen/mnt/Research/color-histogram-analysis/dataset/segmented/bop/004_particle0011.png,bop,train
/sessions/cool-youthful-allen/mnt/Research/color-histogram-analysis/dataset/segmented/opa/7_particle0005.png,opa,train
/sessions/cool-youthful-allen/mnt/Research/color-histogram-analysis/dataset/segmented/bop/006_particle0020.png,bop,train
/sessions/cool-youthful-allen/mnt/Research/color-histogram-analysis/dataset/segmented/opa/3_particle0013.png,opa,train
/sessions/cool-youthful-allen/mnt/Research/color-histogram-analysis/dataset/segmented/op/003_particle0011.png,op,train
/sessions/cool-youthful-allen/mnt/Research/color-histogram-analysis/dataset/segmented/op/004_particle0007.png,op,train
/sessions/cool-youthful-allen/mnt/Research/color-histogram-analysis/dataset/segmented/opa/3_particle0016.png,opa,train
/sessions/cool-youthful-allen/mnt/Research/color-histogram-analysis/dataset/segmented/bop/002_particle0012.png,bop,train
/sessions/cool-youthful-allen/mnt/Research/color-histogram-analysis/dataset/segmented/bop/005_particle0033.png,bop,train
/sessions/cool-youthful-allen/mnt/Research/color-histogram-analysis/dataset/segmented/op/010_particle0007.png,op,train
/sessions/cool-youthful-allen/mnt/Research/color-histogram-analysis/dataset/segmented/bop/001_particle0046.png,bop,train
/sessions/cool-youthful-allen/mnt/Research/color-histogram-analysis/dataset/segmented/opa/3_particle0014.png,opa,train
/sessions/cool-youthful-allen/mnt/Research/color-histogram-analysis/dataset/segmented/opa/7_particle0001.png,opa,train
/sessions/cool-youthful-allen/mnt/Research/color-histogram-analysis/dataset/segmented/opa/6_particle0007.png,opa,train
/sessions/cool-youthful-allen/mnt/Research/color-histogram-analysis/dataset/segmented/op/004_particle0009.png,op,train
/sessions/cool-youthful-allen/mnt/Research/color-histogram-analysis/dataset/segmented/opa/10_particle0015.png,opa,train
/sessions/cool-youthful-allen/mnt/Research/color-histogram-analysis/dataset/segmented/opa/2_particle0012.png,opa,train
/sessions/cool-youthful-allen/mnt/Research/color-histogram-analysis/dataset/segmented/bop/003_particle0025.png,bop,train
/sessions/cool-youthful-allen/mnt/Research/color-histogram-analysis/dataset/segmented/bop/002_particle0030.png,bop,train
/sessions/cool-youthful-allen/mnt/Research/color-histogram-analysis/dataset/segmented/bop/007_particle0029.png,bop,train
/sessions/cool-youthful-allen/mnt/Research/color-histogram-analysis/dataset/segmented/bop/007_particle0040.png,bop,train
/sessions/cool-youthful-allen/mnt/Research/color-histogram-analysis/dataset/segmented/op/010_particle0013.png,op,train
/sessions/cool-youthful-allen/mnt/Research/color-histogram-analysis/dataset/segmented/op/007_particle0017.png,op,train
/sessions/cool-youthful-allen/mnt/Research/color-histogram-analysis/dataset/segmented/bop/001_particle0019.png,bop,train
/sessions/cool-youthful-allen/mnt/Research/color-histogram-analysis/dataset/segmented/bop/006_particle0028.png,bop,train
/sessions/cool-youthful-allen/mnt/Research/color-histogram-analysis/dataset/segmented/op/002_particle0011.png,op,train
/sessions/cool-youthful-allen/mnt/Research/color-histogram-analysis/dataset/segmented/bop/003_particle0022.png,bop,train
/sessions/cool-youthful-allen/mnt/Research/color-histogram-analysis/dataset/segmented/bop/002_particle0000.png,bop,train
/sessions/cool-youthful-allen/mnt/Research/color-histogram-analysis/dataset/segmented/op/001_particle0002.png,op,train
/sessions/cool-youthful-allen/mnt/Research/color-histogram-analysis/dataset/segmented/opa/7_particle0008.png,opa,train
/sessions/cool-youthful-allen/mnt/Research/color-histogram-analysis/dataset/segmented/opa/8_particle0019.png,opa,train
/sessions/cool-youthful-allen/mnt/Research/color-histogram-analysis/dataset/segmented/op/003_particle0007.png,op,train
/sessions/cool-youthful-allen/mnt/Research/color-histogram-analysis/dataset/segmented/opa/8_particle0006.png,opa,train
/sessions/cool-youthful-allen/mnt/Research/color-histogram-analysis/dataset/segmented/bop/001_particle0042.png,bop,train
/sessions/cool-youthful-allen/mnt/Research/color-histogram-analysis/dataset/segmented/op/009_particle0007.png,op,train
/sessions/cool-youthful-allen/mnt/Research/color-histogram-analysis/dataset/segmented/bop/004_particle0030.png,bop,train
/sessions/cool-youthful-allen/mnt/Research/color-histogram-analysis/dataset/segmented/bop/002_particle0041.png,bop,train
/sessions/cool-youthful-allen/mnt/Research/color-histogram-analysis/dataset/segmented/bop/007_particle0005.png,bop,train
/sessions/cool-youthful-allen/mnt/Research/color-histogram-analysis/dataset/segmented/opa/8_particle0002.png,opa,train
/sessions/cool-youthful-allen/mnt/Research/color-histogram-analysis/dataset/segmented/bop/003_particle0007.png,bop,train
/sessions/cool-youthful-allen/mnt/Research/color-histogram-analysis/dataset/segmented/op/006_particle0005.png,op,train
/sessions/cool-youthful-allen/mnt/Research/color-histogram-analysis/dataset/segmented/op/007_particle0026.png,op,train
/sessions/cool-youthful-allen/mnt/Research/color-histogram-analysis/dataset/segmented/bop/002_particle0001.png,bop,train
/sessions/cool-youthful-allen/mnt/Research/color-histogram-analysis/dataset/segmented/bop/005_particle0013.png,bop,train
/sessions/cool-youthful-allen/mnt/Research/color-histogram-analysis/dataset/segmented/bop/003_particle0037.png,bop,train
/sessions/cool-youthful-allen/mnt/Research/color-histogram-analysis/dataset/segmented/op/006_particle0002.png,op,train
/sessions/cool-youthful-allen/mnt/Research/color-histogram-analysis/dataset/segmented/op/001_particle0040.png,op,train
/sessions/cool-youthful-allen/mnt/Research/color-histogram-analysis/dataset/segmented/op/002_particle0018.png,op,train
/sessions/cool-youthful-allen/mnt/Research/color-histogram-analysis/dataset/segmented/op/010_particle0000.png,op,train
/sessions/cool-youthful-allen/mnt/Research/color-histogram-analysis/dataset/segmented/opa/1_particle0009.png,opa,train
/sessions/cool-youthful-allen/mnt/Research/color-histogram-analysis/dataset/segmented/op/006_particle0028.png,op,train
/sessions/cool-youthful-allen/mnt/Research/color-histogram-analysis/dataset/segmented/op/004_particle0030.png,op,train
/sessions/cool-youthful-allen/mnt/Research/color-histogram-analysis/dataset/segmented/op/004_particle0024.png,op,train
/sessions/cool-youthful-allen/mnt/Research/color-histogram-analysis/dataset/segmented/op/010_particle0022.png,op,train
/sessions/cool-youthful-allen/mnt/Research/color-histogram-analysis/dataset/segmented/opa/1_particle0011.png,opa,train
/sessions/cool-youthful-allen/mnt/Research/color-histogram-analysis/dataset/segmented/bop/004_particle0025.png,bop,train
/sessions/cool-youthful-allen/mnt/Research/color-histogram-analysis/dataset/segmented/op/003_particle0021.png,op,train
/sessions/cool-youthful-allen/mnt/Research/color-histogram-analysis/dataset/segmented/opa/1_particle0005.png,opa,train
/sessions/cool-youthful-allen/mnt/Research/color-histogram-analysis/dataset/segmented/op/005_particle0026.png,op,train
/sessions/cool-youthful-allen/mnt/Research/color-histogram-analysis/dataset/segmented/opa/3_particle0010.png,opa,train
/sessions/cool-youthful-allen/mnt/Research/color-histogram-analysis/dataset/segmented/bop/005_particle0026.png,bop,train
/sessions/cool-youthful-allen/mnt/Research/color-histogram-analysis/dataset/segmented/opa/1_particle0020.png,opa,train
/sessions/cool-youthful-allen/mnt/Research/color-histogram-analysis/dataset/segmented/bop/004_particle0023.png,bop,train
/sessions/cool-youthful-allen/mnt/Research/color-histogram-analysis/dataset/segmented/op/007_particle0016.png,op,train
/sessions/cool-youthful-allen/mnt/Research/color-histogram-analysis/dataset/segmented/opa/9_particle0001.png,opa,train
/sessions/cool-youthful-allen/mnt/Research/color-histogram-analysis/dataset/segmented/opa/2_particle0000.png,opa,train
/sessions/cool-youthful-allen/mnt/Research/color-histogram-analysis/dataset/segmented/op/010_particle0027.png,op,train
/sessions/cool-youthful-allen/mnt/Research/color-histogram-analysis/dataset/segmented/op/001_particle0029.png,op,train
/sessions/cool-youthful-allen/mnt/Research/color-histogram-analysis/dataset/segmented/op/006_particle0017.png,op,train
/sessions/cool-youthful-allen/mnt/Research/color-histogram-analysis/dataset/segmented/op/008_particle0018.png,op,train
/sessions/cool-youthful-allen/mnt/Research/color-histogram-analysis/dataset/segmented/op/008_particle0005.png,op,train
/sessions/cool-youthful-allen/mnt/Research/color-histogram-analysis/dataset/segmented/op/007_particle0022.png,op,train
/sessions/cool-youthful-allen/mnt/Research/color-histogram-analysis/dataset/segmented/op/002_particle0002.png,op,train
/sessions/cool-youthful-allen/mnt/Research/color-histogram-analysis/dataset/segmented/bop/002_particle0022.png,bop,train
/sessions/cool-youthful-allen/mnt/Research/color-histogram-analysis/dataset/segmented/op/010_particle0003.png,op,train
/sessions/cool-youthful-allen/mnt/Research/color-histogram-analysis/dataset/segmented/bop/003_particle0015.png,bop,train
/sessions/cool-youthful-allen/mnt/Research/color-histogram-analysis/dataset/segmented/bop/002_particle0003.png,bop,train
/sessions/cool-youthful-allen/mnt/Research/color-histogram-analysis/dataset/segmented/op/006_particle0001.png,op,train
/sessions/cool-youthful-allen/mnt/Research/color-histogram-analysis/dataset/segmented/opa/2_particle0010.png,opa,train
/sessions/cool-youthful-allen/mnt/Research/color-histogram-analysis/dataset/segmented/bop/006_particle0002.png,bop,train
/sessions/cool-youthful-allen/mnt/Research/color-histogram-analysis/dataset/segmented/op/005_particle0001.png,op,train
/sessions/cool-youthful-allen/mnt/Research/color-histogram-analysis/dataset/segmented/op/008_particle0011.png,op,train
/sessions/cool-youthful-allen/mnt/Research/color-histogram-analysis/dataset/segmented/opa/2_particle0020.png,opa,train
/sessions/cool-youthful-allen/mnt/Research/color-histogram-analysis/dataset/segmented/op/003_particle0024.png,op,train
/sessions/cool-youthful-allen/mnt/Research/color-histogram-analysis/dataset/segmented/opa/1_particle0019.png,opa,train
/sessions/cool-youthful-allen/mnt/Research/color-histogram-analysis/dataset/segmented/op/004_particle0025.png,op,train
/sessions/cool-youthful-allen/mnt/Research/color-histogram-analysis/dataset/segmented/op/005_particle0009.png,op,train
/sessions/cool-youthful-allen/mnt/Research/color-histogram-analysis/dataset/segmented/op/001_particle0039.png,op,train
/sessions/cool-youthful-allen/mnt/Research/color-histogram-analysis/dataset/segmented/bop/001_particle0002.png,bop,train
/sessions/cool-youthful-allen/mnt/Research/color-histogram-analysis/dataset/segmented/bop/007_particle0031.png,bop,train
/sessions/cool-youthful-allen/mnt/Research/color-histogram-analysis/dataset/segmented/bop/003_particle0016.png,bop,train
/sessions/cool-youthful-allen/mnt/Research/color-histogram-analysis/dataset/segmented/op/010_particle0014.png,op,train
/sessions/cool-youthful-allen/mnt/Research/color-histogram-analysis/dataset/segmented/bop/004_particle0042.png,bop,train
/sessions/cool-youthful-allen/mnt/Research/color-histogram-analysis/dataset/segmented/op/008_particle0025.png,op,train
/sessions/cool-youthful-allen/mnt/Research/color-histogram-analysis/dataset/segmented/opa/1_particle0008.png,opa,train
/sessions/cool-youthful-allen/mnt/Research/color-histogram-analysis/dataset/segmented/bop/007_particle0003.png,bop,train
/sessions/cool-youthful-allen/mnt/Research/color-histogram-analysis/dataset/segmented/opa/9_particle0008.png,opa,train
/sessions/cool-youthful-allen/mnt/Research/color-histogram-analysis/dataset/segmented/bop/004_particle0013.png,bop,train
/sessions/cool-youthful-allen/mnt/Research/color-histogram-analysis/dataset/segmented/bop/001_particle0025.png,bop,train
/sessions/cool-youthful-allen/mnt/Research/color-histogram-analysis/dataset/segmented/bop/003_particle0040.png,bop,train
/sessions/cool-youthful-allen/mnt/Research/color-histogram-analysis/dataset/segmented/bop/003_particle0000.png,bop,train
/sessions/cool-youthful-allen/mnt/Research/color-histogram-analysis/dataset/segmented/bop/004_particle0019.png,bop,train
/sessions/cool-youthful-allen/mnt/Research/color-histogram-analysis/dataset/segmented/opa/4_particle0003.png,opa,train
/sessions/cool-youthful-allen/mnt/Research/color-histogram-analysis/dataset/segmented/op/001_particle0043.png,op,train
/sessions/cool-youthful-allen/mnt/Research/color-histogram-analysis/dataset/segmented/op/004_particle0000.png,op,train
/sessions/cool-youthful-allen/mnt/Research/color-histogram-analysis/dataset/segmented/op/009_particle0026.png,op,train
/sessions/cool-youthful-allen/mnt/Research/color-histogram-analysis/dataset/segmented/bop/006_particle0007.png,bop,train
/sessions/cool-youthful-allen/mnt/Research/color-histogram-analysis/dataset/segmented/op/001_particle0003.png,op,train
/sessions/cool-youthful-allen/mnt/Research/color-histogram-analysis/dataset/segmented/bop/003_particle0006.png,bop,train
/sessions/cool-youthful-allen/mnt/Research/color-histogram-analysis/dataset/segmented/op/009_particle0017.png,op,train
/sessions/cool-youthful-allen/mnt/Research/color-histogram-analysis/dataset/segmented/bop/001_particle0035.png,bop,train
/sessions/cool-youthful-allen/mnt/Research/color-histogram-analysis/dataset/segmented/op/004_particle0031.png,op,train
/sessions/cool-youthful-allen/mnt/Research/color-histogram-analysis/dataset/segmented/opa/1_particle0021.png,opa,train
/sessions/cool-youthful-allen/mnt/Research/color-histogram-analysis/dataset/segmented/bop/004_particle0033.png,bop,train
/sessions/cool-youthful-allen/mnt/Research/color-histogram-analysis/dataset/segmented/bop/005_particle0023.png,bop,train
/sessions/cool-youthful-allen/mnt/Research/color-histogram-analysis/dataset/segmented/bop/005_particle0038.png,bop,train
/sessions/cool-youthful-allen/mnt/Research/color-histogram-analysis/dataset/segmented/opa/8_particle0015.png,opa,train
/sessions/cool-youthful-allen/mnt/Research/color-histogram-analysis/dataset/segmented/op/009_particle0009.png,op,train
/sessions/cool-youthful-allen/mnt/Research/color-histogram-analysis/dataset/segmented/bop/004_particle0012.png,bop,train
/sessions/cool-youthful-allen/mnt/Research/color-histogram-analysis/dataset/segmented/bop/005_particle0017.png,bop,train
/sessions/cool-youthful-allen/mnt/Research/color-histogram-analysis/dataset/segmented/bop/002_particle0005.png,bop,train
/sessions/cool-youthful-allen/mnt/Research/color-histogram-analysis/dataset/segmented/bop/003_particle0014.png,bop,train
/sessions/cool-youthful-allen/mnt/Research/color-histogram-analysis/dataset/segmented/opa/3_particle0011.png,opa,train
/sessions/cool-youthful-allen/mnt/Research/color-histogram-analysis/dataset/segmented/op/003_particle0008.png,op,train
/sessions/cool-youthful-allen/mnt/Research/color-histogram-analysis/dataset/segmented/bop/006_particle0001.png,bop,train
/sessions/cool-youthful-allen/mnt/Research/color-histogram-analysis/dataset/segmented/opa/4_particle0016.png,opa,train
/sessions/cool-youthful-allen/mnt/Research/color-histogram-analysis/dataset/segmented/op/001_particle0009.png,op,train
/sessions/cool-youthful-allen/mnt/Research/color-histogram-analysis/dataset/segmented/op/008_particle0019.png,op,train
/sessions/cool-youthful-allen/mnt/Research/color-histogram-analysis/dataset/segmented/opa/9_particle0017.png,opa,train
/sessions/cool-youthful-allen/mnt/Research/color-histogram-analysis/dataset/segmented/opa/6_particle0012.png,opa,train
/sessions/cool-youthful-allen/mnt/Research/color-histogram-analysis/dataset/segmented/op/001_particle0005.png,op,train
/sessions/cool-youthful-allen/mnt/Research/color-histogram-analysis/dataset/segmented/op/008_particle0029.png,op,train
/sessions/cool-youthful-allen/mnt/Research/color-histogram-analysis/dataset/segmented/op/010_particle0016.png,op,train
/sessions/cool-youthful-allen/mnt/Research/color-histogram-analysis/dataset/segmented/op/010_particle0019.png,op,train
/sessions/cool-youthful-allen/mnt/Research/color-histogram-analysis/dataset/segmented/op/009_particle0019.png,op,train
/sessions/cool-youthful-allen/mnt/Research/color-histogram-analysis/dataset/segmented/op/001_particle0033.png,op,train
/sessions/cool-youthful-allen/mnt/Research/color-histogram-analysis/dataset/segmented/op/009_particle0021.png,op,train
/sessions/cool-youthful-allen/mnt/Research/color-histogram-analysis/dataset/segmented/op/008_particle0026.png,op,train
/sessions/cool-youthful-allen/mnt/Research/color-histogram-analysis/dataset/segmented/opa/2_particle0019.png,opa,train
/sessions/cool-youthful-allen/mnt/Research/color-histogram-analysis/dataset/segmented/op/006_particle0008.png,op,train
/sessions/cool-youthful-allen/mnt/Research/color-histogram-analysis/dataset/segmented/opa/4_particle0007.png,opa,train
/sessions/cool-youthful-allen/mnt/Research/color-histogram-analysis/dataset/segmented/op/009_particle0018.png,op,train
/sessions/cool-youthful-allen/mnt/Research/color-histogram-analysis/dataset/segmented/bop/002_particle0028.png,bop,train
/sessions/cool-youthful-allen/mnt/Research/color-histogram-analysis/dataset/segmented/opa/1_particle0000.png,opa,train
/sessions/cool-youthful-allen/mnt/Research/color-histogram-analysis/dataset/segmented/opa/3_particle0003.png,opa,train
/sessions/cool-youthful-allen/mnt/Research/color-histogram-analysis/dataset/segmented/bop/006_particle0015.png,bop,train
/sessions/cool-youthful-allen/mnt/Research/color-histogram-analysis/dataset/segmented/bop/001_particle0039.png,bop,train
/sessions/cool-youthful-allen/mnt/Research/color-histogram-analysis/dataset/segmented/bop/006_particle0034.png,bop,train
/sessions/cool-youthful-allen/mnt/Research/color-histogram-analysis/dataset/segmented/bop/002_particle0025.png,bop,train
/sessions/cool-youthful-allen/mnt/Research/color-histogram-analysis/dataset/segmented/op/009_particle0022.png,op,train
/sessions/cool-youthful-allen/mnt/Research/color-histogram-analysis/dataset/segmented/bop/002_particle0004.png,bop,train
/sessions/cool-youthful-allen/mnt/Research/color-histogram-analysis/dataset/segmented/op/003_particle0031.png,op,train
/sessions/cool-youthful-allen/mnt/Research/color-histogram-analysis/dataset/segmented/opa/9_particle0006.png,opa,train
/sessions/cool-youthful-allen/mnt/Research/color-histogram-analysis/dataset/segmented/bop/001_particle0005.png,bop,train
/sessions/cool-youthful-allen/mnt/Research/color-histogram-analysis/dataset/segmented/bop/007_particle0038.png,bop,train
/sessions/cool-youthful-allen/mnt/Research/color-histogram-analysis/dataset/segmented/opa/5_particle0008.png,opa,train
/sessions/cool-youthful-allen/mnt/Research/color-histogram-analysis/dataset/segmented/bop/004_particle0000.png,bop,train
/sessions/cool-youthful-allen/mnt/Research/color-histogram-analysis/dataset/segmented/opa/7_particle0012.png,opa,train
/sessions/cool-youthful-allen/mnt/Research/color-histogram-analysis/dataset/segmented/bop/004_particle0015.png,bop,train
/sessions/cool-youthful-allen/mnt/Research/color-histogram-analysis/dataset/segmented/opa/9_particle0007.png,opa,train
/sessions/cool-youthful-allen/mnt/Research/color-histogram-analysis/dataset/segmented/bop/006_particle0009.png,bop,train
/sessions/cool-youthful-allen/mnt/Research/color-histogram-analysis/dataset/segmented/bop/001_particle0047.png,bop,train
/sessions/cool-youthful-allen/mnt/Research/color-histogram-analysis/dataset/segmented/op/004_particle0032.png,op,train
/sessions/cool-youthful-allen/mnt/Research/color-histogram-analysis/dataset/segmented/op/009_particle0006.png,op,val
/sessions/cool-youthful-allen/mnt/Research/color-histogram-analysis/dataset/segmented/opa/1_particle0013.png,opa,val
/sessions/cool-youthful-allen/mnt/Research/color-histogram-analysis/dataset/segmented/op/006_particle0021.png,op,val
/sessions/cool-youthful-allen/mnt/Research/color-histogram-analysis/dataset/segmented/op/003_particle0022.png,op,val
/sessions/cool-youthful-allen/mnt/Research/color-histogram-analysis/dataset/segmented/opa/1_particle0012.png,opa,val
/sessions/cool-youthful-allen/mnt/Research/color-histogram-analysis/dataset/segmented/opa/6_particle0000.png,opa,val
/sessions/cool-youthful-allen/mnt/Research/color-histogram-analysis/dataset/segmented/bop/005_particle0037.png,bop,val
/sessions/cool-youthful-allen/mnt/Research/color-histogram-analysis/dataset/segmented/op/009_particle0015.png,op,val
/sessions/cool-youthful-allen/mnt/Research/color-histogram-analysis/dataset/segmented/bop/006_particle0022.png,bop,val
/sessions/cool-youthful-allen/mnt/Research/color-histogram-analysis/dataset/segmented/op/001_particle0025.png,op,val
/sessions/cool-youthful-allen/mnt/Research/color-histogram-analysis/dataset/segmented/op/003_particle0029.png,op,val
/sessions/cool-youthful-allen/mnt/Research/color-histogram-analysis/dataset/segmented/bop/001_particle0001.png,bop,val
/sessions/cool-youthful-allen/mnt/Research/color-histogram-analysis/dataset/segmented/bop/007_particle0039.png,bop,val
/sessions/cool-youthful-allen/mnt/Research/color-histogram-analysis/dataset/segmented/opa/4_particle0002.png,opa,val
/sessions/cool-youthful-allen/mnt/Research/color-histogram-analysis/dataset/segmented/opa/4_particle0014.png,opa,val
/sessions/cool-youthful-allen/mnt/Research/color-histogram-analysis/dataset/segmented/bop/005_particle0021.png,bop,val
/sessions/cool-youthful-allen/mnt/Research/color-histogram-analysis/dataset/segmented/op/002_particle0012.png,op,val
/sessions/cool-youthful-allen/mnt/Research/color-histogram-analysis/dataset/segmented/op/009_particle0010.png,op,val
/sessions/cool-youthful-allen/mnt/Research/color-histogram-analysis/dataset/segmented/op/008_particle0000.png,op,val
/sessions/cool-youthful-allen/mnt/Research/color-histogram-analysis/dataset/segmented/opa/2_particle0013.png,opa,val
/sessions/cool-youthful-allen/mnt/Research/color-histogram-analysis/dataset/segmented/bop/001_particle0014.png,bop,val
/sessions/cool-youthful-allen/mnt/Research/color-histogram-analysis/dataset/segmented/op/002_particle0010.png,op,val
/sessions/cool-youthful-allen/mnt/Research/color-histogram-analysis/dataset/segmented/op/010_particle0012.png,op,val
/sessions/cool-youthful-allen/mnt/Research/color-histogram-analysis/dataset/segmented/op/009_particle0004.png,op,val
/sessions/cool-youthful-allen/mnt/Research/color-histogram-analysis/dataset/segmented/bop/007_particle0007.png,bop,val
/sessions/cool-youthful-allen/mnt/Research/color-histogram-analysis/dataset/segmented/bop/007_particle0032.png,bop,val
/sessions/cool-youthful-allen/mnt/Research/color-histogram-analysis/dataset/segmented/op/004_particle0011.png,op,val
/sessions/cool-youthful-allen/mnt/Research/color-histogram-analysis/dataset/segmented/bop/005_particle0034.png,bop,val
/sessions/cool-youthful-allen/mnt/Research/color-histogram-analysis/dataset/segmented/op/010_particle0023.png,op,val
/sessions/cool-youthful-allen/mnt/Research/color-histogram-analysis/dataset/segmented/op/004_particle0013.png,op,val
/sessions/cool-youthful-allen/mnt/Research/color-histogram-analysis/dataset/segmented/opa/8_particle0005.png,opa,val
/sessions/cool-youthful-allen/mnt/Research/color-histogram-analysis/dataset/segmented/opa/2_particle0009.png,opa,val
/sessions/cool-youthful-allen/mnt/Research/color-histogram-analysis/dataset/segmented/bop/006_particle0036.png,bop,val
/sessions/cool-youthful-allen/mnt/Research/color-histogram-analysis/dataset/segmented/bop/005_particle0049.png,bop,val
/sessions/cool-youthful-allen/mnt/Research/color-histogram-analysis/dataset/segmented/opa/1_particle0003.png,opa,val
/sessions/cool-youthful-allen/mnt/Research/color-histogram-analysis/dataset/segmented/op/006_particle0009.png,op,val
/sessions/cool-youthful-allen/mnt/Research/color-histogram-analysis/dataset/segmented/op/010_particle0017.png,op,val
/sessions/cool-youthful-allen/mnt/Research/color-histogram-analysis/dataset/segmented/op/001_particle0000.png,op,val
/sessions/cool-youthful-allen/mnt/Research/color-histogram-analysis/dataset/segmented/bop/007_particle0016.png,bop,val
/sessions/cool-youthful-allen/mnt/Research/color-histogram-analysis/dataset/segmented/bop/007_particle0043.png,bop,val
/sessions/cool-youthful-allen/mnt/Research/color-histogram-analysis/dataset/segmented/opa/10_particle0009.png,opa,val
/sessions/cool-youthful-allen/mnt/Research/color-histogram-analysis/dataset/segmented/opa/10_particle0005.png,opa,val
/sessions/cool-youthful-allen/mnt/Research/color-histogram-analysis/dataset/segmented/op/004_particle0017.png,op,val
/sessions/cool-youthful-allen/mnt/Research/color-histogram-analysis/dataset/segmented/op/002_particle0000.png,op,val
/sessions/cool-youthful-allen/mnt/Research/color-histogram-analysis/dataset/segmented/bop/005_particle0039.png,bop,val
/sessions/cool-youthful-allen/mnt/Research/color-histogram-analysis/dataset/segmented/bop/001_particle0043.png,bop,val
/sessions/cool-youthful-allen/mnt/Research/color-histogram-analysis/dataset/segmented/op/008_particle0015.png,op,val
/sessions/cool-youthful-allen/mnt/Research/color-histogram-analysis/dataset/segmented/opa/1_particle0015.png,opa,val
/sessions/cool-youthful-allen/mnt/Research/color-histogram-analysis/dataset/segmented/bop/007_particle0022.png,bop,val
/sessions/cool-youthful-allen/mnt/Research/color-histogram-analysis/dataset/segmented/opa/4_particle0004.png,opa,val
/sessions/cool-youthful-allen/mnt/Research/color-histogram-analysis/dataset/segmented/bop/006_particle0016.png,bop,val
/sessions/cool-youthful-allen/mnt/Research/color-histogram-analysis/dataset/segmented/op/001_particle0038.png,op,val
/sessions/cool-youthful-allen/mnt/Research/color-histogram-analysis/dataset/segmented/bop/004_particle0010.png,bop,val
/sessions/cool-youthful-allen/mnt/Research/color-histogram-analysis/dataset/segmented/opa/6_particle0014.png,opa,val
/sessions/cool-youthful-allen/mnt/Research/color-histogram-analysis/dataset/segmented/op/003_particle0002.png,op,val
/sessions/cool-youthful-allen/mnt/Research/color-histogram-analysis/dataset/segmented/bop/003_particle0030.png,bop,val
/sessions/cool-youthful-allen/mnt/Research/color-histogram-analysis/dataset/segmented/opa/9_particle0018.png,opa,val
/sessions/cool-youthful-allen/mnt/Research/color-histogram-analysis/dataset/segmented/bop/003_particle0045.png,bop,val
/sessions/cool-youthful-allen/mnt/Research/color-histogram-analysis/dataset/segmented/bop/005_particle0045.png,bop,val
/sessions/cool-youthful-allen/mnt/Research/color-histogram-analysis/dataset/segmented/op/001_particle0028.png,op,val
/sessions/cool-youthful-allen/mnt/Research/color-histogram-analysis/dataset/segmented/op/008_particle0008.png,op,val
/sessions/cool-youthful-allen/mnt/Research/color-histogram-analysis/dataset/segmented/op/001_particle0035.png,op,val
/sessions/cool-youthful-allen/mnt/Research/color-histogram-analysis/dataset/segmented/bop/007_particle0036.png,bop,val
/sessions/cool-youthful-allen/mnt/Research/color-histogram-analysis/dataset/segmented/op/004_particle0020.png,op,val
/sessions/cool-youthful-allen/mnt/Research/color-histogram-analysis/dataset/segmented/bop/004_particle0036.png,bop,val
/sessions/cool-youthful-allen/mnt/Research/color-histogram-analysis/dataset/segmented/op/002_particle0021.png,op,val
/sessions/cool-youthful-allen/mnt/Research/color-histogram-analysis/dataset/segmented/opa/8_particle0000.png,opa,val
/sessions/cool-youthful-allen/mnt/Research/color-histogram-analysis/dataset/segmented/op/008_particle0006.png,op,val
/sessions/cool-youthful-allen/mnt/Research/color-histogram-analysis/dataset/segmented/opa/5_particle0011.png,opa,val
/sessions/cool-youthful-allen/mnt/Research/color-histogram-analysis/dataset/segmented/bop/005_particle0047.png,bop,val
/sessions/cool-youthful-allen/mnt/Research/color-histogram-analysis/dataset/segmented/bop/005_particle0019.png,bop,val
/sessions/cool-youthful-allen/mnt/Research/color-histogram-analysis/dataset/segmented/op/008_particle0016.png,op,val
/sessions/cool-youthful-allen/mnt/Research/color-histogram-analysis/dataset/segmented/op/008_particle0001.png,op,val
/sessions/cool-youthful-allen/mnt/Research/color-histogram-analysis/dataset/segmented/op/007_particle0029.png,op,val
/sessions/cool-youthful-allen/mnt/Research/color-histogram-analysis/dataset/segmented/bop/006_particle0027.png,bop,val
/sessions/cool-youthful-allen/mnt/Research/color-histogram-analysis/dataset/segmented/op/004_particle0001.png,op,val
/sessions/cool-youthful-allen/mnt/Research/color-histogram-analysis/dataset/segmented/bop/001_particle0040.png,bop,val
/sessions/cool-youthful-allen/mnt/Research/color-histogram-analysis/dataset/segmented/bop/006_particle0017.png,bop,val
/sessions/cool-youthful-allen/mnt/Research/color-histogram-analysis/dataset/segmented/opa/6_particle0010.png,opa,val
/sessions/cool-youthful-allen/mnt/Research/color-histogram-analysis/dataset/segmented/opa/9_particle0016.png,opa,val
/sessions/cool-youthful-allen/mnt/Research/color-histogram-analysis/dataset/segmented/bop/003_particle0002.png,bop,val
/sessions/cool-youthful-allen/mnt/Research/color-histogram-analysis/dataset/segmented/bop/007_particle0030.png,bop,val
/sessions/cool-youthful-allen/mnt/Research/color-histogram-analysis/dataset/segmented/op/003_particle0019.png,op,val
/sessions/cool-youthful-allen/mnt/Research/color-histogram-analysis/dataset/segmented/op/009_particle0003.png,op,val
/sessions/cool-youthful-allen/mnt/Research/color-histogram-analysis/dataset/segmented/opa/1_particle0006.png,opa,val
/sessions/cool-youthful-allen/mnt/Research/color-histogram-analysis/dataset/segmented/bop/001_particle0032.png,bop,val
/sessions/cool-youthful-allen/mnt/Research/color-histogram-analysis/dataset/segmented/op/001_particle0019.png,op,val
/sessions/cool-youthful-allen/mnt/Research/color-histogram-analysis/dataset/segmented/opa/3_particle0015.png,opa,val
/sessions/cool-youthful-allen/mnt/Research/color-histogram-analysis/dataset/segmented/bop/003_particle0031.png,bop,val
/sessions/cool-youthful-allen/mnt/Research/color-histogram-analysis/dataset/segmented/opa/7_particle0016.png,opa,val
/sessions/cool-youthful-allen/mnt/Research/color-histogram-analysis/dataset/segmented/op/010_particle0010.png,op,val
/sessions/cool-youthful-allen/mnt/Research/color-histogram-analysis/dataset/segmented/op/005_particle0004.png,op,val
/sessions/cool-youthful-allen/mnt/Research/color-histogram-analysis/dataset/segmented/bop/005_particle0040.png,bop,val
/sessions/cool-youthful-allen/mnt/Research/color-histogram-analysis/dataset/segmented/op/006_particle0026.png,op,val
/sessions/cool-youthful-allen/mnt/Research/color-histogram-analysis/dataset/segmented/bop/001_particle0004.png,bop,val
/sessions/cool-youthful-allen/mnt/Research/color-histogram-analysis/dataset/segmented/op/001_particle0004.png,op,val
/sessions/cool-youthful-allen/mnt/Research/color-histogram-analysis/dataset/segmented/op/010_particle0015.png,op,val
/sessions/cool-youthful-allen/mnt/Research/color-histogram-analysis/dataset/segmented/bop/006_particle0005.png,bop,val
/sessions/cool-youthful-allen/mnt/Research/color-histogram-analysis/dataset/segmented/bop/005_particle0005.png,bop,val
/sessions/cool-youthful-allen/mnt/Research/color-histogram-analysis/dataset/segmented/op/006_particle0003.png,op,val
/sessions/cool-youthful-allen/mnt/Research/color-histogram-analysis/dataset/segmented/op/003_particle0027.png,op,val
/sessions/cool-youthful-allen/mnt/Research/color-histogram-analysis/dataset/segmented/opa/8_particle0001.png,opa,val
/sessions/cool-youthful-allen/mnt/Research/color-histogram-analysis/dataset/segmented/bop/004_particle0037.png,bop,val
/sessions/cool-youthful-allen/mnt/Research/color-histogram-analysis/dataset/segmented/op/010_particle0005.png,op,val
/sessions/cool-youthful-allen/mnt/Research/color-histogram-analysis/dataset/segmented/bop/002_particle0015.png,bop,val
/sessions/cool-youthful-allen/mnt/Research/color-histogram-analysis/dataset/segmented/bop/006_particle0012.png,bop,val
/sessions/cool-youthful-allen/mnt/Research/color-histogram-analysis/dataset/segmented/bop/001_particle0054.png,bop,val
/sessions/cool-youthful-allen/mnt/Research/color-histogram-analysis/dataset/segmented/op/006_particle0022.png,op,val
/sessions/cool-youthful-allen/mnt/Research/color-histogram-analysis/dataset/segmented/opa/1_particle0007.png,opa,val
/sessions/cool-youthful-allen/mnt/Research/color-histogram-analysis/dataset/segmented/bop/004_particle0014.png,bop,val
/sessions/cool-youthful-allen/mnt/Research/color-histogram-analysis/dataset/segmented/opa/9_particle0014.png,opa,val
/sessions/cool-youthful-allen/mnt/Research/color-histogram-analysis/dataset/segmented/opa/5_particle0010.png,opa,val
/sessions/cool-youthful-allen/mnt/Research/color-histogram-analysis/dataset/segmented/bop/002_particle0002.png,bop,val
/sessions/cool-youthful-allen/mnt/Research/color-histogram-analysis/dataset/segmented/bop/005_particle0011.png,bop,val
/sessions/cool-youthful-allen/mnt/Research/color-histogram-analysis/dataset/segmented/bop/004_particle0039.png,bop,val
/sessions/cool-youthful-allen/mnt/Research/color-histogram-analysis/dataset/segmented/op/007_particle0015.png,op,val
/sessions/cool-youthful-allen/mnt/Research/color-histogram-analysis/dataset/segmented/bop/001_particle0052.png,bop,val
/sessions/cool-youthful-allen/mnt/Research/color-histogram-analysis/dataset/segmented/bop/005_particle0018.png,bop,val
/sessions/cool-youthful-allen/mnt/Research/color-histogram-analysis/dataset/segmented/bop/007_particle0017.png,bop,val
/sessions/cool-youthful-allen/mnt/Research/color-histogram-analysis/dataset/segmented/bop/003_particle0024.png,bop,val
/sessions/cool-youthful-allen/mnt/Research/color-histogram-analysis/dataset/segmented/opa/7_particle0010.png,opa,val
/sessions/cool-youthful-allen/mnt/Research/color-histogram-analysis/dataset/segmented/op/003_particle0015.png,op,val
/sessions/cool-youthful-allen/mnt/Research/color-histogram-analysis/dataset/segmented/opa/10_particle0010.png,opa,val
/sessions/cool-youthful-allen/mnt/Research/color-histogram-analysis/dataset/segmented/opa/2_particle0005.png,opa,val
/sessions/cool-youthful-allen/mnt/Research/color-histogram-analysis/dataset/segmented/opa/9_particle0015.png,opa,val
/sessions/cool-youthful-allen/mnt/Research/color-histogram-analysis/dataset/segmented/op/005_particle0003.png,op,val
/sessions/cool-youthful-allen/mnt/Research/color-histogram-analysis/dataset/segmented/bop/007_particle0035.png,bop,val
/sessions/cool-youthful-allen/mnt/Research/color-histogram-analysis/dataset/segmented/bop/001_particle0048.png,bop,test
/sessions/cool-youthful-allen/mnt/Research/color-histogram-analysis/dataset/segmented/op/003_particle0032.png,op,test
/sessions/cool-youthful-allen/mnt/Research/color-histogram-analysis/dataset/segmented/op/003_particle0012.png,op,test
/sessions/cool-youthful-allen/mnt/Research/color-histogram-analysis/dataset/segmented/bop/006_particle0029.png,bop,test
/sessions/cool-youthful-allen/mnt/Research/color-histogram-analysis/dataset/segmented/op/004_particle0010.png,op,test
/sessions/cool-youthful-allen/mnt/Research/color-histogram-analysis/dataset/segmented/op/007_particle0006.png,op,test
/sessions/cool-youthful-allen/mnt/Research/color-histogram-analysis/dataset/segmented/bop/003_particle0026.png,bop,test
/sessions/cool-youthful-allen/mnt/Research/color-histogram-analysis/dataset/segmented/op/006_particle0025.png,op,test
/sessions/cool-youthful-allen/mnt/Research/color-histogram-analysis/dataset/segmented/op/002_particle0015.png,op,test
/sessions/cool-youthful-allen/mnt/Research/color-histogram-analysis/dataset/segmented/opa/4_particle0005.png,opa,test
/sessions/cool-youthful-allen/mnt/Research/color-histogram-analysis/dataset/segmented/bop/002_particle0043.png,bop,test
/sessions/cool-youthful-allen/mnt/Research/color-histogram-analysis/dataset/segmented/opa/7_particle0006.png,opa,test
/sessions/cool-youthful-allen/mnt/Research/color-histogram-analysis/dataset/segmented/bop/002_particle0032.png,bop,test
/sessions/cool-youthful-allen/mnt/Research/color-histogram-analysis/dataset/segmented/op/008_particle0013.png,op,test
/sessions/cool-youthful-allen/mnt/Research/color-histogram-analysis/dataset/segmented/bop/003_particle0018.png,bop,test
/sessions/cool-youthful-allen/mnt/Research/color-histogram-analysis/dataset/segmented/op/009_particle0012.png,op,test
/sessions/cool-youthful-allen/mnt/Research/color-histogram-analysis/dataset/segmented/opa/7_particle0002.png,opa,test
/sessions/cool-youthful-allen/mnt/Research/color-histogram-analysis/dataset/segmented/bop/001_particle0027.png,bop,test
/sessions/cool-youthful-allen/mnt/Research/color-histogram-analysis/dataset/segmented/bop/003_particle0001.png,bop,test
/sessions/cool-youthful-allen/mnt/Research/color-histogram-analysis/dataset/segmented/bop/002_particle0006.png,bop,test
/sessions/cool-youthful-allen/mnt/Research/color-histogram-analysis/dataset/segmented/opa/5_particle0014.png,opa,test
/sessions/cool-youthful-allen/mnt/Research/color-histogram-analysis/dataset/segmented/opa/3_particle0000.png,opa,test
/sessions/cool-youthful-allen/mnt/Research/color-histogram-analysis/dataset/segmented/op/005_particle0005.png,op,test
/sessions/cool-youthful-allen/mnt/Research/color-histogram-analysis/dataset/segmented/bop/003_particle0047.png,bop,test
/sessions/cool-youthful-allen/mnt/Research/color-histogram-analysis/dataset/segmented/op/009_particle0001.png,op,test
/sessions/cool-youthful-allen/mnt/Research/color-histogram-analysis/dataset/segmented/opa/10_particle0002.png,opa,test
/sessions/cool-youthful-allen/mnt/Research/color-histogram-analysis/dataset/segmented/op/006_particle0020.png,op,test
/sessions/cool-youthful-allen/mnt/Research/color-histogram-analysis/dataset/segmented/bop/005_particle0020.png,bop,test
/sessions/cool-youthful-allen/mnt/Research/color-histogram-analysis/dataset/segmented/opa/4_particle0001.png,opa,test
/sessions/cool-youthful-allen/mnt/Research/color-histogram-analysis/dataset/segmented/bop/001_particle0034.png,bop,test
/sessions/cool-youthful-allen/mnt/Research/color-histogram-analysis/dataset/segmented/op/007_particle0020.png,op,test
/sessions/cool-youthful-allen/mnt/Research/color-histogram-analysis/dataset/segmented/bop/007_particle0018.png,bop,test
/sessions/cool-youthful-allen/mnt/Research/color-histogram-analysis/dataset/segmented/op/001_particle0046.png,op,test
/sessions/cool-youthful-allen/mnt/Research/color-histogram-analysis/dataset/segmented/bop/005_particle0004.png,bop,test
/sessions/cool-youthful-allen/mnt/Research/color-histogram-analysis/dataset/segmented/bop/006_particle0004.png,bop,test
/sessions/cool-youthful-allen/mnt/Research/color-histogram-analysis/dataset/segmented/bop/001_particle0020.png,bop,test
/sessions/cool-youthful-allen/mnt/Research/color-histogram-analysis/dataset/segmented/op/002_particle0003.png,op,test
/sessions/cool-youthful-allen/mnt/Research/color-histogram-analysis/dataset/segmented/bop/004_particle0008.png,bop,test
/sessions/cool-youthful-allen/mnt/Research/color-histogram-analysis/dataset/segmented/bop/005_particle0046.png,bop,test
/sessions/cool-youthful-allen/mnt/Research/color-histogram-analysis/dataset/segmented/opa/5_particle0000.png,opa,test
/sessions/cool-youthful-allen/mnt/Research/color-histogram-analysis/dataset/segmented/op/003_particle0030.png,op,test
/sessions/cool-youthful-allen/mnt/Research/color-histogram-analysis/dataset/segmented/op/009_particle0005.png,op,test
/sessions/cool-youthful-allen/mnt/Research/color-histogram-analysis/dataset/segmented/bop/002_particle0008.png,bop,test
/sessions/cool-youthful-allen/mnt/Research/color-histogram-analysis/dataset/segmented/op/007_particle0018.png,op,test
/sessions/cool-youthful-allen/mnt/Research/color-histogram-analysis/dataset/segmented/bop/004_particle0004.png,bop,test
/sessions/cool-youthful-allen/mnt/Research/color-histogram-analysis/dataset/segmented/op/008_particle0007.png,op,test
/sessions/cool-youthful-allen/mnt/Research/color-histogram-analysis/dataset/segmented/bop/005_particle0016.png,bop,test
/sessions/cool-youthful-allen/mnt/Research/color-histogram-analysis/dataset/segmented/bop/004_particle0035.png,bop,test
/sessions/cool-youthful-allen/mnt/Research/color-histogram-analysis/dataset/segmented/opa/5_particle0003.png,opa,test
/sessions/cool-youthful-allen/mnt/Research/color-histogram-analysis/dataset/segmented/op/010_particle0002.png,op,test
/sessions/cool-youthful-allen/mnt/Research/color-histogram-analysis/dataset/segmented/bop/001_particle0050.png,bop,test
/sessions/cool-youthful-allen/mnt/Research/color-histogram-analysis/dataset/segmented/op/006_particle0016.png,op,test
/sessions/cool-youthful-allen/mnt/Research/color-histogram-analysis/dataset/segmented/op/001_particle0021.png,op,test
/sessions/cool-youthful-allen/mnt/Research/color-histogram-analysis/dataset/segmented/op/005_particle0010.png,op,test
/sessions/cool-youthful-allen/mnt/Research/color-histogram-analysis/dataset/segmented/opa/8_particle0014.png,opa,test
/sessions/cool-youthful-allen/mnt/Research/color-histogram-analysis/dataset/segmented/op/005_particle0002.png,op,test
/sessions/cool-youthful-allen/mnt/Research/color-histogram-analysis/dataset/segmented/opa/4_particle0011.png,opa,test
/sessions/cool-youthful-allen/mnt/Research/color-histogram-analysis/dataset/segmented/bop/007_particle0023.png,bop,test
/sessions/cool-youthful-allen/mnt/Research/color-histogram-analysis/dataset/segmented/op/006_particle0006.png,op,test
/sessions/cool-youthful-allen/mnt/Research/color-histogram-analysis/dataset/segmented/opa/10_particle0004.png,opa,test
/sessions/cool-youthful-allen/mnt/Research/color-histogram-analysis/dataset/segmented/bop/004_particle0022.png,bop,test
/sessions/cool-youthful-allen/mnt/Research/color-histogram-analysis/dataset/segmented/op/004_particle0015.png,op,test
/sessions/cool-youthful-allen/mnt/Research/color-histogram-analysis/dataset/segmented/opa/1_particle0010.png,opa,test
/sessions/cool-youthful-allen/mnt/Research/color-histogram-analysis/dataset/segmented/opa/2_particle0014.png,opa,test
/sessions/cool-youthful-allen/mnt/Research/color-histogram-analysis/dataset/segmented/op/002_particle0005.png,op,test
/sessions/cool-youthful-allen/mnt/Research/color-histogram-analysis/dataset/segmented/bop/001_particle0021.png,bop,test
/sessions/cool-youthful-allen/mnt/Research/color-histogram-analysis/dataset/segmented/bop/006_particle0010.png,bop,test
/sessions/cool-youthful-allen/mnt/Research/color-histogram-analysis/dataset/segmented/bop/001_particle0011.png,bop,test
/sessions/cool-youthful-allen/mnt/Research/color-histogram-analysis/dataset/segmented/bop/001_particle0013.png,bop,test
/sessions/cool-youthful-allen/mnt/Research/color-histogram-analysis/dataset/segmented/opa/5_particle0016.png,opa,test
/sessions/cool-youthful-allen/mnt/Research/color-histogram-analysis/dataset/segmented/op/003_particle0020.png,op,test
/sessions/cool-youthful-allen/mnt/Research/color-histogram-analysis/dataset/segmented/opa/1_particle0014.png,opa,test
/sessions/cool-youthful-allen/mnt/Research/color-histogram-analysis/dataset/segmented/opa/3_particle0009.png,opa,test
/sessions/cool-youthful-allen/mnt/Research/color-histogram-analysis/dataset/segmented/opa/5_particle0006.png,opa,test
/sessions/cool-youthful-allen/mnt/Research/color-histogram-analysis/dataset/segmented/bop/005_particle0009.png,bop,test
/sessions/cool-youthful-allen/mnt/Research/color-histogram-analysis/dataset/segmented/bop/001_particle0008.png,bop,test
/sessions/cool-youthful-allen/mnt/Research/color-histogram-analysis/dataset/segmented/bop/002_particle0031.png,bop,test
/sessions/cool-youthful-allen/mnt/Research/color-histogram-analysis/dataset/segmented/bop/002_particle0035.png,bop,test
/sessions/cool-youthful-allen/mnt/Research/color-histogram-analysis/dataset/segmented/opa/2_particle0004.png,opa,test
/sessions/cool-youthful-allen/mnt/Research/color-histogram-analysis/dataset/segmented/op/009_particle0027.png,op,test
/sessions/cool-youthful-allen/mnt/Research/color-histogram-analysis/dataset/segmented/bop/004_particle0038.png,bop,test
/sessions/cool-youthful-allen/mnt/Research/color-histogram-analysis/dataset/segmented/op/003_particle0018.png,op,test
/sessions/cool-youthful-allen/mnt/Research/color-histogram-analysis/dataset/segmented/bop/002_particle0046.png,bop,test
/sessions/cool-youthful-allen/mnt/Research/color-histogram-analysis/dataset/segmented/bop/004_particle0017.png,bop,test
/sessions/cool-youthful-allen/mnt/Research/color-histogram-analysis/dataset/segmented/op/006_particle0010.png,op,test
/sessions/cool-youthful-allen/mnt/Research/color-histogram-analysis/dataset/segmented/bop/001_particle0049.png,bop,test
/sessions/cool-youthful-allen/mnt/Research/color-histogram-analysis/dataset/segmented/op/006_particle0000.png,op,test
/sessions/cool-youthful-allen/mnt/Research/color-histogram-analysis/dataset/segmented/op/007_particle0004.png,op,test
/sessions/cool-youthful-allen/mnt/Research/color-histogram-analysis/dataset/segmented/opa/4_particle0017.png,opa,test
/sessions/cool-youthful-allen/mnt/Research/color-histogram-analysis/dataset/segmented/op/009_particle0002.png,op,test
/sessions/cool-youthful-allen/mnt/Research/color-histogram-analysis/dataset/segmented/op/009_particle0008.png,op,test
/sessions/cool-youthful-allen/mnt/Research/color-histogram-analysis/dataset/segmented/opa/7_particle0007.png,opa,test
/sessions/cool-youthful-allen/mnt/Research/color-histogram-analysis/dataset/segmented/op/005_particle0018.png,op,test
/sessions/cool-youthful-allen/mnt/Research/color-histogram-analysis/dataset/segmented/bop/007_particle0010.png,bop,test
/sessions/cool-youthful-allen/mnt/Research/color-histogram-analysis/dataset/segmented/op/004_particle0019.png,op,test
/sessions/cool-youthful-allen/mnt/Research/color-histogram-analysis/dataset/segmented/bop/001_particle0053.png,bop,test
/sessions/cool-youthful-allen/mnt/Research/color-histogram-analysis/dataset/segmented/opa/2_particle0011.png,opa,test
/sessions/cool-youthful-allen/mnt/Research/color-histogram-analysis/dataset/segmented/opa/6_particle0015.png,opa,test
/sessions/cool-youthful-allen/mnt/Research/color-histogram-analysis/dataset/segmented/opa/10_particle0003.png,opa,test
/sessions/cool-youthful-allen/mnt/Research/color-histogram-analysis/dataset/segmented/bop/006_particle0025.png,bop,test
/sessions/cool-youthful-allen/mnt/Research/color-histogram-analysis/dataset/segmented/op/006_particle0019.png,op,test
/sessions/cool-youthful-allen/mnt/Research/color-histogram-analysis/dataset/segmented/opa/5_particle0019.png,opa,test
/sessions/cool-youthful-allen/mnt/Research/color-histogram-analysis/dataset/segmented/op/006_particle0027.png,op,test
/sessions/cool-youthful-allen/mnt/Research/color-histogram-analysis/dataset/segmented/bop/006_particle0026.png,bop,test
/sessions/cool-youthful-allen/mnt/Research/color-histogram-analysis/dataset/segmented/op/001_particle0012.png,op,test
/sessions/cool-youthful-allen/mnt/Research/color-histogram-analysis/dataset/segmented/op/006_particle0015.png,op,test
/sessions/cool-youthful-allen/mnt/Research/color-histogram-analysis/dataset/segmented/op/002_particle0006.png,op,test
/sessions/cool-youthful-allen/mnt/Research/color-histogram-analysis/dataset/segmented/opa/7_particle0014.png,opa,test
/sessions/cool-youthful-allen/mnt/Research/color-histogram-analysis/dataset/segmented/bop/002_particle0024.png,bop,test
/sessions/cool-youthful-allen/mnt/Research/color-histogram-analysis/dataset/segmented/op/004_particle0018.png,op,test
/sessions/cool-youthful-allen/mnt/Research/color-histogram-analysis/dataset/segmented/op/004_particle0022.png,op,test
/sessions/cool-youthful-allen/mnt/Research/color-histogram-analysis/dataset/segmented/op/005_particle0013.png,op,test
/sessions/cool-youthful-allen/mnt/Research/color-histogram-analysis/dataset/segmented/bop/003_particle0017.png,bop,test
/sessions/cool-youthful-allen/mnt/Research/color-histogram-analysis/dataset/segmented/op/001_particle0015.png,op,test
/sessions/cool-youthful-allen/mnt/Research/color-histogram-analysis/dataset/segmented/opa/2_particle0017.png,opa,test
/sessions/cool-youthful-allen/mnt/Research/color-histogram-analysis/dataset/segmented/op/009_particle0016.png,op,test
/sessions/cool-youthful-allen/mnt/Research/color-histogram-analysis/dataset/segmented/bop/006_particle0013.png,bop,test
/sessions/cool-youthful-allen/mnt/Research/color-histogram-analysis/dataset/segmented/bop/006_particle0023.png,bop,test
/sessions/cool-youthful-allen/mnt/Research/color-histogram-analysis/dataset/segmented/opa/10_particle0000.png,opa,test
/sessions/cool-youthful-allen/mnt/Research/color-histogram-analysis/dataset/segmented/bop/007_particle0044.png,bop,test
/sessions/cool-youthful-allen/mnt/Research/color-histogram-analysis/dataset/segmented/op/005_particle0014.png,op,test
/sessions/cool-youthful-allen/mnt/Research/color-histogram-analysis/dataset/segmented/bop/007_particle0041.png,bop,test
/sessions/cool-youthful-allen/mnt/Research/color-histogram-analysis/dataset/segmented/bop/003_particle0034.png,bop,test
/sessions/cool-youthful-allen/mnt/Research/color-histogram-analysis/dataset/segmented/bop/007_particle0002.png,bop,test
/sessions/cool-youthful-allen/mnt/Research/color-histogram-analysis/dataset/segmented/op/005_particle0007.png,op,test
/sessions/cool-youthful-allen/mnt/Research/color-histogram-analysis/dataset/segmented/bop/004_particle0009.png,bop,test
/sessions/cool-youthful-allen/mnt/Research/color-histogram-analysis/dataset/segmented/opa/3_particle0002.png,opa,test
